{"Mean":{"confidence_interval":{"confidence_level":0.95,"lower_bound":36.62723394077612,"upper_bound":37.37737799995743},"point_estimate":36.9515896093474,"standard_error":0.19319235417859743},"Median":{"confidence_interval":{"confidence_level":0.95,"lower_bound":36.54274514522908,"upper_bound":36.87688944009689},"point_estimate":36.66558737237493,"standard_error":0.0875885874054636},"MedianAbsDev":{"confidence_interval":{"confidence_level":0.95,"lower_bound":0.16239659248186378,"upper_bound":0.5674521272218838},"point_estimate":0.300016443713628,"standard_error":0.1071999858930467},"Slope":{"confidence_interval":{"confidence_level":0.95,"lower_bound":36.60241924016854,"upper_bound":36.76321843173808},"point_estimate":36.67162200106583,"standard_error":0.04106324629125921},"StdDev":{"confidence_interval":{"confidence_level":0.95,"lower_bound":0.4603880617435613,"upper_bound":1.682731208392282},"point_estimate":1.10755215100438,"standard_error":0.3530271048934795}}