{"Mean":{"confidence_interval":{"confidence_level":0.95,"lower_bound":1640274.175577836,"upper_bound":1743165.9815018505},"point_estimate":1682763.643213399,"standard_error":26964.54069392602},"Median":{"confidence_interval":{"confidence_level":0.95,"lower_bound":1627206.9782608696,"upper_bound":1643678.2948717948},"point_estimate":1635671.6742424243,"standard_error":4530.1483471561805},"MedianAbsDev":{"confidence_interval":{"confidence_level":0.95,"lower_bound":7777.972798812507,"upper_bound":29700.490471749377},"point_estimate":17221.103089718883,"standard_error":6018.713962796817},"Slope":{"confidence_interval":{"confidence_level":0.95,"lower_bound":1626765.553921542,"upper_bound":1633474.1122502568},"point_estimate":1629582.7442744756,"standard_error":1713.5421792365628},"StdDev":{"confidence_interval":{"confidence_level":0.95,"lower_bound":23512.61682335845,"upper_bound":241840.4618242757},"point_estimate":155170.44863070725,"standard_error":59911.67855499848}}