{"Mean":{"confidence_interval":{"confidence_level":0.95,"lower_bound":15958.527671906817,"upper_bound":16358.049207398451},"point_estimate":16144.577914235848,"standard_error":102.0693237571081},"Median":{"confidence_interval":{"confidence_level":0.95,"lower_bound":15776.532983680943,"upper_bound":16210.17462322695},"point_estimate":15868.24664962697,"standard_error":122.07830227898776},"MedianAbsDev":{"confidence_interval":{"confidence_level":0.95,"lower_bound":93.09512012798008,"upper_bound":640.4799541578868},"point_estimate":288.58041776674435,"standard_error":144.03484230189562},"Slope":{"confidence_interval":{"confidence_level":0.95,"lower_bound":15870.01495181047,"upper_bound":16491.861815355987},"point_estimate":16156.208678954024,"standard_error":159.2780334655106},"StdDev":{"confidence_interval":{"confidence_level":0.95,"lower_bound":364.03239840832566,"upper_bound":747.0854140411965},"point_estimate":585.8547080097272,"standard_error":98.1978211463453}}