{"Mean":{"confidence_interval":{"confidence_level":0.95,"lower_bound":190.4290267753315,"upper_bound":195.34622221920364},"point_estimate":192.36719499360947,"standard_error":1.3088681942109803},"Median":{"confidence_interval":{"confidence_level":0.95,"lower_bound":189.4404646419609,"upper_bound":192.38152867697195},"point_estimate":190.46450145394135,"standard_error":0.9244075194635238},"MedianAbsDev":{"confidence_interval":{"confidence_level":0.95,"lower_bound":1.097251510848829,"upper_bound":4.072762619105303},"point_estimate":2.749059319450463,"standard_error":0.7223248538844643},"Slope":{"confidence_interval":{"confidence_level":0.95,"lower_bound":189.65158932176382,"upper_bound":190.71429186855272},"point_estimate":190.15201184257234,"standard_error":0.2714133961006239},"StdDev":{"confidence_interval":{"confidence_level":0.95,"lower_bound":1.8728292270017761,"upper_bound":12.10423482408012},"point_estimate":7.50906430513306,"standard_error":3.2710928866939453}}