{"Mean":{"confidence_interval":{"confidence_level":0.95,"lower_bound":323255.0455141364,"upper_bound":354142.993941836},"point_estimate":334206.1343268648,"standard_error":9078.593989049501},"Median":{"confidence_interval":{"confidence_level":0.95,"lower_bound":323112.3313343328,"upper_bound":323907.075862069},"point_estimate":323436.5561114532,"standard_error":198.52284394605874},"MedianAbsDev":{"confidence_interval":{"confidence_level":0.95,"lower_bound":474.26835064281113,"upper_bound":1376.4436878309634},"point_estimate":818.1448902163871,"standard_error":215.15684442930268},"Slope":{"confidence_interval":{"confidence_level":0.95,"lower_bound":323196.34185831645,"upper_bound":323847.20962203713},"point_estimate":323493.0014649144,"standard_error":164.77101121612293},"StdDev":{"confidence_interval":{"confidence_level":0.95,"lower_bound":805.1496048298901,"upper_bound":86571.81573298742},"point_estimate":52211.56676051171,"standard_error":28602.020330513526}}