{"Mean":{"confidence_interval":{"confidence_level":0.95,"lower_bound":4.360954046232774,"upper_bound":4.3730037525171195},"point_estimate":4.366444428653033,"standard_error":0.003092940068117368},"Median":{"confidence_interval":{"confidence_level":0.95,"lower_bound":4.359568833144452,"upper_bound":4.367777164083803},"point_estimate":4.362302372746608,"standard_error":0.002281891847294934},"MedianAbsDev":{"confidence_interval":{"confidence_level":0.95,"lower_bound":0.005932379457604701,"upper_bound":0.014861699084632824},"point_estimate":0.009517996378808886,"standard_error":0.002034212687122506},"Slope":{"confidence_interval":{"confidence_level":0.95,"lower_bound":4.361456836792736,"upper_bound":4.371295309320149},"point_estimate":4.3662018892727685,"standard_error":0.002524828933969734},"StdDev":{"confidence_interval":{"confidence_level":0.95,"lower_bound":0.008338838831507342,"upper_bound":0.02440408240832007},"point_estimate":0.017753895348095426,"standard_error":0.00411971281475281}}