{"Mean":{"confidence_interval":{"confidence_level":0.95,"lower_bound":118.3062428883349,"upper_bound":121.8646986483584},"point_estimate":119.60243366206413,"standard_error":1.0248348437563408},"Median":{"confidence_interval":{"confidence_level":0.95,"lower_bound":118.09854213324971,"upper_bound":118.4486782401985},"point_estimate":118.19493443058681,"standard_error":0.11460637837555919},"MedianAbsDev":{"confidence_interval":{"confidence_level":0.95,"lower_bound":0.28956551123162655,"upper_bound":0.925073413471776},"point_estimate":0.4218034874684505,"standard_error":0.16715065661221035},"Slope":{"confidence_interval":{"confidence_level":0.95,"lower_bound":118.20164980989313,"upper_bound":118.71496048772677},"point_estimate":118.44182074724942,"standard_error":0.13136789762867784},"StdDev":{"confidence_interval":{"confidence_level":0.95,"lower_bound":0.593886892399254,"upper_bound":9.740646043825395},"point_estimate":5.863684902124414,"standard_error":3.098740956010013}}