{"Mean":{"confidence_interval":{"confidence_level":0.95,"lower_bound":42652.202505307854,"upper_bound":48119.54828025478},"point_estimate":45142.025774946924,"standard_error":1377.3471124901766},"Median":{"confidence_interval":{"confidence_level":0.95,"lower_bound":42225.231422505305,"upper_bound":50377.87261146497},"point_estimate":43642.90127388535,"standard_error":2227.988675174757},"MedianAbsDev":{"confidence_interval":{"confidence_level":0.95,"lower_bound":0.0,"upper_bound":5185.502006028109},"point_estimate":2101.837284340982,"standard_error":1848.022007054045},"Slope":{"confidence_interval":{"confidence_level":0.95,"lower_bound":42603.23548416874,"upper_bound":45157.098481136694},"point_estimate":43287.42142443544,"standard_error":729.6103789907687},"StdDev":{"confidence_interval":{"confidence_level":0.95,"lower_bound":580.080401410364,"upper_bound":4336.917434078131},"point_estimate":3454.5312998011923,"standard_error":1003.0889177127502}}