{"Mean":{"confidence_interval":{"confidence_level":0.95,"lower_bound":1361523.5840246396,"upper_bound":1404835.085193296},"point_estimate":1379751.4288540361,"standard_error":11284.151143396479},"Median":{"confidence_interval":{"confidence_level":0.95,"lower_bound":1358262.4083333332,"upper_bound":1365464.9987244897},"point_estimate":1360224.5295566502,"standard_error":1636.2110359548988},"MedianAbsDev":{"confidence_interval":{"confidence_level":0.95,"lower_bound":3551.302917597006,"upper_bound":11881.624362183908},"point_estimate":6900.018764643102,"standard_error":2339.1882373796616},"Slope":{"confidence_interval":{"confidence_level":0.95,"lower_bound":1357169.8656626996,"upper_bound":1360804.6183728517},"point_estimate":1358794.576023976,"standard_error":927.2426120179266},"StdDev":{"confidence_interval":{"confidence_level":0.95,"lower_bound":9060.736192464048,"upper_bound":98864.40460647136},"point_estimate":64960.155894890806,"standard_error":23337.7968680603}}