{"Mean":{"confidence_interval":{"confidence_level":0.95,"lower_bound":1690.8350222375022,"upper_bound":1724.0628888414954},"point_estimate":1705.6335694305076,"standard_error":8.528708403125933},"Median":{"confidence_interval":{"confidence_level":0.95,"lower_bound":1677.740638498126,"upper_bound":1697.267229514595},"point_estimate":1692.107358106859,"standard_error":6.229769611507001},"MedianAbsDev":{"confidence_interval":{"confidence_level":0.95,"lower_bound":7.9054529019727715,"upper_bound":34.87524207511576},"point_estimate":22.824375924976707,"standard_error":7.111265509027615},"Slope":{"confidence_interval":{"confidence_level":0.95,"lower_bound":1680.9162870106143,"upper_bound":1689.5275923899171},"point_estimate":1685.1192938278214,"standard_error":2.19904528307113},"StdDev":{"confidence_interval":{"confidence_level":0.95,"lower_bound":21.955192011179754,"upper_bound":69.26867330693575},"point_estimate":48.99170628529395,"standard_error":12.275615180217525}}