{"Mean":{"confidence_interval":{"confidence_level":0.95,"lower_bound":-0.06003318001494489,"upper_bound":-0.02343382824128693},"point_estimate":-0.043680190505985705,"standard_error":0.009287190530330398},"Median":{"confidence_interval":{"confidence_level":0.95,"lower_bound":-0.049435886491301484,"upper_bound":-0.04257789739925921},"point_estimate":-0.045020967801574385,"standard_error":0.0017092031026086716}}