{"Mean":{"confidence_interval":{"confidence_level":0.95,"lower_bound":44.26745189475149,"upper_bound":45.41248691385096},"point_estimate":44.7833693430399,"standard_error":0.29438532047542726},"Median":{"confidence_interval":{"confidence_level":0.95,"lower_bound":43.89037808909997,"upper_bound":44.30122612072423},"point_estimate":43.96272520970368,"standard_error":0.15410207487589397},"MedianAbsDev":{"confidence_interval":{"confidence_level":0.95,"lower_bound":0.0784193563779454,"upper_bound":0.6995980999226032},"point_estimate":0.19544819902613783,"standard_error":0.20781292382165262},"Slope":{"confidence_interval":{"confidence_level":0.95,"lower_bound":43.94547964284594,"upper_bound":46.34094851789393},"point_estimate":45.07646056264659,"standard_error":0.6241559989566042},"StdDev":{"confidence_interval":{"confidence_level":0.95,"lower_bound":0.6666088899113123,"upper_bound":2.3107089468839397},"point_estimate":1.6924847157408165,"standard_error":0.3978943587308072}}