{"Mean":{"confidence_interval":{"confidence_level":0.95,"lower_bound":43.53070983109765,"upper_bound":44.048547001458424},"point_estimate":43.73476787749665,"standard_error":0.13798043209020364},"Median":{"confidence_interval":{"confidence_level":0.95,"lower_bound":43.512465131499525,"upper_bound":43.75979276673212},"point_estimate":43.70074812971376,"standard_error":0.05548238327492596},"MedianAbsDev":{"confidence_interval":{"confidence_level":0.95,"lower_bound":0.11228837380684306,"upper_bound":0.38252670139382483},"point_estimate":0.22957282222045558,"standard_error":0.06766910627974342},"Slope":{"confidence_interval":{"confidence_level":0.95,"lower_bound":43.515797155524,"upper_bound":43.67907513430173},"point_estimate":43.600827581033315,"standard_error":0.04138198032753393},"StdDev":{"confidence_interval":{"confidence_level":0.95,"lower_bound":0.2147747481111129,"upper_bound":1.2961611983466126},"point_estimate":0.7924869141977643,"standard_error":0.35505188943317956}}