{"Mean":{"confidence_interval":{"confidence_level":0.95,"lower_bound":195.80923010451377,"upper_bound":199.88541289344323},"point_estimate":197.37090458408872,"standard_error":1.1183623005083752},"Median":{"confidence_interval":{"confidence_level":0.95,"lower_bound":195.4208651477128,"upper_bound":196.88022528429244},"point_estimate":195.98156215672418,"standard_error":0.40742166965701},"MedianAbsDev":{"confidence_interval":{"confidence_level":0.95,"lower_bound":1.1077048718482025,"upper_bound":2.5345686392967126},"point_estimate":1.6962156055946476,"standard_error":0.36750273856380095},"Slope":{"confidence_interval":{"confidence_level":0.95,"lower_bound":195.36905697043287,"upper_bound":196.29838116396576},"point_estimate":195.81610924974336,"standard_error":0.23810482397853358},"StdDev":{"confidence_interval":{"confidence_level":0.95,"lower_bound":1.3440908004461,"upper_bound":10.614937470689844},"point_estimate":6.459572387076107,"standard_error":3.1012135968314953}}