{"Mean":{"confidence_interval":{"confidence_level":0.95,"lower_bound":1753.5396447982735,"upper_bound":1805.0136937686354},"point_estimate":1774.0913007874667,"standard_error":13.554057663574687},"Median":{"confidence_interval":{"confidence_level":0.95,"lower_bound":1754.9116736190115,"upper_bound":1763.8960940462648},"point_estimate":1759.777615255431,"standard_error":2.269214389032496},"MedianAbsDev":{"confidence_interval":{"confidence_level":0.95,"lower_bound":5.9854716419352965,"upper_bound":22.007463152572143},"point_estimate":11.320324475959044,"standard_error":3.909568517695553},"Slope":{"confidence_interval":{"confidence_level":0.95,"lower_bound":1742.8020258113258,"upper_bound":1762.2110869664004},"point_estimate":1752.4901118032517,"standard_error":4.970725696691538},"StdDev":{"confidence_interval":{"confidence_level":0.95,"lower_bound":15.33453057865563,"upper_bound":124.065012151291},"point_estimate":77.82070659787823,"standard_error":32.31884022064884}}