{"Mean":{"confidence_interval":{"confidence_level":0.95,"lower_bound":129176183.0,"upper_bound":132040624.16666667},"point_estimate":130759971.83333334,"standard_error":749290.1626282834},"Median":{"confidence_interval":{"confidence_level":0.95,"lower_bound":127758180.0,"upper_bound":132439100.0},"point_estimate":131545687.5,"standard_error":1097331.0818776202},"MedianAbsDev":{"confidence_interval":{"confidence_level":0.95,"lower_bound":0.0,"upper_bound":3368207.68520236},"point_estimate":1324573.3489841223,"standard_error":989420.867762512},"Slope":{"confidence_interval":{"confidence_level":0.95,"lower_bound":128097433.92857143,"upper_bound":131767286.1111111},"point_estimate":129796368.18181819,"standard_error":1144630.7378521212},"StdDev":{"confidence_interval":{"confidence_level":0.95,"lower_bound":320846.03091215424,"upper_bound":2428279.7007452105},"point_estimate":1875830.5963842769,"standard_error":600519.0498901646}}