{"Mean":{"confidence_interval":{"confidence_level":0.95,"lower_bound":412.93335099352396,"upper_bound":422.7370330676569},"point_estimate":416.9453284219976,"standard_error":2.57168953672863},"Median":{"confidence_interval":{"confidence_level":0.95,"lower_bound":410.25445861896765,"upper_bound":416.9952376628683},"point_estimate":412.43643132189004,"standard_error":2.1092777810760253},"MedianAbsDev":{"confidence_interval":{"confidence_level":0.95,"lower_bound":2.1182645481290323,"upper_bound":8.423621788815682},"point_estimate":5.461510304088192,"standard_error":1.649104521867922},"Slope":{"confidence_interval":{"confidence_level":0.95,"lower_bound":410.4259336963902,"upper_bound":412.8765831618957},"point_estimate":411.51212154282365,"standard_error":0.6295003391988097},"StdDev":{"confidence_interval":{"confidence_level":0.95,"lower_bound":4.025518521372525,"upper_bound":23.23125910722376},"point_estimate":14.790931892727293,"standard_error":5.765716205441413}}