{"Mean":{"confidence_interval":{"confidence_level":0.95,"lower_bound":127.77513829486239,"upper_bound":129.7705374760958},"point_estimate":128.69791682988935,"standard_error":0.5120011064718184},"Median":{"confidence_interval":{"confidence_level":0.95,"lower_bound":127.04110209226477,"upper_bound":127.84743621810905},"point_estimate":127.26739409543953,"standard_error":0.2842931968270754},"MedianAbsDev":{"confidence_interval":{"confidence_level":0.95,"lower_bound":0.23620857643459903,"upper_bound":2.086949452332822},"point_estimate":0.5271574118962898,"standard_error":0.45831205837332906},"Slope":{"confidence_interval":{"confidence_level":0.95,"lower_bound":127.04224579387578,"upper_bound":130.3309714464575},"point_estimate":128.61851135114955,"standard_error":0.8436483699953007},"StdDev":{"confidence_interval":{"confidence_level":0.95,"lower_bound":1.733972805408914,"upper_bound":3.7985097444583866},"point_estimate":2.9532369748213587,"standard_error":0.5264112232028458}}