{"Mean":{"confidence_interval":{"confidence_level":0.95,"lower_bound":-0.2803463209507369,"upper_bound":-0.1942669770851703},"point_estimate":-0.2351634449204124,"standard_error":0.022128556857285618},"Median":{"confidence_interval":{"confidence_level":0.95,"lower_bound":-0.2199565900648922,"upper_bound":-0.18806468529209597},"point_estimate":-0.19923984689104413,"standard_error":0.008588375663285325}}