{"Mean":{"confidence_interval":{"confidence_level":0.95,"lower_bound":-0.07089755155567684,"upper_bound":-0.009736891994711559},"point_estimate":-0.04064952976892111,"standard_error":0.015560126923453854},"Median":{"confidence_interval":{"confidence_level":0.95,"lower_bound":-0.05534447457300275,"upper_bound":-0.00921344200174834},"point_estimate":-0.037906157989651135,"standard_error":0.011530767266297483}}