{"Mean":{"confidence_interval":{"confidence_level":0.95,"lower_bound":29652.93731599112,"upper_bound":34374.900132329116},"point_estimate":31861.129669592472,"standard_error":1207.8532585208313},"Median":{"confidence_interval":{"confidence_level":0.95,"lower_bound":27780.94806048652,"upper_bound":30894.533823348127},"point_estimate":28144.12233727811,"standard_error":769.2575748197221},"MedianAbsDev":{"confidence_interval":{"confidence_level":0.95,"lower_bound":752.1183665607483,"upper_bound":5021.290900222467},"point_estimate":1567.3300537517941,"standard_error":1088.570547032529},"Slope":{"confidence_interval":{"confidence_level":0.95,"lower_bound":32005.64161770332,"upper_bound":39001.66668108313},"point_estimate":35579.815732972645,"standard_error":1794.487459584728},"StdDev":{"confidence_interval":{"confidence_level":0.95,"lower_bound":4385.735822389131,"upper_bound":8640.888975709226},"point_estimate":6950.951797315191,"standard_error":1089.1131988878647}}