{"Mean":{"confidence_interval":{"confidence_level":0.95,"lower_bound":50158419.42857143,"upper_bound":51057008.571428575},"point_estimate":50604009.71428572,"standard_error":233704.2076792062},"Median":{"confidence_interval":{"confidence_level":0.95,"lower_bound":49902662.85714286,"upper_bound":51364692.85714286},"point_estimate":50561728.571428575,"standard_error":372375.6721796289},"MedianAbsDev":{"confidence_interval":{"confidence_level":0.95,"lower_bound":0.0,"upper_bound":977130.8106524636},"point_estimate":617820.5890314888,"standard_error":287008.43363218306},"Slope":{"confidence_interval":{"confidence_level":0.95,"lower_bound":49991488.72870249,"upper_bound":51097209.774436094},"point_estimate":50287152.72727273,"standard_error":283870.3166345087},"StdDev":{"confidence_interval":{"confidence_level":0.95,"lower_bound":191268.62938478967,"upper_bound":747098.0600095278},"point_estimate":584332.356029914,"standard_error":136909.7782795479}}