{"Mean":{"confidence_interval":{"confidence_level":0.95,"lower_bound":54.69070498689385,"upper_bound":55.89254784882468},"point_estimate":55.179181157278435,"standard_error":0.31473316521114125},"Median":{"confidence_interval":{"confidence_level":0.95,"lower_bound":54.49445995910563,"upper_bound":54.985595897201904},"point_estimate":54.6840350303102,"standard_error":0.14046760334837108},"MedianAbsDev":{"confidence_interval":{"confidence_level":0.95,"lower_bound":0.31509454001403264,"upper_bound":0.9916282027013615},"point_estimate":0.5457482237270674,"standard_error":0.17062717167670094},"Slope":{"confidence_interval":{"confidence_level":0.95,"lower_bound":54.627690335326065,"upper_bound":55.2621687987186},"point_estimate":54.94576241736104,"standard_error":0.16291338862334093},"StdDev":{"confidence_interval":{"confidence_level":0.95,"lower_bound":0.5752865547609695,"upper_bound":2.8580578571418696},"point_estimate":1.8118193190389456,"standard_error":0.7146578321045551}}