{"Mean":{"confidence_interval":{"confidence_level":0.95,"lower_bound":189.7802550260156,"upper_bound":195.4897604179848},"point_estimate":192.0449194847445,"standard_error":1.5083136156981602},"Median":{"confidence_interval":{"confidence_level":0.95,"lower_bound":188.53041260913363,"upper_bound":191.24886626930828},"point_estimate":190.12722211344368,"standard_error":0.6588322208670289},"MedianAbsDev":{"confidence_interval":{"confidence_level":0.95,"lower_bound":1.7174884620477653,"upper_bound":4.277334752033076},"point_estimate":3.327482415530804,"standard_error":0.6960307356327049},"Slope":{"confidence_interval":{"confidence_level":0.95,"lower_bound":188.5555844993642,"upper_bound":190.07512185877462},"point_estimate":189.2959197320267,"standard_error":0.38781818602785856},"StdDev":{"confidence_interval":{"confidence_level":0.95,"lower_bound":2.460642587854106,"upper_bound":13.84293570016543},"point_estimate":8.645686994989235,"standard_error":3.665644597264319}}