{"Mean":{"confidence_interval":{"confidence_level":0.95,"lower_bound":13987.404400041009,"upper_bound":14129.65135608829},"point_estimate":14050.853019097774,"standard_error":36.53940816579354},"Median":{"confidence_interval":{"confidence_level":0.95,"lower_bound":13964.466995884773,"upper_bound":14015.29044834308},"point_estimate":13985.104178537513,"standard_error":12.569586203913124},"MedianAbsDev":{"confidence_interval":{"confidence_level":0.95,"lower_bound":32.75680903398269,"upper_bound":81.34420072251889},"point_estimate":62.03258222837038,"standard_error":12.94447673582981},"Slope":{"confidence_interval":{"confidence_level":0.95,"lower_bound":13953.050788295413,"upper_bound":13996.773995465033},"point_estimate":13971.579546620047,"standard_error":11.196295200691006},"StdDev":{"confidence_interval":{"confidence_level":0.95,"lower_bound":51.766524869252855,"upper_bound":288.42211605365776},"point_estimate":210.31308401578426,"standard_error":54.431978804371624}}