{"Mean":{"confidence_interval":{"confidence_level":0.95,"lower_bound":15.279448954644348,"upper_bound":15.88576423131289},"point_estimate":15.581286069393473,"standard_error":0.1558752027757959},"Median":{"confidence_interval":{"confidence_level":0.95,"lower_bound":14.833249428801226,"upper_bound":16.32445077330802},"point_estimate":15.201120690396465,"standard_error":0.5177118404031192},"MedianAbsDev":{"confidence_interval":{"confidence_level":0.95,"lower_bound":0.2372262481617148,"upper_bound":1.3863505026311385},"point_estimate":0.8812590851390799,"standard_error":0.3558433592692632},"Slope":{"confidence_interval":{"confidence_level":0.95,"lower_bound":14.949249824087682,"upper_bound":15.578619278040259},"point_estimate":15.258907041082013,"standard_error":0.161658570632243},"StdDev":{"confidence_interval":{"confidence_level":0.95,"lower_bound":0.7837625128480281,"upper_bound":0.9590713473651531},"point_estimate":0.8966337061809557,"standard_error":0.04466648442426382}}