{"Mean":{"confidence_interval":{"confidence_level":0.95,"lower_bound":610.9714058240913,"upper_bound":620.3128104507691},"point_estimate":615.252267479349,"standard_error":2.3901287332551124},"Median":{"confidence_interval":{"confidence_level":0.95,"lower_bound":609.9047023603074,"upper_bound":613.7039184801104},"point_estimate":613.0913935209694,"standard_error":1.0023500833780385},"MedianAbsDev":{"confidence_interval":{"confidence_level":0.95,"lower_bound":1.8505566940372473,"upper_bound":11.554763552508499},"point_estimate":5.819364601353687,"standard_error":2.648514865693771},"Slope":{"confidence_interval":{"confidence_level":0.95,"lower_bound":606.352792141808,"upper_bound":610.1322367900049},"point_estimate":608.1313553208306,"standard_error":0.9644740762123859},"StdDev":{"confidence_interval":{"confidence_level":0.95,"lower_bound":7.256112672513,"upper_bound":18.745151229986362},"point_estimate":13.776036009067656,"standard_error":2.96818460247245}}