{"Mean":{"confidence_interval":{"confidence_level":0.95,"lower_bound":27331.729681437275,"upper_bound":27620.405918139077},"point_estimate":27469.747333579497,"standard_error":73.61431878142972},"Median":{"confidence_interval":{"confidence_level":0.95,"lower_bound":27185.283506144395,"upper_bound":27627.65843837535},"point_estimate":27501.753877632786,"standard_error":108.36673481407712},"MedianAbsDev":{"confidence_interval":{"confidence_level":0.95,"lower_bound":182.72971133923315,"upper_bound":567.3375598444125},"point_estimate":407.3734998160919,"standard_error":104.73887788566181},"Slope":{"confidence_interval":{"confidence_level":0.95,"lower_bound":27207.884194088474,"upper_bound":27411.792060501153},"point_estimate":27309.32762758075,"standard_error":52.25425203527614},"StdDev":{"confidence_interval":{"confidence_level":0.95,"lower_bound":285.96111185122083,"upper_bound":537.4246212527221},"point_estimate":423.2917875091041,"standard_error":66.24627694854891}}