{"Mean":{"confidence_interval":{"confidence_level":0.95,"lower_bound":251.68619192818542,"upper_bound":255.69747074027904},"point_estimate":253.40677752674935,"standard_error":1.0342833222447831},"Median":{"confidence_interval":{"confidence_level":0.95,"lower_bound":250.7168016651371,"upper_bound":254.00451521778749},"point_estimate":252.85739901538835,"standard_error":0.7561150152915151},"MedianAbsDev":{"confidence_interval":{"confidence_level":0.95,"lower_bound":2.0704476597651844,"upper_bound":5.389876838322468},"point_estimate":4.384291169646202,"standard_error":0.8324397248469495},"Slope":{"confidence_interval":{"confidence_level":0.95,"lower_bound":250.75566876034407,"upper_bound":252.83279366554422},"point_estimate":251.79218285575823,"standard_error":0.5302419150838261},"StdDev":{"confidence_interval":{"confidence_level":0.95,"lower_bound":2.6531787289180033,"upper_bound":9.049490683240117},"point_estimate":5.9214883172364585,"standard_error":1.9515715869848094}}