{"Mean":{"confidence_interval":{"confidence_level":0.95,"lower_bound":186.7331066545854,"upper_bound":190.97432072965992},"point_estimate":188.58495511194056,"standard_error":1.0971062234860132},"Median":{"confidence_interval":{"confidence_level":0.95,"lower_bound":185.7756385016875,"upper_bound":188.65300510892615},"point_estimate":186.54358853865432,"standard_error":0.7148066333460867},"MedianAbsDev":{"confidence_interval":{"confidence_level":0.95,"lower_bound":1.2796423041250562,"upper_bound":4.209142611237062},"point_estimate":2.1644312220353306,"standard_error":0.7240171859185339},"Slope":{"confidence_interval":{"confidence_level":0.95,"lower_bound":185.40065489254934,"upper_bound":186.86049197865512},"point_estimate":186.08988791717246,"standard_error":0.3705213650203699},"StdDev":{"confidence_interval":{"confidence_level":0.95,"lower_bound":2.322776744201207,"upper_bound":9.38011049907808},"point_estimate":6.320145934004207,"standard_error":1.9184437743664315}}