{"Mean":{"confidence_interval":{"confidence_level":0.95,"lower_bound":1727559.3365548635,"upper_bound":1808921.2114859263},"point_estimate":1766161.6877555836,"standard_error":20781.727190996437},"Median":{"confidence_interval":{"confidence_level":0.95,"lower_bound":1709678.6083333334,"upper_bound":1761424.1075268816},"point_estimate":1738496.53045977,"standard_error":16387.94903341485},"MedianAbsDev":{"confidence_interval":{"confidence_level":0.95,"lower_bound":39312.65871561625,"upper_bound":126197.0395517117},"point_estimate":59805.93067288764,"standard_error":24003.58931568834},"Slope":{"confidence_interval":{"confidence_level":0.95,"lower_bound":1720279.158398942,"upper_bound":1750282.6666924513},"point_estimate":1736761.1943473194,"standard_error":7644.601159476625},"StdDev":{"confidence_interval":{"confidence_level":0.95,"lower_bound":76704.56432770196,"upper_bound":149585.79473811877},"point_estimate":119645.49629756856,"standard_error":18677.840573694924}}