{"Mean":{"confidence_interval":{"confidence_level":0.95,"lower_bound":38.49726437572274,"upper_bound":38.99415912306496},"point_estimate":38.707697408118655,"standard_error":0.12900043958837482},"Median":{"confidence_interval":{"confidence_level":0.95,"lower_bound":38.421765944034604,"upper_bound":38.66498851840933},"point_estimate":38.56796015865053,"standard_error":0.06455804574256911},"MedianAbsDev":{"confidence_interval":{"confidence_level":0.95,"lower_bound":0.15799407067506624,"upper_bound":0.3875957467639229},"point_estimate":0.26487044047984204,"standard_error":0.05863640702177342},"Slope":{"confidence_interval":{"confidence_level":0.95,"lower_bound":38.45036460256095,"upper_bound":38.60766676894654},"point_estimate":38.532391012910225,"standard_error":0.04027096328745323},"StdDev":{"confidence_interval":{"confidence_level":0.95,"lower_bound":0.22471495700555086,"upper_bound":1.1383843280794328},"point_estimate":0.7433156819613823,"standard_error":0.25697673532678805}}