{"Mean":{"confidence_interval":{"confidence_level":0.95,"lower_bound":1844842.0826677184,"upper_bound":1984881.1942442493},"point_estimate":1909136.4775349821,"standard_error":35931.9948489031},"Median":{"confidence_interval":{"confidence_level":0.95,"lower_bound":1810346.8253968256,"upper_bound":1921770.0},"point_estimate":1857103.3333333335,"standard_error":23618.72082215252},"MedianAbsDev":{"confidence_interval":{"confidence_level":0.95,"lower_bound":60604.98042404652,"upper_bound":166636.65930827457},"point_estimate":114425.41863520938,"standard_error":27196.25101124009},"Slope":{"confidence_interval":{"confidence_level":0.95,"lower_bound":1846811.7506906963,"upper_bound":1940894.3441945657},"point_estimate":1888484.2834479113,"standard_error":24023.176096192186},"StdDev":{"confidence_interval":{"confidence_level":0.95,"lower_bound":102948.33701413179,"upper_bound":270157.1515938997},"point_estimate":199885.533981853,"standard_error":42772.05868753793}}