{"Mean":{"confidence_interval":{"confidence_level":0.95,"lower_bound":1045497.4188625774,"upper_bound":1124783.6457151019},"point_estimate":1074612.8876583292,"standard_error":22437.470589911354},"Median":{"confidence_interval":{"confidence_level":0.95,"lower_bound":1043602.0277777778,"upper_bound":1047053.0042735043},"point_estimate":1044322.9336419753,"standard_error":1124.0508149689017},"MedianAbsDev":{"confidence_interval":{"confidence_level":0.95,"lower_bound":3312.1484752717306,"upper_bound":12647.494594906482},"point_estimate":6002.112428301247,"standard_error":2326.8351282979315},"Slope":{"confidence_interval":{"confidence_level":0.95,"lower_bound":1042458.8650462666,"upper_bound":1045318.0433929613},"point_estimate":1043809.7071192696,"standard_error":728.2266142217965},"StdDev":{"confidence_interval":{"confidence_level":0.95,"lower_bound":8593.63646339798,"upper_bound":211698.62714054744},"point_estimate":128626.84123740294,"standard_error":66245.46610708415}}