{"Mean":{"confidence_interval":{"confidence_level":0.95,"lower_bound":224080.36858660175,"upper_bound":226466.33386920058},"point_estimate":225116.79276059268,"standard_error":615.7137242591514},"Median":{"confidence_interval":{"confidence_level":0.95,"lower_bound":224073.50852713178,"upper_bound":224720.78200159012},"point_estimate":224296.929001368,"standard_error":165.539412537103},"MedianAbsDev":{"confidence_interval":{"confidence_level":0.95,"lower_bound":452.23117835168864,"upper_bound":1216.53569038897},"point_estimate":781.8304917883304,"standard_error":195.26454867245738},"Slope":{"confidence_interval":{"confidence_level":0.95,"lower_bound":223765.90420703436,"upper_bound":224404.0184139169},"point_estimate":224093.37518092373,"standard_error":164.54107604119753},"StdDev":{"confidence_interval":{"confidence_level":0.95,"lower_bound":917.9056066484824,"upper_bound":5226.204738942112},"point_estimate":3543.470884256946,"standard_error":1083.0088877902513}}