{"Mean":{"confidence_interval":{"confidence_level":0.95,"lower_bound":5.471322129366487,"upper_bound":5.595419725953844},"point_estimate":5.518114628137614,"standard_error":0.03450470217400613},"Median":{"confidence_interval":{"confidence_level":0.95,"lower_bound":5.453902413521135,"upper_bound":5.5037202066842035},"point_estimate":5.477549775704354,"standard_error":0.012111065640247137},"MedianAbsDev":{"confidence_interval":{"confidence_level":0.95,"lower_bound":0.016551007121767724,"upper_bound":0.062008397426453934},"point_estimate":0.04137370619900707,"standard_error":0.011613066403227663},"Slope":{"confidence_interval":{"confidence_level":0.95,"lower_bound":5.460108449692208,"upper_bound":5.496363554190443},"point_estimate":5.477160441755343,"standard_error":0.009239808151425277},"StdDev":{"confidence_interval":{"confidence_level":0.95,"lower_bound":0.03690465739024493,"upper_bound":0.32746921013902325},"point_estimate":0.1984934455257457,"standard_error":0.09808808033475368}}