{"Mean":{"confidence_interval":{"confidence_level":0.95,"lower_bound":16275700.38888889,"upper_bound":17139316.85185185},"point_estimate":16622074.018518519,"standard_error":224400.6468709915},"Median":{"confidence_interval":{"confidence_level":0.95,"lower_bound":16126490.0,"upper_bound":17589394.444444444},"point_estimate":16466084.722222222,"standard_error":282639.5918708752},"MedianAbsDev":{"confidence_interval":{"confidence_level":0.95,"lower_bound":0.0,"upper_bound":602613.4669681387},"point_estimate":104717.54619644769,"standard_error":182965.56245734362},"Slope":{"confidence_interval":{"confidence_level":0.95,"lower_bound":16172472.97979798,"upper_bound":16579023.684210526},"point_estimate":16325452.222222222,"standard_error":122896.20842384074},"StdDev":{"confidence_interval":{"confidence_level":0.95,"lower_bound":48622.254001764566,"upper_bound":752152.1212195554},"point_estimate":562348.9440036983,"standard_error":223801.99184615575}}