{"Mean":{"confidence_interval":{"confidence_level":0.95,"lower_bound":237.0198293776726,"upper_bound":265.64413433230925},"point_estimate":249.81671296926248,"standard_error":7.352517606138967},"Median":{"confidence_interval":{"confidence_level":0.95,"lower_bound":230.55121608849174,"upper_bound":234.97492797103698},"point_estimate":232.91435284515904,"standard_error":1.0261400425890743},"MedianAbsDev":{"confidence_interval":{"confidence_level":0.95,"lower_bound":2.7012723445342384,"upper_bound":8.05395482734025},"point_estimate":4.2940749756824905,"standard_error":1.402370237624559},"Slope":{"confidence_interval":{"confidence_level":0.95,"lower_bound":246.65408715394238,"upper_bound":301.86513764391304},"point_estimate":274.6491916084269,"standard_error":14.155579046424034},"StdDev":{"confidence_interval":{"confidence_level":0.95,"lower_bound":18.76235369223883,"upper_bound":58.744905891031294},"point_estimate":42.38719555519049,"standard_error":10.241426779114931}}