{"Mean":{"confidence_interval":{"confidence_level":0.95,"lower_bound":90849.56764218061,"upper_bound":93581.51961332829},"point_estimate":92064.23576601043,"standard_error":702.835255647353},"Median":{"confidence_interval":{"confidence_level":0.95,"lower_bound":90179.7394117647,"upper_bound":91636.70667391305},"point_estimate":90732.7021,"standard_error":371.61669527728753},"MedianAbsDev":{"confidence_interval":{"confidence_level":0.95,"lower_bound":844.3716385458323,"upper_bound":2557.375725654036},"point_estimate":1527.9303752113155,"standard_error":457.81026488663736},"Slope":{"confidence_interval":{"confidence_level":0.95,"lower_bound":90127.35371140882,"upper_bound":91501.01941703366},"point_estimate":90727.19307692308,"standard_error":350.2914616413496},"StdDev":{"confidence_interval":{"confidence_level":0.95,"lower_bound":1725.6142521686677,"upper_bound":5750.4314400439125},"point_estimate":4044.375961832267,"standard_error":1050.694013884519}}