{"Mean":{"confidence_interval":{"confidence_level":0.95,"lower_bound":7352.593879241857,"upper_bound":7420.511095583963},"point_estimate":7385.563766630167,"standard_error":17.314513271636045},"Median":{"confidence_interval":{"confidence_level":0.95,"lower_bound":7321.271672403902,"upper_bound":7417.06429549616},"point_estimate":7368.839071842927,"standard_error":23.492776164267635},"MedianAbsDev":{"confidence_interval":{"confidence_level":0.95,"lower_bound":59.73641968645509,"upper_bound":145.36191817306786},"point_estimate":111.29814774293855,"standard_error":22.094327854515786},"Slope":{"confidence_interval":{"confidence_level":0.95,"lower_bound":7338.901930221749,"upper_bound":7422.380821435455},"point_estimate":7381.239706518381,"standard_error":21.388907095739786},"StdDev":{"confidence_interval":{"confidence_level":0.95,"lower_bound":72.28660749184262,"upper_bound":119.97487411157638},"point_estimate":99.2905837516891,"standard_error":12.22657178939132}}