{"Mean":{"confidence_interval":{"confidence_level":0.95,"lower_bound":288947.602343599,"upper_bound":297611.0266667547},"point_estimate":292595.6203584165,"standard_error":2249.679473950218},"Median":{"confidence_interval":{"confidence_level":0.95,"lower_bound":287483.5558635753,"upper_bound":292119.76682692306},"point_estimate":290704.4229534933,"standard_error":1425.4940663002812},"MedianAbsDev":{"confidence_interval":{"confidence_level":0.95,"lower_bound":2418.2684521872893,"upper_bound":5963.757793998193},"point_estimate":4449.787256401283,"standard_error":940.1622541017989},"Slope":{"confidence_interval":{"confidence_level":0.95,"lower_bound":287300.9984867165,"upper_bound":289747.96934851},"point_estimate":288475.4291848776,"standard_error":625.1042970835539},"StdDev":{"confidence_interval":{"confidence_level":0.95,"lower_bound":3235.251735363806,"upper_bound":19662.205527472783},"point_estimate":12973.034434992718,"standard_error":4465.60911539634}}