{"Mean":{"confidence_interval":{"confidence_level":0.95,"lower_bound":29005.86044648132,"upper_bound":30424.953842937888},"point_estimate":29547.349057648236,"standard_error":386.81694025445574},"Median":{"confidence_interval":{"confidence_level":0.95,"lower_bound":28787.665183387267,"upper_bound":29385.266564469424},"point_estimate":29303.548114955884,"standard_error":165.55105918011816},"MedianAbsDev":{"confidence_interval":{"confidence_level":0.95,"lower_bound":283.9049023069479,"upper_bound":908.0090176579351},"point_estimate":639.9655142673221,"standard_error":146.7009913565611},"Slope":{"confidence_interval":{"confidence_level":0.95,"lower_bound":29203.09568160053,"upper_bound":29514.855119758442},"point_estimate":29368.506828931586,"standard_error":79.66157483107885},"StdDev":{"confidence_interval":{"confidence_level":0.95,"lower_bound":439.7293987054785,"upper_bound":3642.2432454683567},"point_estimate":2225.851376584294,"standard_error":1053.5873105438102}}