{"Mean":{"confidence_interval":{"confidence_level":0.95,"lower_bound":47.37579713421951,"upper_bound":50.792781305159224},"point_estimate":49.08673909688561,"standard_error":0.8736261925621728},"Median":{"confidence_interval":{"confidence_level":0.95,"lower_bound":44.03308071517697,"upper_bound":54.10637921644827},"point_estimate":48.86125114979127,"standard_error":3.287491320489431},"MedianAbsDev":{"confidence_interval":{"confidence_level":0.95,"lower_bound":0.6092290245092883,"upper_bound":7.717293492024451},"point_estimate":7.640481647605753,"standard_error":2.3483713688766787},"Slope":{"confidence_interval":{"confidence_level":0.95,"lower_bound":47.265303673677074,"upper_bound":52.03223257278797},"point_estimate":49.477377374597054,"standard_error":1.2222363375806518},"StdDev":{"confidence_interval":{"confidence_level":0.95,"lower_bound":4.4989654780034956,"upper_bound":5.281072345066045},"point_estimate":5.028084395114096,"standard_error":0.20121874881064966}}