{"Mean":{"confidence_interval":{"confidence_level":0.95,"lower_bound":43.64041237602605,"upper_bound":44.453955331646036},"point_estimate":43.940110201975116,"standard_error":0.23192232757845843},"Median":{"confidence_interval":{"confidence_level":0.95,"lower_bound":43.69124249798114,"upper_bound":43.83179390632193},"point_estimate":43.814182962567045,"standard_error":0.03623122955241938},"MedianAbsDev":{"confidence_interval":{"confidence_level":0.95,"lower_bound":0.04567274301235902,"upper_bound":0.353660774614342},"point_estimate":0.1803849104101397,"standard_error":0.07579820652235653},"Slope":{"confidence_interval":{"confidence_level":0.95,"lower_bound":43.61542646924506,"upper_bound":43.79183855167572},"point_estimate":43.712182644068854,"standard_error":0.04482253922115754},"StdDev":{"confidence_interval":{"confidence_level":0.95,"lower_bound":0.2039031354423127,"upper_bound":2.227051423996906},"point_estimate":1.3350772283371877,"standard_error":0.7004394501108437}}