{"Mean":{"confidence_interval":{"confidence_level":0.95,"lower_bound":8907.875861928094,"upper_bound":9601.00004807216},"point_estimate":9228.321127690944,"standard_error":177.76394398550565},"Median":{"confidence_interval":{"confidence_level":0.95,"lower_bound":8602.707865682896,"upper_bound":9078.35597405837},"point_estimate":8710.329511773114,"standard_error":117.18653583566716},"MedianAbsDev":{"confidence_interval":{"confidence_level":0.95,"lower_bound":76.49976050968652,"upper_bound":721.5408363007673},"point_estimate":211.87163808222272,"standard_error":163.36483701276057},"Slope":{"confidence_interval":{"confidence_level":0.95,"lower_bound":9110.328234609802,"upper_bound":10202.890399968732},"point_estimate":9644.206075961953,"standard_error":279.8185361312902},"StdDev":{"confidence_interval":{"confidence_level":0.95,"lower_bound":610.4192127437136,"upper_bound":1295.9267412207644},"point_estimate":1020.9602435546042,"standard_error":176.10952834250986}}