{"Mean":{"confidence_interval":{"confidence_level":0.95,"lower_bound":1878.8164573010445,"upper_bound":1915.6825638894688},"point_estimate":1894.2310807688295,"standard_error":9.575554862933522},"Median":{"confidence_interval":{"confidence_level":0.95,"lower_bound":1868.8744068248468,"upper_bound":1894.7330850369726},"point_estimate":1878.742520661157,"standard_error":6.5556030560952125},"MedianAbsDev":{"confidence_interval":{"confidence_level":0.95,"lower_bound":11.6698513147275,"upper_bound":33.86757001730336},"point_estimate":23.385676594028784,"standard_error":5.710547968399767},"Slope":{"confidence_interval":{"confidence_level":0.95,"lower_bound":1871.3729496882004,"upper_bound":1885.6775639739692},"point_estimate":1878.1113681514767,"standard_error":3.6673069221012327},"StdDev":{"confidence_interval":{"confidence_level":0.95,"lower_bound":19.03020836888661,"upper_bound":84.83409478606002},"point_estimate":54.958852882266626,"standard_error":19.70465653567902}}