{"Mean":{"confidence_interval":{"confidence_level":0.95,"lower_bound":9133.2012103302,"upper_bound":9404.806764147403},"point_estimate":9256.99182423461,"standard_error":69.65775972413502},"Median":{"confidence_interval":{"confidence_level":0.95,"lower_bound":9024.221114519427,"upper_bound":9241.634823254455},"point_estimate":9084.815204097999,"standard_error":46.90233707710788},"MedianAbsDev":{"confidence_interval":{"confidence_level":0.95,"lower_bound":72.45323066666374,"upper_bound":315.5382551971077},"point_estimate":143.93356640743693,"standard_error":61.35631982828468},"Slope":{"confidence_interval":{"confidence_level":0.95,"lower_bound":9149.52990748407,"upper_bound":9538.430107500844},"point_estimate":9324.316378598396,"standard_error":99.7836991770253},"StdDev":{"confidence_interval":{"confidence_level":0.95,"lower_bound":205.9060116874607,"upper_bound":541.5421057914476},"point_estimate":399.32077998699197,"standard_error":86.36520900735854}}