{"Mean":{"confidence_interval":{"confidence_level":0.95,"lower_bound":18541.216543660244,"upper_bound":18832.297162143976},"point_estimate":18675.205891957616,"standard_error":74.6986135141279},"Median":{"confidence_interval":{"confidence_level":0.95,"lower_bound":18448.841762537973,"upper_bound":18611.52052414939},"point_estimate":18492.882980647497,"standard_error":50.696093807064464},"MedianAbsDev":{"confidence_interval":{"confidence_level":0.95,"lower_bound":78.72479432591597,"upper_bound":327.5356234806118},"point_estimate":166.06961000157804,"standard_error":62.89513728878056},"Slope":{"confidence_interval":{"confidence_level":0.95,"lower_bound":18449.223747668868,"upper_bound":18573.462350718266},"point_estimate":18501.380203932174,"standard_error":31.607262300544136},"StdDev":{"confidence_interval":{"confidence_level":0.95,"lower_bound":218.471035644425,"upper_bound":548.6362867036318},"point_estimate":413.8432407407614,"standard_error":84.15562189615551}}