{"Mean":{"confidence_interval":{"confidence_level":0.95,"lower_bound":44.49696171812288,"upper_bound":44.79586777000916},"point_estimate":44.633763878116305,"standard_error":0.07619100303293724},"Median":{"confidence_interval":{"confidence_level":0.95,"lower_bound":44.53373022068384,"upper_bound":44.71210973834024},"point_estimate":44.68996234349357,"standard_error":0.051988678579736734},"MedianAbsDev":{"confidence_interval":{"confidence_level":0.95,"lower_bound":0.09142470274643232,"upper_bound":0.360729630577151},"point_estimate":0.16977529750913248,"standard_error":0.07014022487172787},"Slope":{"confidence_interval":{"confidence_level":0.95,"lower_bound":44.39348455233079,"upper_bound":44.6236973674772},"point_estimate":44.51360576627222,"standard_error":0.05876695624835345},"StdDev":{"confidence_interval":{"confidence_level":0.95,"lower_bound":0.2281740138715589,"upper_bound":0.6331010268607129},"point_estimate":0.4370603029175005,"standard_error":0.11222881809785464}}