{"Mean":{"confidence_interval":{"confidence_level":0.95,"lower_bound":1.9151315088480225,"upper_bound":1.919190784025392},"point_estimate":1.9170396338246958,"standard_error":0.0010408305441312695},"Median":{"confidence_interval":{"confidence_level":0.95,"lower_bound":1.9140065088112774,"upper_bound":1.9187114341006408},"point_estimate":1.9161631443782428,"standard_error":0.001383341092687001},"MedianAbsDev":{"confidence_interval":{"confidence_level":0.95,"lower_bound":0.0030607376891865256,"upper_bound":0.006658795791541646},"point_estimate":0.004640767810180566,"standard_error":0.0008710682077381845},"Slope":{"confidence_interval":{"confidence_level":0.95,"lower_bound":1.9143197485802295,"upper_bound":1.9179566782815494},"point_estimate":1.9162278394219239,"standard_error":0.0009358536648014969},"StdDev":{"confidence_interval":{"confidence_level":0.95,"lower_bound":0.0036537588144624467,"upper_bound":0.008101227608091194},"point_estimate":0.0059685036842547345,"standard_error":0.0011953614663295171}}