{"Mean":{"confidence_interval":{"confidence_level":0.95,"lower_bound":6.572172707258822,"upper_bound":6.607039302323253},"point_estimate":6.588319776320197,"standard_error":0.008938044115092409},"Median":{"confidence_interval":{"confidence_level":0.95,"lower_bound":6.566563095311589,"upper_bound":6.589842512243798},"point_estimate":6.578944185820152,"standard_error":0.005949575773156692},"MedianAbsDev":{"confidence_interval":{"confidence_level":0.95,"lower_bound":0.015347384953861707,"upper_bound":0.05230672649974825},"point_estimate":0.02523522435180815,"standard_error":0.009332321710985922},"Slope":{"confidence_interval":{"confidence_level":0.95,"lower_bound":6.573965626108793,"upper_bound":6.604388141101439},"point_estimate":6.587574630548952,"standard_error":0.007853709228843344},"StdDev":{"confidence_interval":{"confidence_level":0.95,"lower_bound":0.02875025447190717,"upper_bound":0.06767304760398471},"point_estimate":0.05142482272629226,"standard_error":0.00991744402650421}}