{"Mean":{"confidence_interval":{"confidence_level":0.95,"lower_bound":11179.329078170962,"upper_bound":11410.04785459347},"point_estimate":11274.168508321556,"standard_error":60.38306185038384},"Median":{"confidence_interval":{"confidence_level":0.95,"lower_bound":11181.792418927012,"upper_bound":11225.565632754342},"point_estimate":11202.270843672457,"standard_error":11.349631398789686},"MedianAbsDev":{"confidence_interval":{"confidence_level":0.95,"lower_bound":30.46500410485086,"upper_bound":150.2204940762293},"point_estimate":56.745467432192015,"standard_error":33.57253943875876},"Slope":{"confidence_interval":{"confidence_level":0.95,"lower_bound":11118.757162479285,"upper_bound":11194.06786362971},"point_estimate":11154.916386064308,"standard_error":19.27469308783547},"StdDev":{"confidence_interval":{"confidence_level":0.95,"lower_bound":83.07552227540494,"upper_bound":545.0660553689598},"point_estimate":347.44556312308333,"standard_error":134.51746748137333}}