{"Mean":{"confidence_interval":{"confidence_level":0.95,"lower_bound":-0.19541819382120407,"upper_bound":-0.13752500024216918},"point_estimate":-0.167400725733706,"standard_error":0.014711367429215734},"Median":{"confidence_interval":{"confidence_level":0.95,"lower_bound":-0.18521165075119805,"upper_bound":-0.1283111102618314},"point_estimate":-0.14433069564307677,"standard_error":0.015676367467447182}}