{"Mean":{"confidence_interval":{"confidence_level":0.95,"lower_bound":8518598.714285715,"upper_bound":8862953.57142857},"point_estimate":8644014.714285713,"standard_error":96541.44896594797},"Median":{"confidence_interval":{"confidence_level":0.95,"lower_bound":8509542.857142856,"upper_bound":9074003.57142857},"point_estimate":8532717.857142856,"standard_error":125988.23341432174},"MedianAbsDev":{"confidence_interval":{"confidence_level":0.95,"lower_bound":0.0,"upper_bound":109225.25806086483},"point_estimate":34359.2543900013,"standard_error":33963.83758234354},"Slope":{"confidence_interval":{"confidence_level":0.95,"lower_bound":8522021.332046332,"upper_bound":8611834.82142857},"point_estimate":8543626.623376623,"standard_error":27972.9878147283},"StdDev":{"confidence_interval":{"confidence_level":0.95,"lower_bound":8198.845059282568,"upper_bound":305165.5520688561},"point_estimate":242017.15126679745,"standard_error":112950.316773702}}