{"Mean":{"confidence_interval":{"confidence_level":0.95,"lower_bound":473.71524577779377,"upper_bound":487.21366716981146},"point_estimate":479.9391524938524,"standard_error":3.4513683879143513},"Median":{"confidence_interval":{"confidence_level":0.95,"lower_bound":469.12797245102786,"upper_bound":481.25020786430616},"point_estimate":472.5658443057261,"standard_error":2.7037909197120324},"MedianAbsDev":{"confidence_interval":{"confidence_level":0.95,"lower_bound":5.824426144207979,"upper_bound":17.889877897748555},"point_estimate":11.184099008085154,"standard_error":3.361553389834266},"Slope":{"confidence_interval":{"confidence_level":0.95,"lower_bound":471.5938574426337,"upper_bound":490.6730256533395},"point_estimate":479.8357211422174,"standard_error":4.890830109188031},"StdDev":{"confidence_interval":{"confidence_level":0.95,"lower_bound":11.305063735720557,"upper_bound":25.699386273683267},"point_estimate":19.84548801626801,"standard_error":3.654706607053354}}