{"Mean":{"confidence_interval":{"confidence_level":0.95,"lower_bound":5819.971887468928,"upper_bound":5998.688112191765},"point_estimate":5894.1432170035105,"standard_error":46.546124408332396},"Median":{"confidence_interval":{"confidence_level":0.95,"lower_bound":5811.683867933868,"upper_bound":5824.531300943801},"point_estimate":5819.750409716543,"standard_error":3.770054432323778},"MedianAbsDev":{"confidence_interval":{"confidence_level":0.95,"lower_bound":8.695603005349035,"upper_bound":36.86590322540342},"point_estimate":15.211500849362281,"standard_error":9.580259760344088},"Slope":{"confidence_interval":{"confidence_level":0.95,"lower_bound":5793.177696745739,"upper_bound":5817.905334949366},"point_estimate":5806.5851030726035,"standard_error":6.347915367360959},"StdDev":{"confidence_interval":{"confidence_level":0.95,"lower_bound":46.833590387222195,"upper_bound":410.35392472875037},"point_estimate":266.6729446831344,"standard_error":98.0184116116651}}