{"Mean":{"confidence_interval":{"confidence_level":0.95,"lower_bound":246.82525483726243,"upper_bound":247.71614181630196},"point_estimate":247.2750214105383,"standard_error":0.22717700570351407},"Median":{"confidence_interval":{"confidence_level":0.95,"lower_bound":246.89394361256842,"upper_bound":247.7416677575599},"point_estimate":247.38440416222352,"standard_error":0.21025984089364833},"MedianAbsDev":{"confidence_interval":{"confidence_level":0.95,"lower_bound":0.5060518403647367,"upper_bound":2.0144331480108626},"point_estimate":1.3152486793594613,"standard_error":0.38649822327596783},"Slope":{"confidence_interval":{"confidence_level":0.95,"lower_bound":247.0521420876278,"upper_bound":247.7062504095315},"point_estimate":247.3920873334023,"standard_error":0.1663327215436804},"StdDev":{"confidence_interval":{"confidence_level":0.95,"lower_bound":0.9768856775039589,"upper_bound":1.557452037215329},"point_estimate":1.3027245135456929,"standard_error":0.1478797010821629}}