{"Mean":{"confidence_interval":{"confidence_level":0.95,"lower_bound":689721.1450546199,"upper_bound":742720.3044963563},"point_estimate":709529.0382242695,"standard_error":14410.210509131559},"Median":{"confidence_interval":{"confidence_level":0.95,"lower_bound":688919.4506802722,"upper_bound":691694.9666048237},"point_estimate":690419.2992979244,"standard_error":764.7920755925502},"MedianAbsDev":{"confidence_interval":{"confidence_level":0.95,"lower_bound":1676.3240090352645,"upper_bound":4485.254452432518},"point_estimate":2629.0153281425905,"standard_error":680.3973830550357},"Slope":{"confidence_interval":{"confidence_level":0.95,"lower_bound":687795.9311561093,"upper_bound":691772.7714260068},"point_estimate":689762.6240072427,"standard_error":1013.9827257922482},"StdDev":{"confidence_interval":{"confidence_level":0.95,"lower_bound":2837.8021643675206,"upper_bound":133046.95539185093},"point_estimate":82531.84386691643,"standard_error":38863.71230405009}}