{"Mean":{"confidence_interval":{"confidence_level":0.95,"lower_bound":13135.069416701734,"upper_bound":13465.98618182581},"point_estimate":13274.137207290552,"standard_error":85.88636631502943},"Median":{"confidence_interval":{"confidence_level":0.95,"lower_bound":13068.862518094531,"upper_bound":13259.09387007685},"point_estimate":13164.063174224608,"standard_error":58.524537676988515},"MedianAbsDev":{"confidence_interval":{"confidence_level":0.95,"lower_bound":97.16713876115944,"upper_bound":293.7978828029573},"point_estimate":175.46230522010146,"standard_error":50.56642507943104},"Slope":{"confidence_interval":{"confidence_level":0.95,"lower_bound":13047.404695969266,"upper_bound":13146.553669500188},"point_estimate":13094.461208208219,"standard_error":25.24639180391724},"StdDev":{"confidence_interval":{"confidence_level":0.95,"lower_bound":163.99881158742693,"upper_bound":761.2290655159812},"point_estimate":493.00954575933616,"standard_error":176.6879550440662}}