{"Mean":{"confidence_interval":{"confidence_level":0.95,"lower_bound":27333.822501620776,"upper_bound":27574.32523159166},"point_estimate":27449.798310438604,"standard_error":61.53093017362352},"Median":{"confidence_interval":{"confidence_level":0.95,"lower_bound":27225.78553369546,"upper_bound":27569.47369591814},"point_estimate":27404.28675720055,"standard_error":87.55491072456515},"MedianAbsDev":{"confidence_interval":{"confidence_level":0.95,"lower_bound":215.35077584819493,"upper_bound":507.5102178724674},"point_estimate":372.84139005870196,"standard_error":76.63152775089218},"Slope":{"confidence_interval":{"confidence_level":0.95,"lower_bound":27263.643034000113,"upper_bound":27449.436281927952},"point_estimate":27356.619694344696,"standard_error":47.458425203755176},"StdDev":{"confidence_interval":{"confidence_level":0.95,"lower_bound":251.70490068143422,"upper_bound":434.4799522088325},"point_estimate":353.29537273219415,"standard_error":47.03137545438417}}