{"Mean":{"confidence_interval":{"confidence_level":0.95,"lower_bound":27807.498968652577,"upper_bound":28265.64076601944},"point_estimate":27995.258903944057,"standard_error":120.95915180093411},"Median":{"confidence_interval":{"confidence_level":0.95,"lower_bound":27803.083300395258,"upper_bound":27866.834347319345},"point_estimate":27818.30309139785,"standard_error":19.01678930103381},"MedianAbsDev":{"confidence_interval":{"confidence_level":0.95,"lower_bound":27.47961611819895,"upper_bound":108.19834230594913},"point_estimate":70.3184338717175,"standard_error":19.318005026806528},"Slope":{"confidence_interval":{"confidence_level":0.95,"lower_bound":27800.82794826561,"upper_bound":27852.75308807368},"point_estimate":27827.379272091544,"standard_error":13.238063220678539},"StdDev":{"confidence_interval":{"confidence_level":0.95,"lower_bound":66.91911078259545,"upper_bound":1057.14352574859},"point_estimate":697.8090738642995,"standard_error":267.2842975155953}}