{"Mean":{"confidence_interval":{"confidence_level":0.95,"lower_bound":3052.8242285530728,"upper_bound":3177.39143528278},"point_estimate":3107.1054628681563,"standard_error":32.59634865869773},"Median":{"confidence_interval":{"confidence_level":0.95,"lower_bound":3037.438013210464,"upper_bound":3240.4987050533036},"point_estimate":3069.88997972254,"standard_error":46.92802582971527},"MedianAbsDev":{"confidence_interval":{"confidence_level":0.95,"lower_bound":0.0,"upper_bound":134.30137025917224},"point_estimate":48.11328469662243,"standard_error":40.001065903425065},"Slope":{"confidence_interval":{"confidence_level":0.95,"lower_bound":3047.6954398233684,"upper_bound":3112.325874313562},"point_estimate":3063.1372387976617,"standard_error":15.793840716256138},"StdDev":{"confidence_interval":{"confidence_level":0.95,"lower_bound":12.181105997414056,"upper_bound":106.12622504964283},"point_estimate":81.73012501509571,"standard_error":27.519752027864374}}