{"Mean":{"confidence_interval":{"confidence_level":0.95,"lower_bound":15563.611078567084,"upper_bound":16112.307136260008},"point_estimate":15826.643675843436,"standard_error":140.49734200569907},"Median":{"confidence_interval":{"confidence_level":0.95,"lower_bound":15332.428004535148,"upper_bound":15769.179557330179},"point_estimate":15472.404647435898,"standard_error":146.85241128403925},"MedianAbsDev":{"confidence_interval":{"confidence_level":0.95,"lower_bound":325.61251473367867,"upper_bound":1019.1964786152729},"point_estimate":498.2535684235755,"standard_error":199.6024729251083},"Slope":{"confidence_interval":{"confidence_level":0.95,"lower_bound":15711.074069211605,"upper_bound":16522.585427692407},"point_estimate":16115.91399002783,"standard_error":207.63974615510926},"StdDev":{"confidence_interval":{"confidence_level":0.95,"lower_bound":591.9273233013321,"upper_bound":947.3184706308497},"point_estimate":808.4123528295382,"standard_error":90.64988244879784}}