{"Mean":{"confidence_interval":{"confidence_level":0.95,"lower_bound":2012090.1095112225,"upper_bound":2047270.3989610996},"point_estimate":2029517.481322034,"standard_error":9003.369053394215},"Median":{"confidence_interval":{"confidence_level":0.95,"lower_bound":2010806.25,"upper_bound":2053840.7967032967},"point_estimate":2028226.8115942029,"standard_error":11285.71222071512},"MedianAbsDev":{"confidence_interval":{"confidence_level":0.95,"lower_bound":29322.223530809835,"upper_bound":72316.90246611822},"point_estimate":46388.437537644655,"standard_error":11084.881871281674},"Slope":{"confidence_interval":{"confidence_level":0.95,"lower_bound":2014314.903437354,"upper_bound":2048153.683095264},"point_estimate":2032126.250661026,"standard_error":8601.348397859392},"StdDev":{"confidence_interval":{"confidence_level":0.95,"lower_bound":37711.017184077675,"upper_bound":59690.21133193378},"point_estimate":50136.77914313703,"standard_error":5596.881352005724}}