{"Mean":{"confidence_interval":{"confidence_level":0.95,"lower_bound":460.7901280927311,"upper_bound":468.3975702969938},"point_estimate":463.9577686328417,"standard_error":1.9750644302045526},"Median":{"confidence_interval":{"confidence_level":0.95,"lower_bound":461.4129303877247,"upper_bound":464.9981502124643},"point_estimate":463.13715015710085,"standard_error":0.9711491788483558},"MedianAbsDev":{"confidence_interval":{"confidence_level":0.95,"lower_bound":2.450787077652046,"upper_bound":7.705447858823384},"point_estimate":3.970738238770344,"standard_error":1.3811848915197145},"Slope":{"confidence_interval":{"confidence_level":0.95,"lower_bound":458.9848715548861,"upper_bound":463.032227965064},"point_estimate":461.022582628954,"standard_error":1.03286517417775},"StdDev":{"confidence_interval":{"confidence_level":0.95,"lower_bound":4.207987243845518,"upper_bound":17.726577011892715},"point_estimate":11.311475686018998,"standard_error":4.168733632406269}}