{"Mean":{"confidence_interval":{"confidence_level":0.95,"lower_bound":4138.933103959148,"upper_bound":4302.388216555937},"point_estimate":4210.629244451409,"standard_error":42.138792804467215},"Median":{"confidence_interval":{"confidence_level":0.95,"lower_bound":4086.6696997270246,"upper_bound":4221.724294813466},"point_estimate":4112.000396568586,"standard_error":30.893765830558145},"MedianAbsDev":{"confidence_interval":{"confidence_level":0.95,"lower_bound":26.981192366757536,"upper_bound":173.4311759887281},"point_estimate":63.319699230405014,"standard_error":36.468816263507705},"Slope":{"confidence_interval":{"confidence_level":0.95,"lower_bound":4087.1232960936973,"upper_bound":4120.084434979459},"point_estimate":4100.219907481054,"standard_error":8.424768480110398},"StdDev":{"confidence_interval":{"confidence_level":0.95,"lower_bound":86.29072675368182,"upper_bound":349.75957779465034},"point_estimate":242.51443196636217,"standard_error":69.62009747068441}}