{"Mean":{"confidence_interval":{"confidence_level":0.95,"lower_bound":4033.268118430932,"upper_bound":4132.759861236813},"point_estimate":4076.573268924046,"standard_error":25.606487690355724},"Median":{"confidence_interval":{"confidence_level":0.95,"lower_bound":3999.267235886326,"upper_bound":4102.01326940232},"point_estimate":4026.09649122807,"standard_error":31.661929248606413},"MedianAbsDev":{"confidence_interval":{"confidence_level":0.95,"lower_bound":34.778292575610195,"upper_bound":132.4386243513286},"point_estimate":89.80552317001282,"standard_error":26.294660111787486},"Slope":{"confidence_interval":{"confidence_level":0.95,"lower_bound":4047.055723517999,"upper_bound":4111.903620981757},"point_estimate":4080.683736424147,"standard_error":16.603854841127347},"StdDev":{"confidence_interval":{"confidence_level":0.95,"lower_bound":66.1954749457675,"upper_bound":221.68161033972171},"point_estimate":147.7913906043492,"standard_error":46.43395318825946}}