{"Mean":{"confidence_interval":{"confidence_level":0.95,"lower_bound":17085.002842671078,"upper_bound":17331.504375990626},"point_estimate":17187.651350699467,"standard_error":65.03807320044939},"Median":{"confidence_interval":{"confidence_level":0.95,"lower_bound":17042.336417200746,"upper_bound":17461.69113086624},"point_estimate":17136.22424367721,"standard_error":85.15429393884583},"MedianAbsDev":{"confidence_interval":{"confidence_level":0.95,"lower_bound":0.0,"upper_bound":218.7175956104713},"point_estimate":79.51950654772527,"standard_error":60.60173935368288},"Slope":{"confidence_interval":{"confidence_level":0.95,"lower_bound":17067.004341534008,"upper_bound":17278.908740737515},"point_estimate":17120.793880504443,"standard_error":51.93889290861125},"StdDev":{"confidence_interval":{"confidence_level":0.95,"lower_bound":29.72590819855291,"upper_bound":215.97693635291813},"point_estimate":162.16120612160114,"standard_error":59.9977054618679}}