{"Mean":{"confidence_interval":{"confidence_level":0.95,"lower_bound":480054.82819383254,"upper_bound":493916.7547723935},"point_estimate":486585.0279001469,"standard_error":3560.925360279537},"Median":{"confidence_interval":{"confidence_level":0.95,"lower_bound":479768.751835536,"upper_bound":498754.2584434655},"point_estimate":481081.13069016155,"standard_error":6631.773079697526},"MedianAbsDev":{"confidence_interval":{"confidence_level":0.95,"lower_bound":0.0,"upper_bound":7799.978055355367},"point_estimate":1945.7328553242028,"standard_error":2940.8490121577106},"Slope":{"confidence_interval":{"confidence_level":0.95,"lower_bound":479856.41213901126,"upper_bound":496617.03377386194},"point_estimate":485646.44506741426,"standard_error":4890.126962468919},"StdDev":{"confidence_interval":{"confidence_level":0.95,"lower_bound":574.4785006291669,"upper_bound":10377.273899845331},"point_estimate":8919.485726698766,"standard_error":2440.1565219332206}}