{"Mean":{"confidence_interval":{"confidence_level":0.95,"lower_bound":22408.030438415302,"upper_bound":23031.31003004353},"point_estimate":22672.223733023915,"standard_error":162.83159343946127},"Median":{"confidence_interval":{"confidence_level":0.95,"lower_bound":22268.82089268756,"upper_bound":22569.90270887948},"point_estimate":22419.445541838133,"standard_error":71.16117413956174},"MedianAbsDev":{"confidence_interval":{"confidence_level":0.95,"lower_bound":169.85712833486122,"upper_bound":473.5143496772703},"point_estimate":282.2279547013841,"standard_error":76.71591450979913},"Slope":{"confidence_interval":{"confidence_level":0.95,"lower_bound":22289.37358780377,"upper_bound":22450.57740522338},"point_estimate":22369.122804972805,"standard_error":41.296640443215175},"StdDev":{"confidence_interval":{"confidence_level":0.95,"lower_bound":252.45340102862502,"upper_bound":1430.6393208614468},"point_estimate":937.2138632958898,"standard_error":326.1463949481818}}