{"Mean":{"confidence_interval":{"confidence_level":0.95,"lower_bound":157981.30391067461,"upper_bound":170468.6055667291},"point_estimate":162535.0899193904,"standard_error":3576.846567318932},"Median":{"confidence_interval":{"confidence_level":0.95,"lower_bound":156690.07966101696,"upper_bound":159846.31663769373},"point_estimate":157851.03509887005,"standard_error":734.2211815717346},"MedianAbsDev":{"confidence_interval":{"confidence_level":0.95,"lower_bound":1173.3684890555853,"upper_bound":4124.344805238678},"point_estimate":2687.703257567142,"standard_error":697.5662679799723},"Slope":{"confidence_interval":{"confidence_level":0.95,"lower_bound":156889.81874588618,"upper_bound":158346.67116891808},"point_estimate":157597.21531498161,"standard_error":373.99728164804486},"StdDev":{"confidence_interval":{"confidence_level":0.95,"lower_bound":2183.491451406254,"upper_bound":34058.75117946152},"point_estimate":20527.213201686638,"standard_error":10785.420548316155}}