{"Mean":{"confidence_interval":{"confidence_level":0.95,"lower_bound":156094.80559584885,"upper_bound":157987.97839277418},"point_estimate":156947.3657490442,"standard_error":486.6980774093352},"Median":{"confidence_interval":{"confidence_level":0.95,"lower_bound":155434.4268921095,"upper_bound":156088.32543859648},"point_estimate":155802.25,"standard_error":240.49624684663615},"MedianAbsDev":{"confidence_interval":{"confidence_level":0.95,"lower_bound":254.53247836574997,"upper_bound":1372.7280430027108},"point_estimate":694.1496011763734,"standard_error":320.68508511191936},"Slope":{"confidence_interval":{"confidence_level":0.95,"lower_bound":155510.63250197266,"upper_bound":156041.74487397264},"point_estimate":155741.21674970863,"standard_error":135.1885449589349},"StdDev":{"confidence_interval":{"confidence_level":0.95,"lower_bound":1319.7543902295567,"upper_bound":3833.027452531884},"point_estimate":2797.466773510886,"standard_error":649.6277548534307}}