{"Mean":{"confidence_interval":{"confidence_level":0.95,"lower_bound":2233.089144471853,"upper_bound":2306.6543269151193},"point_estimate":2267.6547358974935,"standard_error":18.835706025458933},"Median":{"confidence_interval":{"confidence_level":0.95,"lower_bound":2202.814765072212,"upper_bound":2247.118551707435},"point_estimate":2232.362233683407,"standard_error":12.42701021782575},"MedianAbsDev":{"confidence_interval":{"confidence_level":0.95,"lower_bound":29.179004702361485,"upper_bound":97.38240214633029},"point_estimate":61.16640041906586,"standard_error":18.27165378890213},"Slope":{"confidence_interval":{"confidence_level":0.95,"lower_bound":2256.848011428717,"upper_bound":2375.7814913111843},"point_estimate":2317.096181812254,"standard_error":30.47789292773241},"StdDev":{"confidence_interval":{"confidence_level":0.95,"lower_bound":70.36128807180519,"upper_bound":132.61418610398638},"point_estimate":108.18858278192704,"standard_error":15.943901060217234}}