{"Mean":{"confidence_interval":{"confidence_level":0.95,"lower_bound":425.6371700433036,"upper_bound":435.5517292052768},"point_estimate":429.72399635476,"standard_error":2.587357836227644},"Median":{"confidence_interval":{"confidence_level":0.95,"lower_bound":424.18201448479385,"upper_bound":428.2146812209743},"point_estimate":426.02933754604715,"standard_error":1.165945760690573},"MedianAbsDev":{"confidence_interval":{"confidence_level":0.95,"lower_bound":3.041472317236962,"upper_bound":9.942008207398226},"point_estimate":6.718925712978911,"standard_error":1.9475476676340875},"Slope":{"confidence_interval":{"confidence_level":0.95,"lower_bound":423.6985758928296,"upper_bound":427.53555334341763},"point_estimate":425.54085321429113,"standard_error":0.9780302292102147},"StdDev":{"confidence_interval":{"confidence_level":0.95,"lower_bound":5.466562647968712,"upper_bound":23.44712857716081},"point_estimate":14.913160767725783,"standard_error":5.730148655545868}}