{"Mean":{"confidence_interval":{"confidence_level":0.95,"lower_bound":181.02300636450985,"upper_bound":185.67009321466466},"point_estimate":182.98517681032752,"standard_error":1.2112796560707262},"Median":{"confidence_interval":{"confidence_level":0.95,"lower_bound":180.25197245610093,"upper_bound":182.12180134355626},"point_estimate":180.74312720269862,"standard_error":0.4672268581887749},"MedianAbsDev":{"confidence_interval":{"confidence_level":0.95,"lower_bound":0.7778188332355592,"upper_bound":3.476812665123883},"point_estimate":1.6806603730504739,"standard_error":0.6737697091514405},"Slope":{"confidence_interval":{"confidence_level":0.95,"lower_bound":179.7232272102223,"upper_bound":181.09275070350867},"point_estimate":180.41078845784162,"standard_error":0.3497378220134886},"StdDev":{"confidence_interval":{"confidence_level":0.95,"lower_bound":2.156487669886512,"upper_bound":10.717066154869922},"point_estimate":6.971435570001657,"standard_error":2.4721080145445287}}