{"Mean":{"confidence_interval":{"confidence_level":0.95,"lower_bound":59338.31144094176,"upper_bound":60845.115345011465},"point_estimate":59973.83763027474,"standard_error":393.76435528469125},"Median":{"confidence_interval":{"confidence_level":0.95,"lower_bound":59205.711397058825,"upper_bound":59499.57422053789},"point_estimate":59372.28281045752,"standard_error":79.01211505146328},"MedianAbsDev":{"confidence_interval":{"confidence_level":0.95,"lower_bound":170.94294637692064,"upper_bound":456.5650779199944},"point_estimate":258.6090589096603,"standard_error":75.67039710813658},"Slope":{"confidence_interval":{"confidence_level":0.95,"lower_bound":59111.84455280705,"upper_bound":59360.51433780542},"point_estimate":59236.13158279629,"standard_error":63.53526898737599},"StdDev":{"confidence_interval":{"confidence_level":0.95,"lower_bound":450.4873326317216,"upper_bound":3450.5580175492482},"point_estimate":2266.1989488168533,"standard_error":801.6737770119297}}