{"Mean":{"confidence_interval":{"confidence_level":0.95,"lower_bound":75550.2128371004,"upper_bound":76459.41192923715},"point_estimate":75979.17330262583,"standard_error":232.91695940932217},"Median":{"confidence_interval":{"confidence_level":0.95,"lower_bound":75457.15579710144,"upper_bound":76140.7361660079},"point_estimate":75695.23913043478,"standard_error":149.71246011166906},"MedianAbsDev":{"confidence_interval":{"confidence_level":0.95,"lower_bound":401.2551322296997,"upper_bound":1587.121737040341},"point_estimate":883.9877002481176,"standard_error":290.37602266384374},"Slope":{"confidence_interval":{"confidence_level":0.95,"lower_bound":75472.60714622895,"upper_bound":76352.31899886522},"point_estimate":75876.29925122051,"standard_error":224.94398356702433},"StdDev":{"confidence_interval":{"confidence_level":0.95,"lower_bound":822.2672654852358,"upper_bound":1683.3438265136854},"point_estimate":1299.9582829152732,"standard_error":222.63214940136845}}