{"Mean":{"confidence_interval":{"confidence_level":0.95,"lower_bound":215645.02456272734,"upper_bound":218641.2637304379},"point_estimate":216897.81229954233,"standard_error":779.1260096701973},"Median":{"confidence_interval":{"confidence_level":0.95,"lower_bound":215260.07954545453,"upper_bound":216092.11931818182},"point_estimate":215918.57238349886,"standard_error":247.63348135961132},"MedianAbsDev":{"confidence_interval":{"confidence_level":0.95,"lower_bound":669.0275674145777,"upper_bound":1944.5355474687383},"point_estimate":1328.7262617713402,"standard_error":339.69482965397276},"Slope":{"confidence_interval":{"confidence_level":0.95,"lower_bound":214824.4036841381,"upper_bound":215473.8832420037},"point_estimate":215114.08364987286,"standard_error":166.036379694338},"StdDev":{"confidence_interval":{"confidence_level":0.95,"lower_bound":1048.4549149836594,"upper_bound":6891.942213941374},"point_estimate":4485.512602992836,"standard_error":1596.1387741247704}}