{"Mean":{"confidence_interval":{"confidence_level":0.95,"lower_bound":81.03913933053869,"upper_bound":81.44260399431349},"point_estimate":81.21546977411994,"standard_error":0.1040969593490917},"Median":{"confidence_interval":{"confidence_level":0.95,"lower_bound":80.99418148109586,"upper_bound":81.20737124085979},"point_estimate":81.1876091205655,"standard_error":0.05746396793977405},"MedianAbsDev":{"confidence_interval":{"confidence_level":0.95,"lower_bound":0.055740662775946324,"upper_bound":0.3235636153210612},"point_estimate":0.15195870313449752,"standard_error":0.0760039341200115},"Slope":{"confidence_interval":{"confidence_level":0.95,"lower_bound":80.92968511096856,"upper_bound":81.08512294683179},"point_estimate":81.0080701775411,"standard_error":0.03930069752906682},"StdDev":{"confidence_interval":{"confidence_level":0.95,"lower_bound":0.2018506194438584,"upper_bound":0.8927286924404065},"point_estimate":0.5996131310848211,"standard_error":0.1840556492759307}}