{"Mean":{"confidence_interval":{"confidence_level":0.95,"lower_bound":81.15875940236253,"upper_bound":82.8116575448464},"point_estimate":81.91728517425467,"standard_error":0.42299941506441757},"Median":{"confidence_interval":{"confidence_level":0.95,"lower_bound":80.66327830515846,"upper_bound":81.29104059059843},"point_estimate":80.79647032810098,"standard_error":0.2913052364516751},"MedianAbsDev":{"confidence_interval":{"confidence_level":0.95,"lower_bound":0.24310655488430935,"upper_bound":2.679339940991348},"point_estimate":0.6561216970973466,"standard_error":0.55069333719294},"Slope":{"confidence_interval":{"confidence_level":0.95,"lower_bound":80.45495551732712,"upper_bound":81.81775004609875},"point_estimate":81.04970344617297,"standard_error":0.34848617506741814},"StdDev":{"confidence_interval":{"confidence_level":0.95,"lower_bound":1.3622906783354911,"upper_bound":3.2044557045794213},"point_estimate":2.432531792314601,"standard_error":0.4725860277089885}}