{"Mean":{"confidence_interval":{"confidence_level":0.95,"lower_bound":55334.21235098885,"upper_bound":56327.12756057575},"point_estimate":55738.891670736615,"standard_error":260.59426134186043},"Median":{"confidence_interval":{"confidence_level":0.95,"lower_bound":55247.90538922156,"upper_bound":55327.55389221557},"point_estimate":55292.20529709812,"standard_error":17.058899662222554},"MedianAbsDev":{"confidence_interval":{"confidence_level":0.95,"lower_bound":50.83780423518206,"upper_bound":166.84273250911951},"point_estimate":79.09425264837586,"standard_error":39.28411670786511},"Slope":{"confidence_interval":{"confidence_level":0.95,"lower_bound":55094.31030443604,"upper_bound":55307.48961395896},"point_estimate":55201.48987165529,"standard_error":54.033890159044816},"StdDev":{"confidence_interval":{"confidence_level":0.95,"lower_bound":413.116756519482,"upper_bound":2342.1605324849825},"point_estimate":1497.8197567148015,"standard_error":582.7670216519671}}