{"Mean":{"confidence_interval":{"confidence_level":0.95,"lower_bound":-0.00664947868031629,"upper_bound":0.04766079731954753},"point_estimate":0.02548543833356809,"standard_error":0.01445072289653125},"Median":{"confidence_interval":{"confidence_level":0.95,"lower_bound":-0.03674860760063714,"upper_bound":0.05682195066701712},"point_estimate":0.03701335577681264,"standard_error":0.018196890988866992}}