{"Mean":{"confidence_interval":{"confidence_level":0.95,"lower_bound":8.325469564517421,"upper_bound":8.702042842546222},"point_estimate":8.511126780771383,"standard_error":0.09613307130702244},"Median":{"confidence_interval":{"confidence_level":0.95,"lower_bound":8.062183178222341,"upper_bound":8.957686995544433},"point_estimate":8.2396371866631,"standard_error":0.2710017551719583},"MedianAbsDev":{"confidence_interval":{"confidence_level":0.95,"lower_bound":0.15587816054518858,"upper_bound":0.8838009488407982},"point_estimate":0.45637435681946403,"standard_error":0.23803504810578816},"Slope":{"confidence_interval":{"confidence_level":0.95,"lower_bound":8.11428990841008,"upper_bound":8.510008620303704},"point_estimate":8.304118924189506,"standard_error":0.10197934215196135},"StdDev":{"confidence_interval":{"confidence_level":0.95,"lower_bound":0.47012791883593336,"upper_bound":0.5983821812823152},"point_estimate":0.5512124891761815,"standard_error":0.03262911412602872}}