{"Mean":{"confidence_interval":{"confidence_level":0.95,"lower_bound":30567.224743862258,"upper_bound":32259.67152288745},"point_estimate":31378.92088749598,"standard_error":432.54406737436307},"Median":{"confidence_interval":{"confidence_level":0.95,"lower_bound":30143.5910906298,"upper_bound":31594.501075268818},"point_estimate":30937.198766603415,"standard_error":394.11030592674047},"MedianAbsDev":{"confidence_interval":{"confidence_level":0.95,"lower_bound":1009.4838117196572,"upper_bound":3250.548545597683},"point_estimate":1787.265141511635,"standard_error":547.9203019446414},"Slope":{"confidence_interval":{"confidence_level":0.95,"lower_bound":29731.965804457705,"upper_bound":30615.09172279467},"point_estimate":30166.937158244982,"standard_error":225.18506785013986},"StdDev":{"confidence_interval":{"confidence_level":0.95,"lower_bound":1726.1827227734536,"upper_bound":3009.7818646892915},"point_estimate":2470.831302421083,"standard_error":327.2351838777244}}