{"Mean":{"confidence_interval":{"confidence_level":0.95,"lower_bound":-0.30257531164315243,"upper_bound":-0.24054194851115174},"point_estimate":-0.2717701417308578,"standard_error":0.015773520904570817},"Median":{"confidence_interval":{"confidence_level":0.95,"lower_bound":-0.3050527382868784,"upper_bound":-0.22319419594329576},"point_estimate":-0.24611072543664214,"standard_error":0.021970053286433575}}