{"Mean":{"confidence_interval":{"confidence_level":0.95,"lower_bound":944804.0250951303,"upper_bound":973155.1290635959},"point_estimate":956527.5560519233,"standard_error":7471.6141048192085},"Median":{"confidence_interval":{"confidence_level":0.95,"lower_bound":943596.0352941176,"upper_bound":948213.3747126437},"point_estimate":946151.3616319444,"standard_error":1222.452819602939},"MedianAbsDev":{"confidence_interval":{"confidence_level":0.95,"lower_bound":3483.068187026836,"upper_bound":9087.025358926721},"point_estimate":6477.563299000227,"standard_error":1441.745690178448},"Slope":{"confidence_interval":{"confidence_level":0.95,"lower_bound":942783.0706538669,"upper_bound":946918.9227419113},"point_estimate":944815.7356905595,"standard_error":1055.7590392281418},"StdDev":{"confidence_interval":{"confidence_level":0.95,"lower_bound":4925.525393500502,"upper_bound":64546.333105786354},"point_estimate":43138.1448204876,"standard_error":16153.560188440062}}