{"Mean":{"confidence_interval":{"confidence_level":0.95,"lower_bound":-0.026004201119605025,"upper_bound":-0.002205196307416029},"point_estimate":-0.01573590935960978,"standard_error":0.006093510526222589},"Median":{"confidence_interval":{"confidence_level":0.95,"lower_bound":-0.025985355104505104,"upper_bound":-0.017162030427112396},"point_estimate":-0.02059515587716154,"standard_error":0.002419759926392586}}