{"Mean":{"confidence_interval":{"confidence_level":0.95,"lower_bound":1344.5590622901739,"upper_bound":1383.1495310900505},"point_estimate":1361.2657321489505,"standard_error":10.032017999372906},"Median":{"confidence_interval":{"confidence_level":0.95,"lower_bound":1335.3343872799921,"upper_bound":1401.5747283954695},"point_estimate":1358.3960748054465,"standard_error":13.349320336205627},"MedianAbsDev":{"confidence_interval":{"confidence_level":0.95,"lower_bound":0.0,"upper_bound":42.126599960421565},"point_estimate":16.487986490293356,"standard_error":12.469872232900244},"Slope":{"confidence_interval":{"confidence_level":0.95,"lower_bound":1339.279896633626,"upper_bound":1364.5644538897354},"point_estimate":1354.0963576924346,"standard_error":7.320863504859086},"StdDev":{"confidence_interval":{"confidence_level":0.95,"lower_bound":6.091219674155943,"upper_bound":33.42424739550391},"point_estimate":25.03690623202407,"standard_error":8.08361007186468}}