{"Mean":{"confidence_interval":{"confidence_level":0.95,"lower_bound":270.22040373927064,"upper_bound":276.7300376251236},"point_estimate":272.9050394779218,"standard_error":1.7069217276720279},"Median":{"confidence_interval":{"confidence_level":0.95,"lower_bound":269.3145529050573,"upper_bound":272.44413186549684},"point_estimate":270.38464266802544,"standard_error":0.882743212981889},"MedianAbsDev":{"confidence_interval":{"confidence_level":0.95,"lower_bound":1.3782733082646454,"upper_bound":4.260192428038203},"point_estimate":2.5850586418739376,"standard_error":0.7372570464008178},"Slope":{"confidence_interval":{"confidence_level":0.95,"lower_bound":269.8004177336729,"upper_bound":271.9004523820563},"point_estimate":270.7756619336064,"standard_error":0.5379960294086857},"StdDev":{"confidence_interval":{"confidence_level":0.95,"lower_bound":2.358170332947956,"upper_bound":15.261192517959797},"point_estimate":9.793132642845084,"standard_error":3.6973228662486934}}