{"Mean":{"confidence_interval":{"confidence_level":0.95,"lower_bound":57528.90324829542,"upper_bound":58856.05360029795},"point_estimate":58134.71105485305,"standard_error":340.4138968214679},"Median":{"confidence_interval":{"confidence_level":0.95,"lower_bound":56983.51524826703,"upper_bound":58286.6835443038},"point_estimate":57306.46710315728,"standard_error":464.05269596840463},"MedianAbsDev":{"confidence_interval":{"confidence_level":0.95,"lower_bound":340.45346349540915,"upper_bound":1821.664605649493},"point_estimate":1181.230054297642,"standard_error":404.7975732164146},"Slope":{"confidence_interval":{"confidence_level":0.95,"lower_bound":57308.32773599783,"upper_bound":59687.080748044216},"point_estimate":58407.48608701425,"standard_error":609.501534248593},"StdDev":{"confidence_interval":{"confidence_level":0.95,"lower_bound":907.9267837610575,"upper_bound":2603.2461438528235},"point_estimate":1954.4088874654337,"standard_error":414.01248298636403}}