{"Mean":{"confidence_interval":{"confidence_level":0.95,"lower_bound":2596804.231062831,"upper_bound":2736200.3467428763},"point_estimate":2649094.251472491,"standard_error":37825.80248615848},"Median":{"confidence_interval":{"confidence_level":0.95,"lower_bound":2594891.7124125874,"upper_bound":2602646.003125},"point_estimate":2598909.9230392156,"standard_error":2220.8055988534375},"MedianAbsDev":{"confidence_interval":{"confidence_level":0.95,"lower_bound":5109.032422554039,"upper_bound":29124.89597956427},"point_estimate":8157.063438540954,"standard_error":6287.724819582523},"Slope":{"confidence_interval":{"confidence_level":0.95,"lower_bound":2586500.775596258,"upper_bound":2599924.109936182},"point_estimate":2592922.4478146853,"standard_error":3414.28949146703},"StdDev":{"confidence_interval":{"confidence_level":0.95,"lower_bound":15216.093358939672,"upper_bound":353322.74593953084},"point_estimate":217896.05292607678,"standard_error":103448.89835514205}}