{"Mean":{"confidence_interval":{"confidence_level":0.95,"lower_bound":8058945.7315446865,"upper_bound":8147729.864603532},"point_estimate":8092312.815851117,"standard_error":24310.530103379606},"Median":{"confidence_interval":{"confidence_level":0.95,"lower_bound":8051338.29532967,"upper_bound":8074802.627136752},"point_estimate":8062050.3488095235,"standard_error":6137.145695210989},"MedianAbsDev":{"confidence_interval":{"confidence_level":0.95,"lower_bound":13603.856262271773,"upper_bound":33586.834339009125},"point_estimate":22405.851564783938,"standard_error":4842.946522701536},"Slope":{"confidence_interval":{"confidence_level":0.95,"lower_bound":8051539.000075764,"upper_bound":8066113.835795125},"point_estimate":8058453.321678322,"standard_error":3717.711734944263},"StdDev":{"confidence_interval":{"confidence_level":0.95,"lower_bound":18167.72425508183,"upper_bound":228631.25644164358},"point_estimate":139804.48953980638,"standard_error":67641.17658551439}}