{"Mean":{"confidence_interval":{"confidence_level":0.95,"lower_bound":7865.259958008064,"upper_bound":8484.493469681198},"point_estimate":8166.058049224887,"standard_error":157.59424428870506},"Median":{"confidence_interval":{"confidence_level":0.95,"lower_bound":7668.6293465236795,"upper_bound":8424.281938911023},"point_estimate":7955.900287737937,"standard_error":170.4577928707039},"MedianAbsDev":{"confidence_interval":{"confidence_level":0.95,"lower_bound":498.85518919135797,"upper_bound":1399.9012012441638},"point_estimate":1061.6526636419374,"standard_error":229.7025247746745},"Slope":{"confidence_interval":{"confidence_level":0.95,"lower_bound":7448.879314257729,"upper_bound":7896.717879328798},"point_estimate":7634.3817820327085,"standard_error":113.8921703649433},"StdDev":{"confidence_interval":{"confidence_level":0.95,"lower_bound":692.9751892283721,"upper_bound":1057.6227533230622},"point_estimate":906.9894622625145,"standard_error":93.42128441140576}}