{"Mean":{"confidence_interval":{"confidence_level":0.95,"lower_bound":409.0553840635148,"upper_bound":420.20158412320444},"point_estimate":414.29335952130145,"standard_error":2.8511237809342505},"Median":{"confidence_interval":{"confidence_level":0.95,"lower_bound":404.4619440397995,"upper_bound":413.3843455990759},"point_estimate":405.7084350412151,"standard_error":2.433648890504704},"MedianAbsDev":{"confidence_interval":{"confidence_level":0.95,"lower_bound":2.8372429893139555,"upper_bound":15.242926823863},"point_estimate":5.92184449729561,"standard_error":3.0995766151613577},"Slope":{"confidence_interval":{"confidence_level":0.95,"lower_bound":407.39259042180953,"upper_bound":423.22978021341305},"point_estimate":414.9520131480393,"standard_error":4.058172490580131},"StdDev":{"confidence_interval":{"confidence_level":0.95,"lower_bound":10.718158038982159,"upper_bound":20.09764062990232},"point_estimate":16.420564510830328,"standard_error":2.406221394931901}}