{"Mean":{"confidence_interval":{"confidence_level":0.95,"lower_bound":2999.536616815794,"upper_bound":3108.440279327039},"point_estimate":3040.9345041434567,"standard_error":30.021395449269782},"Median":{"confidence_interval":{"confidence_level":0.95,"lower_bound":2987.342609528042,"upper_bound":3027.746878495904},"point_estimate":3003.6008134985077,"standard_error":10.79738023137912},"MedianAbsDev":{"confidence_interval":{"confidence_level":0.95,"lower_bound":19.984132236218706,"upper_bound":55.90609381265573},"point_estimate":36.98924506456899,"standard_error":8.390242893812323},"Slope":{"confidence_interval":{"confidence_level":0.95,"lower_bound":2994.7178395330866,"upper_bound":3023.8210008367037},"point_estimate":3009.444551064395,"standard_error":7.449332498313963},"StdDev":{"confidence_interval":{"confidence_level":0.95,"lower_bound":31.19568213564407,"upper_bound":282.50455901744704},"point_estimate":172.0979098767212,"standard_error":83.05948050638834}}