{"Mean":{"confidence_interval":{"confidence_level":0.95,"lower_bound":7.729323094031483,"upper_bound":7.955238069880192},"point_estimate":7.811647459446721,"standard_error":0.06590664799565607},"Median":{"confidence_interval":{"confidence_level":0.95,"lower_bound":7.708845905209272,"upper_bound":7.7768136487044375},"point_estimate":7.7338087741537915,"standard_error":0.022119236723649963},"MedianAbsDev":{"confidence_interval":{"confidence_level":0.95,"lower_bound":0.046119363583712575,"upper_bound":0.09609297525446524},"point_estimate":0.08141283704731772,"standard_error":0.012351216596313337},"Slope":{"confidence_interval":{"confidence_level":0.95,"lower_bound":7.717737704044381,"upper_bound":7.7691094476499725},"point_estimate":7.742761598423068,"standard_error":0.01313482853573653},"StdDev":{"confidence_interval":{"confidence_level":0.95,"lower_bound":0.050752988234498995,"upper_bound":0.6293130915850665},"point_estimate":0.37724802077953545,"standard_error":0.20266914048939258}}