{"Mean":{"confidence_interval":{"confidence_level":0.95,"lower_bound":10882807.188882416,"upper_bound":15353494.231473234},"point_estimate":12863871.67861443,"standard_error":1147741.076478541},"Median":{"confidence_interval":{"confidence_level":0.95,"lower_bound":10026789.307692308,"upper_bound":10952855.523076922},"point_estimate":10462378.127272729,"standard_error":273028.6468694774},"MedianAbsDev":{"confidence_interval":{"confidence_level":0.95,"lower_bound":481178.7385597414,"upper_bound":1679923.4770954459},"point_estimate":929782.1759691344,"standard_error":299735.3402912193},"Slope":{"confidence_interval":{"confidence_level":0.95,"lower_bound":10638080.044291293,"upper_bound":19077522.101652164},"point_estimate":14542007.03312937,"standard_error":2175379.948800495},"StdDev":{"confidence_interval":{"confidence_level":0.95,"lower_bound":1777852.0516589403,"upper_bound":9115264.62739394},"point_estimate":6602032.056264556,"standard_error":1712314.171915235}}