{"Mean":{"confidence_interval":{"confidence_level":0.95,"lower_bound":9347621.760336053,"upper_bound":9955061.992474016},"point_estimate":9606839.642688291,"standard_error":156891.64606908424},"Median":{"confidence_interval":{"confidence_level":0.95,"lower_bound":9261727.833793104,"upper_bound":9430845.166666666},"point_estimate":9328115.055706521,"standard_error":46280.84373994129},"MedianAbsDev":{"confidence_interval":{"confidence_level":0.95,"lower_bound":128466.46242960893,"upper_bound":381227.4521173692},"point_estimate":201069.97596828255,"standard_error":66264.70009221131},"Slope":{"confidence_interval":{"confidence_level":0.95,"lower_bound":9268311.174647823,"upper_bound":9367373.04939423},"point_estimate":9316670.770804197,"standard_error":25178.660982627367},"StdDev":{"confidence_interval":{"confidence_level":0.95,"lower_bound":341766.5865807973,"upper_bound":1348888.1293269682},"point_estimate":897715.4000448594,"standard_error":291846.17651143466}}