{"Mean":{"confidence_interval":{"confidence_level":0.95,"lower_bound":11261.453350796102,"upper_bound":11641.4622796825},"point_estimate":11417.018286289083,"standard_error":100.0250792930093},"Median":{"confidence_interval":{"confidence_level":0.95,"lower_bound":11212.344726247988,"upper_bound":11277.197088509316},"point_estimate":11227.399418954119,"standard_error":16.023733840815943},"MedianAbsDev":{"confidence_interval":{"confidence_level":0.95,"lower_bound":17.69634131898814,"upper_bound":102.43944425708904},"point_estimate":46.30902715656739,"standard_error":21.91070155016164},"Slope":{"confidence_interval":{"confidence_level":0.95,"lower_bound":11220.705702612051,"upper_bound":11298.101669683023},"point_estimate":11251.379473117462,"standard_error":20.83050971787476},"StdDev":{"confidence_interval":{"confidence_level":0.95,"lower_bound":108.65304917613942,"upper_bound":902.0780440838399},"point_estimate":575.5031576156875,"standard_error":225.51455362806328}}