{"Mean":{"confidence_interval":{"confidence_level":0.95,"lower_bound":323.2838409622205,"upper_bound":325.5609974643399},"point_estimate":324.2933267051694,"standard_error":0.58504166405414},"Median":{"confidence_interval":{"confidence_level":0.95,"lower_bound":323.67874429726464,"upper_bound":324.3531819152582},"point_estimate":323.92731379434224,"standard_error":0.18068727148569722},"MedianAbsDev":{"confidence_interval":{"confidence_level":0.95,"lower_bound":0.4454949321674201,"upper_bound":1.862420286867808},"point_estimate":1.2311716996247846,"standard_error":0.3784093756902522},"Slope":{"confidence_interval":{"confidence_level":0.95,"lower_bound":322.70739005283957,"upper_bound":324.451755537234},"point_estimate":323.5134026596426,"standard_error":0.44194502705153943},"StdDev":{"confidence_interval":{"confidence_level":0.95,"lower_bound":1.345978755052972,"upper_bound":4.9526927046444875},"point_estimate":3.3503065046701184,"standard_error":0.9777488167973827}}