{"Mean":{"confidence_interval":{"confidence_level":0.95,"lower_bound":340.00962832158683,"upper_bound":344.57115528017795},"point_estimate":342.0634802093245,"standard_error":1.1686859040023623},"Median":{"confidence_interval":{"confidence_level":0.95,"lower_bound":338.81082108143255,"upper_bound":342.9781900684305},"point_estimate":341.5641137111507,"standard_error":1.15545417883198},"MedianAbsDev":{"confidence_interval":{"confidence_level":0.95,"lower_bound":3.0086260625841166,"upper_bound":6.968203783047439},"point_estimate":5.353808712678403,"standard_error":1.0233276548137873},"Slope":{"confidence_interval":{"confidence_level":0.95,"lower_bound":338.03567342326966,"upper_bound":340.68404508612315},"point_estimate":339.2668612665923,"standard_error":0.6784261968652834},"StdDev":{"confidence_interval":{"confidence_level":0.95,"lower_bound":3.621609585655767,"upper_bound":9.741075197927003},"point_estimate":6.732407353942007,"standard_error":1.7636650339048499}}