{"Mean":{"confidence_interval":{"confidence_level":0.95,"lower_bound":13351.771593703083,"upper_bound":13446.24440206604},"point_estimate":13393.341966830685,"standard_error":24.39481501547747},"Median":{"confidence_interval":{"confidence_level":0.95,"lower_bound":13331.62049777418,"upper_bound":13388.868474301902},"point_estimate":13358.794500536711,"standard_error":15.51348771888415},"MedianAbsDev":{"confidence_interval":{"confidence_level":0.95,"lower_bound":40.223871785882984,"upper_bound":94.82891081644993},"point_estimate":67.38248880372173,"standard_error":13.903231838098558},"Slope":{"confidence_interval":{"confidence_level":0.95,"lower_bound":13339.22990823068,"upper_bound":13380.4028763541},"point_estimate":13360.417448840111,"standard_error":10.459600654205321},"StdDev":{"confidence_interval":{"confidence_level":0.95,"lower_bound":49.830545363739844,"upper_bound":202.16072194196465},"point_estimate":140.177620919013,"standard_error":40.11374098654053}}