{"Mean":{"confidence_interval":{"confidence_level":0.95,"lower_bound":21689171.6,"upper_bound":22335576.0},"point_estimate":22012373.8,"standard_error":165779.88766002376},"Median":{"confidence_interval":{"confidence_level":0.95,"lower_bound":21568525.0,"upper_bound":22508640.0},"point_estimate":21919640.0,"standard_error":297108.6098354785},"MedianAbsDev":{"confidence_interval":{"confidence_level":0.95,"lower_bound":0.0,"upper_bound":520563.08975815773},"point_estimate":520563.08975815773,"standard_error":178366.9427924827},"Slope":{"confidence_interval":{"confidence_level":0.95,"lower_bound":21639217.24137931,"upper_bound":22171467.36842105},"point_estimate":21758696.727272727,"standard_error":125787.35805076291},"StdDev":{"confidence_interval":{"confidence_level":0.95,"lower_bound":123268.24790188266,"upper_bound":492935.3339004012},"point_estimate":412647.5080649343,"standard_error":92114.52241430792}}