{"Mean":{"confidence_interval":{"confidence_level":0.95,"lower_bound":-0.05920335516320202,"upper_bound":-0.026541303945047667},"point_estimate":-0.044091566989021946,"standard_error":0.00835921424626237},"Median":{"confidence_interval":{"confidence_level":0.95,"lower_bound":-0.05220167074651527,"upper_bound":-0.03976920477924384},"point_estimate":-0.0458486889984302,"standard_error":0.003164454001361069}}