{"Mean":{"confidence_interval":{"confidence_level":0.95,"lower_bound":1635343.3479184173,"upper_bound":1675909.0186254282},"point_estimate":1653719.083291,"standard_error":10416.283120932078},"Median":{"confidence_interval":{"confidence_level":0.95,"lower_bound":1630919.1055555556,"upper_bound":1653659.8325757575},"point_estimate":1638135.4819791666,"standard_error":6161.232511653237},"MedianAbsDev":{"confidence_interval":{"confidence_level":0.95,"lower_bound":15133.835788138878,"upper_bound":47866.18923239258},"point_estimate":28702.261815432943,"standard_error":8044.359630312004},"Slope":{"confidence_interval":{"confidence_level":0.95,"lower_bound":1627856.7511916987,"upper_bound":1673567.852787368},"point_estimate":1647907.7541812353,"standard_error":11853.012307559819},"StdDev":{"confidence_interval":{"confidence_level":0.95,"lower_bound":28260.334587091827,"upper_bound":84107.81175391596},"point_estimate":59972.77565876531,"standard_error":14533.995112270457}}