{"Mean":{"confidence_interval":{"confidence_level":0.95,"lower_bound":-0.03996900963112726,"upper_bound":0.0013359034757185473},"point_estimate":-0.018136699007337387,"standard_error":0.010674199941427565},"Median":{"confidence_interval":{"confidence_level":0.95,"lower_bound":-0.052713014625596855,"upper_bound":0.012854962773724665},"point_estimate":-0.01030564840166004,"standard_error":0.013675372619444593}}