{"Mean":{"confidence_interval":{"confidence_level":0.95,"lower_bound":816.571058823815,"upper_bound":919.8111686282215},"point_estimate":869.1331352394352,"standard_error":26.377994490949398},"Median":{"confidence_interval":{"confidence_level":0.95,"lower_bound":848.2723826923077,"upper_bound":954.7771261538462},"point_estimate":898.0286339950372,"standard_error":27.906862747369328},"MedianAbsDev":{"confidence_interval":{"confidence_level":0.95,"lower_bound":72.03985941940373,"upper_bound":215.88425835885323},"point_estimate":133.0183293653157,"standard_error":37.9189992475712},"Slope":{"confidence_interval":{"confidence_level":0.95,"lower_bound":864.1135631641346,"upper_bound":962.9022943430377},"point_estimate":915.4018676492738,"standard_error":25.24925657934577},"StdDev":{"confidence_interval":{"confidence_level":0.95,"lower_bound":116.30155143494414,"upper_bound":177.69118862111645},"point_estimate":151.9059369333261,"standard_error":15.511036615792245}}