{"Mean":{"confidence_interval":{"confidence_level":0.95,"lower_bound":550.0217315535938,"upper_bound":555.2744236200981},"point_estimate":552.3482746024954,"standard_error":1.3505075688043555},"Median":{"confidence_interval":{"confidence_level":0.95,"lower_bound":550.2948617234798,"upper_bound":553.3614047048491},"point_estimate":552.1043681688063,"standard_error":0.7379257604972755},"MedianAbsDev":{"confidence_interval":{"confidence_level":0.95,"lower_bound":1.6216007544939326,"upper_bound":5.307335284796985},"point_estimate":3.0746403717850477,"standard_error":0.9319574046980179},"Slope":{"confidence_interval":{"confidence_level":0.95,"lower_bound":548.5488271560056,"upper_bound":552.0199219217423},"point_estimate":550.336461063239,"standard_error":0.8896796659899562},"StdDev":{"confidence_interval":{"confidence_level":0.95,"lower_bound":3.40262823957591,"upper_bound":11.674036461919936},"point_estimate":7.779710024285996,"standard_error":2.348765353237761}}