{"Mean":{"confidence_interval":{"confidence_level":0.95,"lower_bound":118.23421467198744,"upper_bound":119.90078428581906},"point_estimate":118.86405046806955,"standard_error":0.45820420758718056},"Median":{"confidence_interval":{"confidence_level":0.95,"lower_bound":117.99507252220255,"upper_bound":118.74278824190506},"point_estimate":118.17029959323818,"standard_error":0.20516800411704295},"MedianAbsDev":{"confidence_interval":{"confidence_level":0.95,"lower_bound":0.24848887069687675,"upper_bound":1.0712022656936795},"point_estimate":0.6418770150374433,"standard_error":0.20830786164041304},"Slope":{"confidence_interval":{"confidence_level":0.95,"lower_bound":118.03361270952382,"upper_bound":118.50505647406364},"point_estimate":118.25634314360536,"standard_error":0.12019373025772219},"StdDev":{"confidence_interval":{"confidence_level":0.95,"lower_bound":0.567697010366749,"upper_bound":4.3132407024048725},"point_estimate":2.6206232622853216,"standard_error":1.2673003424418539}}