{"Mean":{"confidence_interval":{"confidence_level":0.95,"lower_bound":1289.2007563418745,"upper_bound":1322.1776894315692},"point_estimate":1301.0703055930783,"standard_error":9.769154857980958},"Median":{"confidence_interval":{"confidence_level":0.95,"lower_bound":1288.549463702067,"upper_bound":1294.403031140015},"point_estimate":1292.316070722752,"standard_error":1.2062516979804843},"MedianAbsDev":{"confidence_interval":{"confidence_level":0.95,"lower_bound":3.815513443286237,"upper_bound":10.388232601098883},"point_estimate":6.2073593705321635,"standard_error":1.5647826052515033},"Slope":{"confidence_interval":{"confidence_level":0.95,"lower_bound":1289.0694523637678,"upper_bound":1294.2042677896934},"point_estimate":1291.622007498095,"standard_error":1.3099833693181033},"StdDev":{"confidence_interval":{"confidence_level":0.95,"lower_bound":5.953370679512459,"upper_bound":93.88435410749065},"point_estimate":56.109500819056194,"standard_error":30.954956868217156}}