{"Mean":{"confidence_interval":{"confidence_level":0.95,"lower_bound":19.6526919182284,"upper_bound":19.86645420313753},"point_estimate":19.740529559196847,"standard_error":0.05602757922529191},"Median":{"confidence_interval":{"confidence_level":0.95,"lower_bound":19.63654586732583,"upper_bound":19.702977123801645},"point_estimate":19.666699001404915,"standard_error":0.01823157891651262},"MedianAbsDev":{"confidence_interval":{"confidence_level":0.95,"lower_bound":0.03907126161141839,"upper_bound":0.13470447535219487},"point_estimate":0.06380421434786462,"standard_error":0.024982828605450248},"Slope":{"confidence_interval":{"confidence_level":0.95,"lower_bound":19.616357384052986,"upper_bound":19.749966799481335},"point_estimate":19.67748257405064,"standard_error":0.03387850787054193},"StdDev":{"confidence_interval":{"confidence_level":0.95,"lower_bound":0.09811853463012216,"upper_bound":0.509844982013217},"point_estimate":0.3234376328528405,"standard_error":0.12583752603320492}}