{"Mean":{"confidence_interval":{"confidence_level":0.95,"lower_bound":19.39903815932815,"upper_bound":19.702028207493832},"point_estimate":19.532547217864874,"standard_error":0.07819799709848312},"Median":{"confidence_interval":{"confidence_level":0.95,"lower_bound":19.283318650866384,"upper_bound":19.55793734765122},"point_estimate":19.42428307947351,"standard_error":0.07050289541720006},"MedianAbsDev":{"confidence_interval":{"confidence_level":0.95,"lower_bound":0.1090003039089621,"upper_bound":0.36450895735156397},"point_estimate":0.2739084119351454,"standard_error":0.06978271079834017},"Slope":{"confidence_interval":{"confidence_level":0.95,"lower_bound":19.317439134974187,"upper_bound":19.461728146225745},"point_estimate":19.383364258889486,"standard_error":0.03732294962537661},"StdDev":{"confidence_interval":{"confidence_level":0.95,"lower_bound":0.19592157757817014,"upper_bound":0.6608155872225611},"point_estimate":0.44941335824065115,"standard_error":0.13011865523523325}}