{"Mean":{"confidence_interval":{"confidence_level":0.95,"lower_bound":480.96955970714566,"upper_bound":485.9341673655267},"point_estimate":483.1181318671854,"standard_error":1.2771572275160665},"Median":{"confidence_interval":{"confidence_level":0.95,"lower_bound":479.41674923030723,"upper_bound":483.617957654211},"point_estimate":481.47531710293094,"standard_error":1.0279809443499262},"MedianAbsDev":{"confidence_interval":{"confidence_level":0.95,"lower_bound":2.4383093706703223,"upper_bound":6.43801244269629},"point_estimate":3.953730372179711,"standard_error":0.9628150754438718},"Slope":{"confidence_interval":{"confidence_level":0.95,"lower_bound":479.7249029970324,"upper_bound":482.14767149251884},"point_estimate":480.9261331201946,"standard_error":0.6157474855208221},"StdDev":{"confidence_interval":{"confidence_level":0.95,"lower_bound":3.3211671772488804,"upper_bound":11.061505335048297},"point_estimate":7.327364192375726,"standard_error":2.340242151246741}}