{"Mean":{"confidence_interval":{"confidence_level":0.95,"lower_bound":483.26520807219015,"upper_bound":491.2419345527553},"point_estimate":486.6050450999664,"standard_error":2.073453381651515},"Median":{"confidence_interval":{"confidence_level":0.95,"lower_bound":481.9553355764883,"upper_bound":485.1960742336296},"point_estimate":483.4406047698924,"standard_error":0.6953173974800538},"MedianAbsDev":{"confidence_interval":{"confidence_level":0.95,"lower_bound":2.1046662588523826,"upper_bound":5.441066700600851},"point_estimate":3.740134636764972,"standard_error":0.8379573717972444},"Slope":{"confidence_interval":{"confidence_level":0.95,"lower_bound":481.6399448642771,"upper_bound":483.70340413520125},"point_estimate":482.6052686266574,"standard_error":0.5256743549243375},"StdDev":{"confidence_interval":{"confidence_level":0.95,"lower_bound":3.1877218992262315,"upper_bound":18.415054260335623},"point_estimate":11.949334691140646,"standard_error":4.25711028417855}}