{"Mean":{"confidence_interval":{"confidence_level":0.95,"lower_bound":7334.264890856732,"upper_bound":7535.4004974446825},"point_estimate":7415.579055731425,"standard_error":53.198274456931614},"Median":{"confidence_interval":{"confidence_level":0.95,"lower_bound":7365.576281877985,"upper_bound":7403.441084462982},"point_estimate":7377.789943227899,"standard_error":11.368014515403155},"MedianAbsDev":{"confidence_interval":{"confidence_level":0.95,"lower_bound":26.116251306873977,"upper_bound":75.68815153542323},"point_estimate":45.25500000759336,"standard_error":13.940376535149744},"Slope":{"confidence_interval":{"confidence_level":0.95,"lower_bound":7364.355515537907,"upper_bound":7398.859949980627},"point_estimate":7383.2516064632855,"standard_error":8.778429881185474},"StdDev":{"confidence_interval":{"confidence_level":0.95,"lower_bound":71.59695802651115,"upper_bound":495.2638097380418},"point_estimate":305.94009702253,"standard_error":130.18614088707147}}