{"Mean":{"confidence_interval":{"confidence_level":0.95,"lower_bound":2205176.3097387915,"upper_bound":2240144.4346696697},"point_estimate":2222202.601259117,"standard_error":8920.192777285356},"Median":{"confidence_interval":{"confidence_level":0.95,"lower_bound":2191816.923076923,"upper_bound":2240748.3533733133},"point_estimate":2223425.7298076926,"standard_error":11265.131073408815},"MedianAbsDev":{"confidence_interval":{"confidence_level":0.95,"lower_bound":26794.000133200312,"upper_bound":75022.08582718339},"point_estimate":60037.26959612561,"standard_error":11997.80818778246},"Slope":{"confidence_interval":{"confidence_level":0.95,"lower_bound":2212660.110599167,"upper_bound":2246965.1652950454},"point_estimate":2231713.1099125873,"standard_error":8743.769302674744},"StdDev":{"confidence_interval":{"confidence_level":0.95,"lower_bound":37432.594207204835,"upper_bound":63213.68869177803},"point_estimate":51187.79377209612,"standard_error":6670.7156423220995}}