{"Mean":{"confidence_interval":{"confidence_level":0.95,"lower_bound":222.29456257318193,"upper_bound":226.26461534180729},"point_estimate":223.99868359327866,"standard_error":1.028173118854957},"Median":{"confidence_interval":{"confidence_level":0.95,"lower_bound":222.19657686815958,"upper_bound":223.96157000239987},"point_estimate":222.92486420153693,"standard_error":0.4127286721650838},"MedianAbsDev":{"confidence_interval":{"confidence_level":0.95,"lower_bound":1.1248007546197512,"upper_bound":5.025504664492959},"point_estimate":1.763227960248406,"standard_error":1.129618591725244},"Slope":{"confidence_interval":{"confidence_level":0.95,"lower_bound":220.9211466772318,"upper_bound":222.64579004927145},"point_estimate":221.77008676718663,"standard_error":0.4402814721480725},"StdDev":{"confidence_interval":{"confidence_level":0.95,"lower_bound":2.4092276814965987,"upper_bound":9.017468719335689},"point_estimate":5.914333828149176,"standard_error":1.9669535779975902}}