{"Mean":{"confidence_interval":{"confidence_level":0.95,"lower_bound":12363194.513248408,"upper_bound":14346669.727845093},"point_estimate":13481945.14042822,"standard_error":511732.3890982277},"Median":{"confidence_interval":{"confidence_level":0.95,"lower_bound":14099587.07142857,"upper_bound":14525037.0},"point_estimate":14353703.438709676,"standard_error":107419.92076422986},"MedianAbsDev":{"confidence_interval":{"confidence_level":0.95,"lower_bound":299518.17164626473,"upper_bound":920138.8050437447},"point_estimate":483453.35368875216,"standard_error":156821.4819591578},"Slope":{"confidence_interval":{"confidence_level":0.95,"lower_bound":14355410.200900732,"upper_bound":14675027.572501263},"point_estimate":14515749.257517483,"standard_error":81279.02019691873},"StdDev":{"confidence_interval":{"confidence_level":0.95,"lower_bound":869765.8628166381,"upper_bound":4225868.958324844},"point_estimate":2941829.1019376917,"standard_error":865556.3987131739}}