{"Mean":{"confidence_interval":{"confidence_level":0.95,"lower_bound":22665.839794439034,"upper_bound":24474.10557441033},"point_estimate":23536.628959663492,"standard_error":462.91587158399136},"Median":{"confidence_interval":{"confidence_level":0.95,"lower_bound":21712.530996963564,"upper_bound":24278.428739316238},"point_estimate":21883.12334735577,"standard_error":617.0742594732862},"MedianAbsDev":{"confidence_interval":{"confidence_level":0.95,"lower_bound":265.8576363934423,"upper_bound":3761.252094158583},"point_estimate":820.0932236315391,"standard_error":795.948444953851},"Slope":{"confidence_interval":{"confidence_level":0.95,"lower_bound":21583.43587624849,"upper_bound":22088.89785988798},"point_estimate":21773.8086271601,"standard_error":129.4438975888322},"StdDev":{"confidence_interval":{"confidence_level":0.95,"lower_bound":2064.1417698503456,"upper_bound":3011.5206306853893},"point_estimate":2667.7495596298754,"standard_error":241.90576615182553}}