{"Mean":{"confidence_interval":{"confidence_level":0.95,"lower_bound":371899590.0,"upper_bound":450544235.0},"point_estimate":402975255.0,"standard_error":20988045.505013004},"Median":{"confidence_interval":{"confidence_level":0.95,"lower_bound":366577600.0,"upper_bound":494540825.0},"point_estimate":384549350.0,"standard_error":27841450.718766037},"MedianAbsDev":{"confidence_interval":{"confidence_level":0.95,"lower_bound":0.0,"upper_bound":47049124.084711075},"point_estimate":20404208.007752895,"standard_error":14467600.622048305},"Slope":{"confidence_interval":{"confidence_level":0.95,"lower_bound":367872865.0,"upper_bound":477898089.4736842},"point_estimate":406394049.09090906,"standard_error":32628827.29821792},"StdDev":{"confidence_interval":{"confidence_level":0.95,"lower_bound":7393834.591773068,"upper_bound":68533919.24532105},"point_estimate":52676698.77995868,"standard_error":21605124.54085309}}