{"Mean":{"confidence_interval":{"confidence_level":0.95,"lower_bound":16479.73735002976,"upper_bound":16875.46784914185},"point_estimate":16640.5641358705,"standard_error":103.82605549185716},"Median":{"confidence_interval":{"confidence_level":0.95,"lower_bound":16418.441901408452,"upper_bound":16666.267605633802},"point_estimate":16470.926601274314,"standard_error":60.11133830785922},"MedianAbsDev":{"confidence_interval":{"confidence_level":0.95,"lower_bound":64.62218982751965,"upper_bound":342.5550056555202},"point_estimate":179.23959520626988,"standard_error":79.0089803259745},"Slope":{"confidence_interval":{"confidence_level":0.95,"lower_bound":16414.823358294852,"upper_bound":16613.99045940316},"point_estimate":16508.978873239437,"standard_error":51.56999008220133},"StdDev":{"confidence_interval":{"confidence_level":0.95,"lower_bound":180.3744757787042,"upper_bound":954.8940856983749},"point_estimate":599.3786431883321,"standard_error":242.88003720711356}}