{"Mean":{"confidence_interval":{"confidence_level":0.95,"lower_bound":13787.841636251644,"upper_bound":14161.274461789053},"point_estimate":13948.080136940858,"standard_error":97.07315805007875},"Median":{"confidence_interval":{"confidence_level":0.95,"lower_bound":13698.780362671385,"upper_bound":13979.862258324381},"point_estimate":13826.3706641604,"standard_error":81.69781625198242},"MedianAbsDev":{"confidence_interval":{"confidence_level":0.95,"lower_bound":99.86401774521299,"upper_bound":329.448775960833},"point_estimate":241.07418043937756,"standard_error":55.87291973089346},"Slope":{"confidence_interval":{"confidence_level":0.95,"lower_bound":13697.436822173213,"upper_bound":13824.741799687778},"point_estimate":13754.11160720858,"standard_error":32.57827326690038},"StdDev":{"confidence_interval":{"confidence_level":0.95,"lower_bound":159.63207124544343,"upper_bound":831.6843207274762},"point_estimate":557.3053988553409,"standard_error":182.44720925836134}}