{"Mean":{"confidence_interval":{"confidence_level":0.95,"lower_bound":-0.00038669086943065076,"upper_bound":0.014990765788624625},"point_estimate":0.007066681240804451,"standard_error":0.003906981445570973},"Median":{"confidence_interval":{"confidence_level":0.95,"lower_bound":0.004751086544277694,"upper_bound":0.010664716846558342},"point_estimate":0.00782693068893825,"standard_error":0.001489900257085187}}