{"Mean":{"confidence_interval":{"confidence_level":0.95,"lower_bound":18454575.065257072,"upper_bound":21481972.458756022},"point_estimate":20162668.21935035,"standard_error":779947.2133916995},"Median":{"confidence_interval":{"confidence_level":0.95,"lower_bound":21085687.0974026,"upper_bound":22157242.727941178},"point_estimate":21650592.608082704,"standard_error":281693.7797690566},"MedianAbsDev":{"confidence_interval":{"confidence_level":0.95,"lower_bound":502892.8564819465,"upper_bound":1676035.1777204273},"point_estimate":1058938.3038095932,"standard_error":299493.6188790769},"Slope":{"confidence_interval":{"confidence_level":0.95,"lower_bound":21858130.69168889,"upper_bound":22280369.667661726},"point_estimate":22095716.015559442,"standard_error":107906.93384870312},"StdDev":{"confidence_interval":{"confidence_level":0.95,"lower_bound":1354396.8060529756,"upper_bound":6463209.825170229},"point_estimate":4474829.179707723,"standard_error":1326010.7231042897}}