{"Mean":{"confidence_interval":{"confidence_level":0.95,"lower_bound":322.95773573658465,"upper_bound":329.3300534712751},"point_estimate":325.42401139685285,"standard_error":1.7253858848663548},"Median":{"confidence_interval":{"confidence_level":0.95,"lower_bound":322.60498004194574,"upper_bound":324.7734376526923},"point_estimate":324.00687908684176,"standard_error":0.5702138143981395},"MedianAbsDev":{"confidence_interval":{"confidence_level":0.95,"lower_bound":1.1394765285828357,"upper_bound":3.564294647363167},"point_estimate":2.450098048671798,"standard_error":0.65382417319168},"Slope":{"confidence_interval":{"confidence_level":0.95,"lower_bound":321.70908574569546,"upper_bound":323.81370568640654},"point_estimate":322.80270142566314,"standard_error":0.5390359203393496},"StdDev":{"confidence_interval":{"confidence_level":0.95,"lower_bound":2.2858404639997736,"upper_bound":16.22447502700956},"point_estimate":9.922685812965618,"standard_error":4.589163934669223}}