{"Mean":{"confidence_interval":{"confidence_level":0.95,"lower_bound":323.6718291566226,"upper_bound":326.0171722873162},"point_estimate":324.5803827872882,"standard_error":0.6319912109031982},"Median":{"confidence_interval":{"confidence_level":0.95,"lower_bound":323.60094547819824,"upper_bound":324.27575887256955},"point_estimate":324.08164576839636,"standard_error":0.19320037432712373},"MedianAbsDev":{"confidence_interval":{"confidence_level":0.95,"lower_bound":0.47642897624236813,"upper_bound":1.3811507203509366},"point_estimate":0.9291652242737146,"standard_error":0.23829446190264203},"Slope":{"confidence_interval":{"confidence_level":0.95,"lower_bound":323.2206066272342,"upper_bound":324.15357503633004},"point_estimate":323.6927503232359,"standard_error":0.23797892621689232},"StdDev":{"confidence_interval":{"confidence_level":0.95,"lower_bound":0.8330213576904543,"upper_bound":5.9096329717183504},"point_estimate":3.621509403333864,"standard_error":1.662657736772244}}