{"Mean":{"confidence_interval":{"confidence_level":0.95,"lower_bound":9807.95724378585,"upper_bound":10081.457883473196},"point_estimate":9911.196462727248,"standard_error":75.70564001276837},"Median":{"confidence_interval":{"confidence_level":0.95,"lower_bound":9811.899563318777,"upper_bound":9848.645605895197},"point_estimate":9831.95984958758,"standard_error":8.39849454384232},"MedianAbsDev":{"confidence_interval":{"confidence_level":0.95,"lower_bound":25.340765461685546,"upper_bound":63.34647247600965},"point_estimate":47.8361061672771,"standard_error":9.455883701315262},"Slope":{"confidence_interval":{"confidence_level":0.95,"lower_bound":9824.163464659503,"upper_bound":9854.332923113527},"point_estimate":9838.837870644638,"standard_error":7.651680257368193},"StdDev":{"confidence_interval":{"confidence_level":0.95,"lower_bound":55.934643277316866,"upper_bound":717.1092315047524},"point_estimate":435.537202420802,"standard_error":214.0171891257247}}