{"Mean":{"confidence_interval":{"confidence_level":0.95,"lower_bound":111300.12927596849,"upper_bound":112479.76403475857},"point_estimate":111888.99163856414,"standard_error":300.74527100973194},"Median":{"confidence_interval":{"confidence_level":0.95,"lower_bound":110906.52784077487,"upper_bound":112832.68915662651},"point_estimate":111759.43561746988,"standard_error":463.2356102424465},"MedianAbsDev":{"confidence_interval":{"confidence_level":0.95,"lower_bound":1042.7226417910465,"upper_bound":2824.0599173327887},"point_estimate":2018.6233882134761,"standard_error":462.8608263781555},"Slope":{"confidence_interval":{"confidence_level":0.95,"lower_bound":110686.82496398374,"upper_bound":111857.6698730398},"point_estimate":111237.186432092,"standard_error":299.8153425437733},"StdDev":{"confidence_interval":{"confidence_level":0.95,"lower_bound":1390.059667795932,"upper_bound":1974.5612581868904},"point_estimate":1721.9873844111873,"standard_error":149.44279844963134}}