{"Mean":{"confidence_interval":{"confidence_level":0.95,"lower_bound":12.38385123875107,"upper_bound":12.967814084453728},"point_estimate":12.613005314836412,"standard_error":0.15502420252858662},"Median":{"confidence_interval":{"confidence_level":0.95,"lower_bound":12.36303591390031,"upper_bound":12.449897484572364},"point_estimate":12.385608754718223,"standard_error":0.023755381777216172},"MedianAbsDev":{"confidence_interval":{"confidence_level":0.95,"lower_bound":0.035232566626157626,"upper_bound":0.19217227586419744},"point_estimate":0.1142564448682654,"standard_error":0.042762456987027124},"Slope":{"confidence_interval":{"confidence_level":0.95,"lower_bound":12.363997403735521,"upper_bound":12.472885125892324},"point_estimate":12.41378629072137,"standard_error":0.02782634925760781},"StdDev":{"confidence_interval":{"confidence_level":0.95,"lower_bound":0.14147132210593583,"upper_bound":1.425992077024786},"point_estimate":0.889914093284222,"standard_error":0.3845739253143225}}