{"Mean":{"confidence_interval":{"confidence_level":0.95,"lower_bound":323.3350021734041,"upper_bound":330.8374495178851},"point_estimate":326.4833010332406,"standard_error":1.956716192768528},"Median":{"confidence_interval":{"confidence_level":0.95,"lower_bound":320.99598588427307,"upper_bound":327.6718093487395},"point_estimate":325.31588106295146,"standard_error":1.8331007045483676},"MedianAbsDev":{"confidence_interval":{"confidence_level":0.95,"lower_bound":2.7559412407950212,"upper_bound":8.77891702901707},"point_estimate":6.329641483561299,"standard_error":1.4604611432862074},"Slope":{"confidence_interval":{"confidence_level":0.95,"lower_bound":321.82249307936246,"upper_bound":325.29178834093636},"point_estimate":323.5151351987473,"standard_error":0.8887092830700978},"StdDev":{"confidence_interval":{"confidence_level":0.95,"lower_bound":4.233459616435333,"upper_bound":17.52190077230862},"point_estimate":11.235423094827969,"standard_error":4.14211557803193}}