{"Mean":{"confidence_interval":{"confidence_level":0.95,"lower_bound":12030.228019520666,"upper_bound":12310.257155864325},"point_estimate":12140.684136392698,"standard_error":74.7235686965872},"Median":{"confidence_interval":{"confidence_level":0.95,"lower_bound":12047.46807573756,"upper_bound":12130.878467635403},"point_estimate":12078.034377555514,"standard_error":23.983861044081095},"MedianAbsDev":{"confidence_interval":{"confidence_level":0.95,"lower_bound":52.15539933825545,"upper_bound":197.73249446542837},"point_estimate":83.72976195217404,"standard_error":36.97399383084522},"Slope":{"confidence_interval":{"confidence_level":0.95,"lower_bound":11987.654203305,"upper_bound":12113.985717763195},"point_estimate":12045.720385954864,"standard_error":32.3368769720056},"StdDev":{"confidence_interval":{"confidence_level":0.95,"lower_bound":109.66721907145227,"upper_bound":701.3964012566424},"point_estimate":428.62667898071413,"standard_error":193.15122710133252}}