{"Mean":{"confidence_interval":{"confidence_level":0.95,"lower_bound":10894220.229235696,"upper_bound":11028844.924857333},"point_estimate":10948322.017626569,"standard_error":35688.9578902884},"Median":{"confidence_interval":{"confidence_level":0.95,"lower_bound":10881633.4,"upper_bound":10918160.713438734},"point_estimate":10898254.215686273,"standard_error":10080.687202401105},"MedianAbsDev":{"confidence_interval":{"confidence_level":0.95,"lower_bound":21531.481717739392,"upper_bound":53639.02488226251},"point_estimate":38167.161691397574,"standard_error":9209.562722360064},"Slope":{"confidence_interval":{"confidence_level":0.95,"lower_bound":10886013.805390147,"upper_bound":10920211.888672141},"point_estimate":10902524.681468531,"standard_error":8779.788694529723},"StdDev":{"confidence_interval":{"confidence_level":0.95,"lower_bound":30070.368083429083,"upper_bound":324402.80418399896},"point_estimate":205420.4745921336,"standard_error":84079.02529620158}}