{"Mean":{"confidence_interval":{"confidence_level":0.95,"lower_bound":56018.197277918676,"upper_bound":56566.07579003848},"point_estimate":56294.49150607062,"standard_error":140.70469552493304},"Median":{"confidence_interval":{"confidence_level":0.95,"lower_bound":56044.039295392955,"upper_bound":56657.63192962398},"point_estimate":56366.46052631579,"standard_error":151.58929631219252},"MedianAbsDev":{"confidence_interval":{"confidence_level":0.95,"lower_bound":442.3584925283138,"upper_bound":1319.073766927292},"point_estimate":855.8480039785574,"standard_error":236.62200476424013},"Slope":{"confidence_interval":{"confidence_level":0.95,"lower_bound":55811.79927936813,"upper_bound":56417.740418754576},"point_estimate":56118.28790454972,"standard_error":155.25676447048536},"StdDev":{"confidence_interval":{"confidence_level":0.95,"lower_bound":636.3837813899248,"upper_bound":933.9602042266184},"point_estimate":808.7415988851656,"standard_error":75.80071697500819}}