{"Mean":{"confidence_interval":{"confidence_level":0.95,"lower_bound":142689.44806605822,"upper_bound":152984.01564537158},"point_estimate":147129.8609300304,"standard_error":2632.242254243377},"Median":{"confidence_interval":{"confidence_level":0.95,"lower_bound":142485.65840938722,"upper_bound":157463.1029986962},"point_estimate":142929.24815297697,"standard_error":4281.098542317585},"MedianAbsDev":{"confidence_interval":{"confidence_level":0.95,"lower_bound":0.0,"upper_bound":11067.82465357199},"point_estimate":657.6661421702547,"standard_error":4209.443004757563},"Slope":{"confidence_interval":{"confidence_level":0.95,"lower_bound":142630.69186354714,"upper_bound":147435.42624488208},"point_estimate":143460.60052941408,"standard_error":1306.3552343381052},"StdDev":{"confidence_interval":{"confidence_level":0.95,"lower_bound":160.93075762783468,"upper_bound":8124.514763287077},"point_estimate":6580.177213741035,"standard_error":2170.5449655320303}}