{"Mean":{"confidence_interval":{"confidence_level":0.95,"lower_bound":212.03466281784154,"upper_bound":216.14613543176276},"point_estimate":213.69938639154753,"standard_error":1.0766198100052433},"Median":{"confidence_interval":{"confidence_level":0.95,"lower_bound":211.76672020913057,"upper_bound":213.58518861907686},"point_estimate":212.89841670593688,"standard_error":0.5380279276877524},"MedianAbsDev":{"confidence_interval":{"confidence_level":0.95,"lower_bound":1.4178905727627615,"upper_bound":4.136214274391987},"point_estimate":2.575004557582126,"standard_error":0.6995283791820598},"Slope":{"confidence_interval":{"confidence_level":0.95,"lower_bound":211.4282578405493,"upper_bound":212.86445276238126},"point_estimate":212.11295447772807,"standard_error":0.3667865191194306},"StdDev":{"confidence_interval":{"confidence_level":0.95,"lower_bound":2.030833458255012,"upper_bound":9.861452251163103},"point_estimate":6.173383072383701,"standard_error":2.5154014137945113}}