{"Mean":{"confidence_interval":{"confidence_level":0.95,"lower_bound":0.04484831141750595,"upper_bound":0.11553440898327796},"point_estimate":0.07853460846349813,"standard_error":0.018049910590873363},"Median":{"confidence_interval":{"confidence_level":0.95,"lower_bound":0.01726587329663154,"upper_bound":0.14197296080435384},"point_estimate":0.06937634838903861,"standard_error":0.024392870826027577}}