{"Mean":{"confidence_interval":{"confidence_level":0.95,"lower_bound":190.22598769005012,"upper_bound":193.67019964820722},"point_estimate":191.53590186336686,"standard_error":0.942365268135339},"Median":{"confidence_interval":{"confidence_level":0.95,"lower_bound":189.76779572053962,"upper_bound":190.62972065874504},"point_estimate":190.286631215191,"standard_error":0.23300684387114723},"MedianAbsDev":{"confidence_interval":{"confidence_level":0.95,"lower_bound":0.45623268455541177,"upper_bound":1.4118993438101402},"point_estimate":0.9546219417838915,"standard_error":0.24096661682382894},"Slope":{"confidence_interval":{"confidence_level":0.95,"lower_bound":189.978696953769,"upper_bound":190.88630535075174},"point_estimate":190.41456032397872,"standard_error":0.2342426912836484},"StdDev":{"confidence_interval":{"confidence_level":0.95,"lower_bound":1.0494148878436116,"upper_bound":8.855678310620481},"point_estimate":5.4100190442591805,"standard_error":2.585105452362981}}