{"Mean":{"confidence_interval":{"confidence_level":0.95,"lower_bound":7545.777580203425,"upper_bound":7614.607278586992},"point_estimate":7579.7382796007205,"standard_error":17.5701102102991},"Median":{"confidence_interval":{"confidence_level":0.95,"lower_bound":7524.574686874122,"upper_bound":7624.977703793382},"point_estimate":7570.219232696001,"standard_error":26.86560914553894},"MedianAbsDev":{"confidence_interval":{"confidence_level":0.95,"lower_bound":62.64265910872314,"upper_bound":137.51329979499732},"point_estimate":102.9325137349867,"standard_error":18.476657615864745},"Slope":{"confidence_interval":{"confidence_level":0.95,"lower_bound":7546.839048064271,"upper_bound":7612.162418709188},"point_estimate":7576.418493229934,"standard_error":16.692942607943063},"StdDev":{"confidence_interval":{"confidence_level":0.95,"lower_bound":74.59157269106771,"upper_bound":123.3812430413569},"point_estimate":101.139835708891,"standard_error":12.523295187869202}}