{"Mean":{"confidence_interval":{"confidence_level":0.95,"lower_bound":28250.936344671172,"upper_bound":29055.740957646423},"point_estimate":28602.915732101766,"standard_error":207.0981478175811},"Median":{"confidence_interval":{"confidence_level":0.95,"lower_bound":28069.5391025641,"upper_bound":28742.86791208791},"point_estimate":28613.91792418108,"standard_error":171.41013244102174},"MedianAbsDev":{"confidence_interval":{"confidence_level":0.95,"lower_bound":363.8116956850401,"upper_bound":1170.9732502169884},"point_estimate":987.3051393949057,"standard_error":211.20563714384568},"Slope":{"confidence_interval":{"confidence_level":0.95,"lower_bound":28573.41048898986,"upper_bound":28911.760609548906},"point_estimate":28755.879182356104,"standard_error":85.93028753240348},"StdDev":{"confidence_interval":{"confidence_level":0.95,"lower_bound":579.6964308694027,"upper_bound":1818.8790807051812},"point_estimate":1193.4272255796836,"standard_error":384.0621808649541}}