{"Mean":{"confidence_interval":{"confidence_level":0.95,"lower_bound":6152288.343019208,"upper_bound":6312969.8526733015},"point_estimate":6220299.387099162,"standard_error":41634.476239938565},"Median":{"confidence_interval":{"confidence_level":0.95,"lower_bound":6116361.019230769,"upper_bound":6243957.071428572},"point_estimate":6160429.629741379,"standard_error":38643.827348065235},"MedianAbsDev":{"confidence_interval":{"confidence_level":0.95,"lower_bound":73584.28804960844,"upper_bound":172785.2940949478},"point_estimate":131788.18454986034,"standard_error":24043.429043018557},"Slope":{"confidence_interval":{"confidence_level":0.95,"lower_bound":6103443.350071873,"upper_bound":6158499.606575633},"point_estimate":6127852.375087413,"standard_error":14015.856792922717},"StdDev":{"confidence_interval":{"confidence_level":0.95,"lower_bound":91169.32358831221,"upper_bound":370281.51416258846},"point_estimate":239485.2014265194,"standard_error":85421.69299901329}}