{"Mean":{"confidence_interval":{"confidence_level":0.95,"lower_bound":815216.5905012705,"upper_bound":858099.4940214653},"point_estimate":831180.54732739,"standard_error":11973.750732214221},"Median":{"confidence_interval":{"confidence_level":0.95,"lower_bound":812302.7264309765,"upper_bound":816770.6094086021},"point_estimate":813641.7822802197,"standard_error":1053.5177887979366},"MedianAbsDev":{"confidence_interval":{"confidence_level":0.95,"lower_bound":2037.1469495013985,"upper_bound":7640.900244165417},"point_estimate":4023.4815735688007,"standard_error":1599.1310431932561},"Slope":{"confidence_interval":{"confidence_level":0.95,"lower_bound":810737.6685401609,"upper_bound":814723.429367637},"point_estimate":812884.9766171329,"standard_error":1027.9996487196188},"StdDev":{"confidence_interval":{"confidence_level":0.95,"lower_bound":7686.403927011555,"upper_bound":112839.17658827612},"point_estimate":68686.81691197133,"standard_error":34300.06511849237}}