{"Mean":{"confidence_interval":{"confidence_level":0.95,"lower_bound":691109128.6666667,"upper_bound":740807026.6666667},"point_estimate":715958077.6666667,"standard_error":12547082.547380006},"Median":{"confidence_interval":{"confidence_level":0.95,"lower_bound":685167880.0,"upper_bound":754028100.0},"point_estimate":713733133.3333334,"standard_error":23163687.10726157},"MedianAbsDev":{"confidence_interval":{"confidence_level":0.95,"lower_bound":0.0,"upper_bound":42350843.84012228},"point_estimate":41505027.968138516,"standard_error":17891783.35008851},"Slope":{"confidence_interval":{"confidence_level":0.95,"lower_bound":686217471.0843374,"upper_bound":729507242.1052631},"point_estimate":695329616.3636364,"standard_error":10452013.0923443},"StdDev":{"confidence_interval":{"confidence_level":0.95,"lower_bound":12519636.529402427,"upper_bound":37508703.582161665},"point_estimate":31419786.609831188,"standard_error":6946411.556329339}}