{"Mean":{"confidence_interval":{"confidence_level":0.95,"lower_bound":214.18393813870918,"upper_bound":217.69741809312404},"point_estimate":215.69292870408884,"standard_error":0.9106950157192235},"Median":{"confidence_interval":{"confidence_level":0.95,"lower_bound":214.64308936029195,"upper_bound":215.80177026658947},"point_estimate":215.10858305386728,"standard_error":0.3068045919916286},"MedianAbsDev":{"confidence_interval":{"confidence_level":0.95,"lower_bound":0.812527780149199,"upper_bound":3.03332927172319},"point_estimate":1.8945621318822148,"standard_error":0.6074291922313033},"Slope":{"confidence_interval":{"confidence_level":0.95,"lower_bound":212.6357270700047,"upper_bound":214.74494805935112},"point_estimate":213.65485058924497,"standard_error":0.53924824575495},"StdDev":{"confidence_interval":{"confidence_level":0.95,"lower_bound":1.842503412783789,"upper_bound":7.942953632906899},"point_estimate":5.21585845506827,"standard_error":1.7258263821044362}}