{"Mean":{"confidence_interval":{"confidence_level":0.95,"lower_bound":30006.53454693545,"upper_bound":30757.852341000074},"point_estimate":30331.93536877864,"standard_error":194.05318951014647},"Median":{"confidence_interval":{"confidence_level":0.95,"lower_bound":29780.338815789473,"upper_bound":30476.532894736843},"point_estimate":29922.551120019176,"standard_error":204.04360358263017},"MedianAbsDev":{"confidence_interval":{"confidence_level":0.95,"lower_bound":200.62298583682093,"upper_bound":886.7280055671903},"point_estimate":481.7203485301242,"standard_error":178.1623164994078},"Slope":{"confidence_interval":{"confidence_level":0.95,"lower_bound":29835.823107504173,"upper_bound":30324.37938585112},"point_estimate":30084.817924468625,"standard_error":125.15763545536937},"StdDev":{"confidence_interval":{"confidence_level":0.95,"lower_bound":423.9104333151618,"upper_bound":1673.4912094776118},"point_estimate":1117.430471689772,"standard_error":350.22281782774206}}