{"Mean":{"confidence_interval":{"confidence_level":0.95,"lower_bound":610.2516821494223,"upper_bound":617.7455642796743},"point_estimate":613.6093016569256,"standard_error":1.926906633449557},"Median":{"confidence_interval":{"confidence_level":0.95,"lower_bound":609.7668230577766,"upper_bound":611.105964154864},"point_estimate":610.6094818921354,"standard_error":0.3605052305983224},"MedianAbsDev":{"confidence_interval":{"confidence_level":0.95,"lower_bound":0.8176861250456826,"upper_bound":7.6310115029021315},"point_estimate":2.5898535529839792,"standard_error":2.122064911962169},"Slope":{"confidence_interval":{"confidence_level":0.95,"lower_bound":608.1459295006458,"upper_bound":615.4374423304204},"point_estimate":611.3017404364286,"standard_error":1.9329706606944472},"StdDev":{"confidence_interval":{"confidence_level":0.95,"lower_bound":5.399924155645009,"upper_bound":15.69272312635953},"point_estimate":11.086537762499542,"standard_error":2.7960654756756615}}