{"Mean":{"confidence_interval":{"confidence_level":0.95,"lower_bound":11401.072081562474,"upper_bound":11961.11768195963},"point_estimate":11643.205661908049,"standard_error":143.8892186124279},"Median":{"confidence_interval":{"confidence_level":0.95,"lower_bound":11369.295409689175,"upper_bound":12222.68335210142},"point_estimate":11444.843619455847,"standard_error":221.61061215333203},"MedianAbsDev":{"confidence_interval":{"confidence_level":0.95,"lower_bound":0.0,"upper_bound":591.4796035788366},"point_estimate":112.0077738115321,"standard_error":199.649171784592},"Slope":{"confidence_interval":{"confidence_level":0.95,"lower_bound":11382.535689636383,"upper_bound":12096.300169581933},"point_estimate":11803.297481333733,"standard_error":174.28334591638315},"StdDev":{"confidence_interval":{"confidence_level":0.95,"lower_bound":26.79532108906344,"upper_bound":454.67396474730026},"point_estimate":360.4648743869143,"standard_error":120.55562719572863}}