{"Mean":{"confidence_interval":{"confidence_level":0.95,"lower_bound":389681.8259786298,"upper_bound":396750.1661044224},"point_estimate":392769.12311733136,"standard_error":1830.4599094939479},"Median":{"confidence_interval":{"confidence_level":0.95,"lower_bound":388027.265224359,"upper_bound":390260.981884058},"point_estimate":388317.95523131127,"standard_error":588.2112306643835},"MedianAbsDev":{"confidence_interval":{"confidence_level":0.95,"lower_bound":338.14451818818543,"upper_bound":3460.5949651460187},"point_estimate":842.228786302058,"standard_error":842.0655385674881},"Slope":{"confidence_interval":{"confidence_level":0.95,"lower_bound":388458.11325684027,"upper_bound":390184.2667294513},"point_estimate":389229.50784163753,"standard_error":443.04901200702125},"StdDev":{"confidence_interval":{"confidence_level":0.95,"lower_bound":3194.853341695825,"upper_bound":15315.49010130089},"point_estimate":10572.646198927048,"standard_error":3194.3680601609117}}