{"Mean":{"confidence_interval":{"confidence_level":0.95,"lower_bound":50963.17961293044,"upper_bound":57360.14849970996},"point_estimate":53412.8485471708,"standard_error":1743.676564818335},"Median":{"confidence_interval":{"confidence_level":0.95,"lower_bound":50633.227864789325,"upper_bound":61086.79322891947},"point_estimate":51324.73105521278,"standard_error":2315.5440346526107},"MedianAbsDev":{"confidence_interval":{"confidence_level":0.95,"lower_bound":0.0,"upper_bound":3371.2945802361537},"point_estimate":1025.222611920477,"standard_error":1039.0700743928076},"Slope":{"confidence_interval":{"confidence_level":0.95,"lower_bound":50859.410430839,"upper_bound":60082.20274820892},"point_estimate":55662.20247084035,"standard_error":3018.0695898801387},"StdDev":{"confidence_interval":{"confidence_level":0.95,"lower_bound":262.4290903720254,"upper_bound":5606.514890642526},"point_estimate":4373.8989082494145,"standard_error":1891.4718074831753}}