{"Mean":{"confidence_interval":{"confidence_level":0.95,"lower_bound":2140.690681193144,"upper_bound":2180.7081885330945},"point_estimate":2158.7040068009096,"standard_error":10.27237665102277},"Median":{"confidence_interval":{"confidence_level":0.95,"lower_bound":2138.2081782585096,"upper_bound":2162.7737886116256},"point_estimate":2149.960976125526,"standard_error":6.552297535099958},"MedianAbsDev":{"confidence_interval":{"confidence_level":0.95,"lower_bound":16.274231524756726,"upper_bound":46.71986080471062},"point_estimate":28.83158887292719,"standard_error":7.8926336448026255},"Slope":{"confidence_interval":{"confidence_level":0.95,"lower_bound":2133.3552659445304,"upper_bound":2160.015583249223},"point_estimate":2147.5265162291767,"standard_error":6.820586974041423},"StdDev":{"confidence_interval":{"confidence_level":0.95,"lower_bound":25.928948244585595,"upper_bound":82.99152589394069},"point_estimate":59.01799103372021,"standard_error":14.999496698825789}}