{"Mean":{"confidence_interval":{"confidence_level":0.95,"lower_bound":93861.99444216066,"upper_bound":95253.74999360711},"point_estimate":94507.50541636354,"standard_error":356.444524462988},"Median":{"confidence_interval":{"confidence_level":0.95,"lower_bound":93620.72165367121,"upper_bound":94464.86354775829},"point_estimate":94231.20015948964,"standard_error":246.74612067564394},"MedianAbsDev":{"confidence_interval":{"confidence_level":0.95,"lower_bound":534.4694523223584,"upper_bound":1384.564375029215},"point_estimate":945.0157592010261,"standard_error":221.46594789301892},"Slope":{"confidence_interval":{"confidence_level":0.95,"lower_bound":93455.48566207557,"upper_bound":95022.7330912067},"point_estimate":94090.86429717869,"standard_error":403.4553679160544},"StdDev":{"confidence_interval":{"confidence_level":0.95,"lower_bound":1007.8794471265655,"upper_bound":2674.865982881463},"point_estimate":1988.0905362455042,"standard_error":424.61501257807413}}