{"Mean":{"confidence_interval":{"confidence_level":0.95,"lower_bound":126.84818904669362,"upper_bound":127.78061228779335},"point_estimate":127.28339584059452,"standard_error":0.23896386931146102},"Median":{"confidence_interval":{"confidence_level":0.95,"lower_bound":126.81580521409124,"upper_bound":127.45659823085364},"point_estimate":127.02562391716856,"standard_error":0.14258198175689496},"MedianAbsDev":{"confidence_interval":{"confidence_level":0.95,"lower_bound":0.3197075947424316,"upper_bound":1.1172335987050732},"point_estimate":0.7535651130137611,"standard_error":0.20017906664762733},"Slope":{"confidence_interval":{"confidence_level":0.95,"lower_bound":126.66476697312802,"upper_bound":127.45218004337984},"point_estimate":127.04593228458421,"standard_error":0.20047208279634215},"StdDev":{"confidence_interval":{"confidence_level":0.95,"lower_bound":0.7244254029256194,"upper_bound":1.8533612807054698},"point_estimate":1.3741040807959921,"standard_error":0.2888918140732247}}