{"Mean":{"confidence_interval":{"confidence_level":0.95,"lower_bound":11.065586972015062,"upper_bound":11.100878541112992},"point_estimate":11.081835655863323,"standard_error":0.008993422458666625},"Median":{"confidence_interval":{"confidence_level":0.95,"lower_bound":11.062856430582213,"upper_bound":11.087537868306717},"point_estimate":11.072283715616859,"standard_error":0.006886311921714766},"MedianAbsDev":{"confidence_interval":{"confidence_level":0.95,"lower_bound":0.017953181378205025,"upper_bound":0.044778248797012817},"point_estimate":0.031019841482348633,"standard_error":0.0067068501377837665},"Slope":{"confidence_interval":{"confidence_level":0.95,"lower_bound":11.06688303341121,"upper_bound":11.088622610386249},"point_estimate":11.077113292188635,"standard_error":0.005534592322090208},"StdDev":{"confidence_interval":{"confidence_level":0.95,"lower_bound":0.027425099484159485,"upper_bound":0.07267685622163646},"point_estimate":0.051647874256168166,"standard_error":0.0120835692265082}}