{"Mean":{"confidence_interval":{"confidence_level":0.95,"lower_bound":240.78824424325828,"upper_bound":243.37420670600045},"point_estimate":242.00081548727567,"standard_error":0.6607518122099663},"Median":{"confidence_interval":{"confidence_level":0.95,"lower_bound":240.1272878832167,"upper_bound":242.47682492557533},"point_estimate":241.84470730517768,"standard_error":0.5613893712172274},"MedianAbsDev":{"confidence_interval":{"confidence_level":0.95,"lower_bound":1.6454082594216486,"upper_bound":3.9345536064583513},"point_estimate":2.7333131607959364,"standard_error":0.5941834798419325},"Slope":{"confidence_interval":{"confidence_level":0.95,"lower_bound":239.59426702110778,"upper_bound":241.47913022917965},"point_estimate":240.5400522092718,"standard_error":0.48452027194422254},"StdDev":{"confidence_interval":{"confidence_level":0.95,"lower_bound":2.289958514321744,"upper_bound":5.158649607832309},"point_estimate":3.8092139061272015,"standard_error":0.7633908980669565}}