{"Mean":{"confidence_interval":{"confidence_level":0.95,"lower_bound":-0.09959991233926335,"upper_bound":-0.016951370064090636},"point_estimate":-0.05729704072059316,"standard_error":0.021549806865223873},"Median":{"confidence_interval":{"confidence_level":0.95,"lower_bound":-0.13539652098526256,"upper_bound":-0.001036689624003384},"point_estimate":-0.05353607160224494,"standard_error":0.033228024860031395}}