{"Mean":{"confidence_interval":{"confidence_level":0.95,"lower_bound":115611.49843970766,"upper_bound":118856.93130144027},"point_estimate":117174.43127857835,"standard_error":827.6545361040562},"Median":{"confidence_interval":{"confidence_level":0.95,"lower_bound":114139.1743790064,"upper_bound":118264.7994140625},"point_estimate":115440.859375,"standard_error":978.7494737707536},"MedianAbsDev":{"confidence_interval":{"confidence_level":0.95,"lower_bound":2018.2530681351827,"upper_bound":7003.862506281576},"point_estimate":4323.876836768452,"standard_error":1210.2119773124696},"Slope":{"confidence_interval":{"confidence_level":0.95,"lower_bound":115685.71118014271,"upper_bound":120384.22605747775},"point_estimate":117949.88866368007,"standard_error":1201.8864714913157},"StdDev":{"confidence_interval":{"confidence_level":0.95,"lower_bound":3622.4619247269725,"upper_bound":5452.7677768913245},"point_estimate":4744.600170175632,"standard_error":465.9196701199513}}