{"Mean":{"confidence_interval":{"confidence_level":0.95,"lower_bound":9383179.738204094,"upper_bound":10699701.529186055},"point_estimate":9970755.235897575,"standard_error":337942.7555947159},"Median":{"confidence_interval":{"confidence_level":0.95,"lower_bound":8851201.444117647,"upper_bound":10021851.3},"point_estimate":9057321.55,"standard_error":362479.3637269333},"MedianAbsDev":{"confidence_interval":{"confidence_level":0.95,"lower_bound":269949.2378070294,"upper_bound":1714236.0479886143},"point_estimate":680777.9672971081,"standard_error":412328.04170996137},"Slope":{"confidence_interval":{"confidence_level":0.95,"lower_bound":8827147.502182178,"upper_bound":9085268.850863716},"point_estimate":8932647.36625874,"standard_error":65653.17237677994},"StdDev":{"confidence_interval":{"confidence_level":0.95,"lower_bound":909475.2615980451,"upper_bound":2773973.710165128},"point_estimate":1937202.3107542177,"standard_error":506465.7487105448}}