{"Mean":{"confidence_interval":{"confidence_level":0.95,"lower_bound":-0.25810478523014313,"upper_bound":-0.17918280389811167},"point_estimate":-0.2228558123128166,"standard_error":0.02038754396867814},"Median":{"confidence_interval":{"confidence_level":0.95,"lower_bound":-0.26452144139436884,"upper_bound":-0.2174637985198805},"point_estimate":-0.23085449601961872,"standard_error":0.011096518843608764}}