{"Mean":{"confidence_interval":{"confidence_level":0.95,"lower_bound":101.09553506741715,"upper_bound":105.08218703383189},"point_estimate":102.83168231745553,"standard_error":1.0276928691409704},"Median":{"confidence_interval":{"confidence_level":0.95,"lower_bound":100.25755603443207,"upper_bound":101.73935779972223},"point_estimate":100.85905679416075,"standard_error":0.3587859871327022},"MedianAbsDev":{"confidence_interval":{"confidence_level":0.95,"lower_bound":0.7714263748990822,"upper_bound":2.2968043416947865},"point_estimate":1.3845635639818743,"standard_error":0.415741737944053},"Slope":{"confidence_interval":{"confidence_level":0.95,"lower_bound":100.2272824287992,"upper_bound":101.0483006507108},"point_estimate":100.57734375132789,"standard_error":0.209827583356467},"StdDev":{"confidence_interval":{"confidence_level":0.95,"lower_bound":1.7246365779944952,"upper_bound":8.652522674558563},"point_estimate":5.921294176165589,"standard_error":1.7680204710006207}}