{"Mean":{"confidence_interval":{"confidence_level":0.95,"lower_bound":22871593.428571425,"upper_bound":24351585.52380953},"point_estimate":23605714.095238097,"standard_error":382956.77037788916},"Median":{"confidence_interval":{"confidence_level":0.95,"lower_bound":22728878.57142857,"upper_bound":24831692.85714286},"point_estimate":23205150.0,"standard_error":705391.2016724267},"MedianAbsDev":{"confidence_interval":{"confidence_level":0.95,"lower_bound":0.0,"upper_bound":706120.0074638647},"point_estimate":706120.0074638647,"standard_error":287053.0012986811},"Slope":{"confidence_interval":{"confidence_level":0.95,"lower_bound":22795299.394673124,"upper_bound":24493867.98941799},"point_estimate":23220365.454545453,"standard_error":421857.617498826},"StdDev":{"confidence_interval":{"confidence_level":0.95,"lower_bound":195673.9280225017,"upper_bound":1109491.3505312582},"point_estimate":956898.5520996397,"standard_error":231038.03320871879}}