{"Mean":{"confidence_interval":{"confidence_level":0.95,"lower_bound":22476.67476392422,"upper_bound":23175.224233680477},"point_estimate":22769.400309202847,"standard_error":182.11756991684015},"Median":{"confidence_interval":{"confidence_level":0.95,"lower_bound":22395.518342151678,"upper_bound":22664.20987654321},"point_estimate":22539.2680756396,"standard_error":55.450553999428266},"MedianAbsDev":{"confidence_interval":{"confidence_level":0.95,"lower_bound":183.28110969297066,"upper_bound":479.42734704774165},"point_estimate":373.9777141950756,"standard_error":76.85612124218353},"Slope":{"confidence_interval":{"confidence_level":0.95,"lower_bound":22392.379694757183,"upper_bound":22541.970849820882},"point_estimate":22467.15542022792,"standard_error":37.955012641632514},"StdDev":{"confidence_interval":{"confidence_level":0.95,"lower_bound":246.99698733813247,"upper_bound":1618.4045506369946},"point_estimate":1049.1070794164996,"standard_error":380.638644345323}}