{"Mean":{"confidence_interval":{"confidence_level":0.95,"lower_bound":4237.079204871497,"upper_bound":4503.1414676103495},"point_estimate":4363.681620789321,"standard_error":68.1558111049668},"Median":{"confidence_interval":{"confidence_level":0.95,"lower_bound":4143.591187533848,"upper_bound":4349.220105458413},"point_estimate":4185.383337585396,"standard_error":59.533776846298124},"MedianAbsDev":{"confidence_interval":{"confidence_level":0.95,"lower_bound":72.49536094563287,"upper_bound":425.42606974418584},"point_estimate":234.82932233866595,"standard_error":82.00310568106798},"Slope":{"confidence_interval":{"confidence_level":0.95,"lower_bound":4063.416485214125,"upper_bound":4164.486506393291},"point_estimate":4105.603574389829,"standard_error":25.813609864014495},"StdDev":{"confidence_interval":{"confidence_level":0.95,"lower_bound":272.905838521853,"upper_bound":466.17053030054325},"point_estimate":391.98824041953213,"standard_error":49.35861226184069}}