{"Mean":{"confidence_interval":{"confidence_level":0.95,"lower_bound":458.91579942460766,"upper_bound":466.10675284142417},"point_estimate":462.0941258380266,"standard_error":1.8366322383643954},"Median":{"confidence_interval":{"confidence_level":0.95,"lower_bound":457.1444632527313,"upper_bound":462.91872673775276},"point_estimate":460.4384970283003,"standard_error":1.5715141920786997},"MedianAbsDev":{"confidence_interval":{"confidence_level":0.95,"lower_bound":3.641308874333745,"upper_bound":10.165513113774082},"point_estimate":6.93491957252232,"standard_error":1.7487121221375712},"Slope":{"confidence_interval":{"confidence_level":0.95,"lower_bound":456.44856649121857,"upper_bound":460.2282028631889},"point_estimate":458.2997831304346,"standard_error":0.9626626289373856},"StdDev":{"confidence_interval":{"confidence_level":0.95,"lower_bound":5.42718772356324,"upper_bound":15.617922006505367},"point_estimate":10.52572678025269,"standard_error":3.0184162556716876}}