{"Mean":{"confidence_interval":{"confidence_level":0.95,"lower_bound":321432.2797679973,"upper_bound":375173.9849880586},"point_estimate":341887.2787444558,"standard_error":14730.079115698192},"Median":{"confidence_interval":{"confidence_level":0.95,"lower_bound":317244.25793244626,"upper_bound":406813.7666325486},"point_estimate":329949.7441146366,"standard_error":19009.68751884749},"MedianAbsDev":{"confidence_interval":{"confidence_level":0.95,"lower_bound":0.0,"upper_bound":22823.73379745897},"point_estimate":10615.081960981619,"standard_error":6929.486045573283},"Slope":{"confidence_interval":{"confidence_level":0.95,"lower_bound":318922.8219639954,"upper_bound":363587.23805419385},"point_estimate":328121.79398902017,"standard_error":11689.719437185937},"StdDev":{"confidence_interval":{"confidence_level":0.95,"lower_bound":3201.948640615905,"upper_bound":47088.69168042526},"point_estimate":36794.95988865794,"standard_error":16326.771238181336}}