{"Mean":{"confidence_interval":{"confidence_level":0.95,"lower_bound":288347.30621062545,"upper_bound":296892.7128570005},"point_estimate":292002.91434085614,"standard_error":2227.926121122457},"Median":{"confidence_interval":{"confidence_level":0.95,"lower_bound":286538.387669837,"upper_bound":291941.9518229166},"point_estimate":290164.1965945513,"standard_error":1697.0835913041396},"MedianAbsDev":{"confidence_interval":{"confidence_level":0.95,"lower_bound":1822.4052281554013,"upper_bound":6511.480660191334},"point_estimate":4674.355126088186,"standard_error":1143.3337858223797},"Slope":{"confidence_interval":{"confidence_level":0.95,"lower_bound":286595.6887263374,"upper_bound":289634.15411613975},"point_estimate":288030.79821896856,"standard_error":778.4351151936796},"StdDev":{"confidence_interval":{"confidence_level":0.95,"lower_bound":3368.6373556244525,"upper_bound":19109.16233960177},"point_estimate":12839.212268670028,"standard_error":4293.345730297403}}