{"Mean":{"confidence_interval":{"confidence_level":0.95,"lower_bound":-0.4018135369625307,"upper_bound":-0.2716959842189755},"point_estimate":-0.3380062637952116,"standard_error":0.03336290434873487},"Median":{"confidence_interval":{"confidence_level":0.95,"lower_bound":-0.28044165175360025,"upper_bound":-0.24191985095846857},"point_estimate":-0.2523227461953659,"standard_error":0.010212123237739663}}