{"Mean":{"confidence_interval":{"confidence_level":0.95,"lower_bound":28709.41292606294,"upper_bound":30370.674785996514},"point_estimate":29372.44303540163,"standard_error":439.9104089313645},"Median":{"confidence_interval":{"confidence_level":0.95,"lower_bound":28477.307274701412,"upper_bound":29046.959826275786},"point_estimate":28775.445227304914,"standard_error":140.8052593247592},"MedianAbsDev":{"confidence_interval":{"confidence_level":0.95,"lower_bound":368.75448693864007,"upper_bound":904.2582193508672},"point_estimate":593.7523135630231,"standard_error":142.48591752956523},"Slope":{"confidence_interval":{"confidence_level":0.95,"lower_bound":28803.237375673536,"upper_bound":29177.676191494455},"point_estimate":29002.696009202526,"standard_error":95.26875965271653},"StdDev":{"confidence_interval":{"confidence_level":0.95,"lower_bound":528.7434780341566,"upper_bound":4051.2616118303786},"point_estimate":2540.358370265106,"standard_error":1068.8088672950992}}