{"Mean":{"confidence_interval":{"confidence_level":0.95,"lower_bound":15117.826089695136,"upper_bound":15921.634353741498},"point_estimate":15519.730221718313,"standard_error":216.0221026999556},"Median":{"confidence_interval":{"confidence_level":0.95,"lower_bound":15070.04755605946,"upper_bound":16111.89058956916},"point_estimate":15179.7940287226,"standard_error":444.2240340122943},"MedianAbsDev":{"confidence_interval":{"confidence_level":0.95,"lower_bound":0.0,"upper_bound":162.71011748168752},"point_estimate":162.71011748168752,"standard_error":58.82359089021731},"Slope":{"confidence_interval":{"confidence_level":0.95,"lower_bound":15126.659586970252,"upper_bound":15614.347127739984},"point_estimate":15232.73259808974,"standard_error":134.5459661809239},"StdDev":{"confidence_interval":{"confidence_level":0.95,"lower_bound":35.36814224983596,"upper_bound":567.1518345881201},"point_estimate":537.6150896943061,"standard_error":139.99903167059512}}