{"Mean":{"confidence_interval":{"confidence_level":0.95,"lower_bound":-0.02311418020006455,"upper_bound":0.008535763288481333},"point_estimate":-0.010710251434632223,"standard_error":0.008081524487457845},"Median":{"confidence_interval":{"confidence_level":0.95,"lower_bound":-0.020382880980875595,"upper_bound":-0.009611483919518715},"point_estimate":-0.014542424001434351,"standard_error":0.002707183065145108}}