{"Mean":{"confidence_interval":{"confidence_level":0.95,"lower_bound":22503.86028040835,"upper_bound":23091.3399610561},"point_estimate":22758.386233412803,"standard_error":151.83693754219755},"Median":{"confidence_interval":{"confidence_level":0.95,"lower_bound":22323.325467391303,"upper_bound":22826.362954545453},"point_estimate":22524.36606321839,"standard_error":128.9653170919562},"MedianAbsDev":{"confidence_interval":{"confidence_level":0.95,"lower_bound":237.37772748762558,"upper_bound":674.645785583939},"point_estimate":460.5425906782789,"standard_error":107.65360917361181},"Slope":{"confidence_interval":{"confidence_level":0.95,"lower_bound":22405.660289605534,"upper_bound":22733.861027642266},"point_estimate":22559.273663243006,"standard_error":83.8444378711625},"StdDev":{"confidence_interval":{"confidence_level":0.95,"lower_bound":342.73617251725153,"upper_bound":1307.3220537380907},"point_estimate":871.5998224014386,"standard_error":274.93944624871085}}