{"Mean":{"confidence_interval":{"confidence_level":0.95,"lower_bound":29697.736664120726,"upper_bound":30030.798328158544},"point_estimate":29841.24207517807,"standard_error":86.04502594053719},"Median":{"confidence_interval":{"confidence_level":0.95,"lower_bound":29657.221508459996,"upper_bound":29742.094942505344},"point_estimate":29681.123829552853,"standard_error":24.293741362004027},"MedianAbsDev":{"confidence_interval":{"confidence_level":0.95,"lower_bound":31.99445231053535,"upper_bound":187.84374648186738},"point_estimate":110.74339656636624,"standard_error":39.94676279543702},"Slope":{"confidence_interval":{"confidence_level":0.95,"lower_bound":29629.145136050756,"upper_bound":29749.106890165684},"point_estimate":29690.848131245726,"standard_error":30.563911441463574},"StdDev":{"confidence_interval":{"confidence_level":0.95,"lower_bound":174.5954632676852,"upper_bound":738.2611081355548},"point_estimate":494.1491409956816,"standard_error":156.4442853992219}}