{"Mean":{"confidence_interval":{"confidence_level":0.95,"lower_bound":30402.353788586082,"upper_bound":31397.21484921808},"point_estimate":30788.02672522685,"standard_error":271.2268627896124},"Median":{"confidence_interval":{"confidence_level":0.95,"lower_bound":30521.033333333333,"upper_bound":30784.86666666667},"point_estimate":30647.547699214367,"standard_error":70.10311043095791},"MedianAbsDev":{"confidence_interval":{"confidence_level":0.95,"lower_bound":161.58099917814778,"upper_bound":439.3655155340226},"point_estimate":234.76555253836088,"standard_error":71.40337810972191},"Slope":{"confidence_interval":{"confidence_level":0.95,"lower_bound":30517.499468704875,"upper_bound":30723.593803941283},"point_estimate":30615.327942890443,"standard_error":52.5922283376075},"StdDev":{"confidence_interval":{"confidence_level":0.95,"lower_bound":295.71381951474115,"upper_bound":2582.720534549939},"point_estimate":1561.1887489419983,"standard_error":749.8544921074256}}