{"Mean":{"confidence_interval":{"confidence_level":0.95,"lower_bound":274462409.6666667,"upper_bound":306479488.3333334},"point_estimate":290269278.8333334,"standard_error":8346808.766778075},"Median":{"confidence_interval":{"confidence_level":0.95,"lower_bound":263601012.5,"upper_bound":316032675.0},"point_estimate":287413290.0,"standard_error":13253919.535155183},"MedianAbsDev":{"confidence_interval":{"confidence_level":0.95,"lower_bound":0.0,"upper_bound":35304081.994727254},"point_estimate":26742782.501220703,"standard_error":10762016.095611734},"Slope":{"confidence_interval":{"confidence_level":0.95,"lower_bound":268347742.4528302,"upper_bound":297305200.0},"point_estimate":281493918.1818182,"standard_error":7578242.245382499},"StdDev":{"confidence_interval":{"confidence_level":0.95,"lower_bound":8066731.504365321,"upper_bound":26670795.001911696},"point_estimate":20880787.185580943,"standard_error":4921716.250716105}}