{"Mean":{"confidence_interval":{"confidence_level":0.95,"lower_bound":18111.179695533585,"upper_bound":18975.539504022083},"point_estimate":18529.420196600615,"standard_error":221.0163081504821},"Median":{"confidence_interval":{"confidence_level":0.95,"lower_bound":17549.959099804306,"upper_bound":19119.593371550527},"point_estimate":17668.83184656179,"standard_error":451.1392712633256},"MedianAbsDev":{"confidence_interval":{"confidence_level":0.95,"lower_bound":193.3380526074126,"upper_bound":1919.3612305715214},"point_estimate":466.3639384169509,"standard_error":527.2794715023488},"Slope":{"confidence_interval":{"confidence_level":0.95,"lower_bound":17675.59924003183,"upper_bound":18458.889774844483},"point_estimate":18027.767761519302,"standard_error":201.1862544157897},"StdDev":{"confidence_interval":{"confidence_level":0.95,"lower_bound":1006.9536710401678,"upper_bound":1445.1525074625304},"point_estimate":1273.7478961371899,"standard_error":111.58933761435487}}