{"Mean":{"confidence_interval":{"confidence_level":0.95,"lower_bound":115708.76364149507,"upper_bound":119667.55628513415},"point_estimate":117215.41294004767,"standard_error":1083.2031954976792},"Median":{"confidence_interval":{"confidence_level":0.95,"lower_bound":115185.70740853349,"upper_bound":116212.4358974359},"point_estimate":115830.21203155819,"standard_error":288.4668153159941},"MedianAbsDev":{"confidence_interval":{"confidence_level":0.95,"lower_bound":575.2832310752981,"upper_bound":1690.387589899128},"point_estimate":1084.017255130972,"standard_error":300.60518748477523},"Slope":{"confidence_interval":{"confidence_level":0.95,"lower_bound":115283.41255950938,"upper_bound":117242.7223190368},"point_estimate":116045.4361663977,"standard_error":540.6270788996756},"StdDev":{"confidence_interval":{"confidence_level":0.95,"lower_bound":975.4716830139347,"upper_bound":10160.219084850263},"point_estimate":6220.125421241494,"standard_error":2963.4586270611762}}