{"Mean":{"confidence_interval":{"confidence_level":0.95,"lower_bound":28579.383387740265,"upper_bound":29364.828492100525},"point_estimate":28860.189600730573,"standard_error":232.25942886991373},"Median":{"confidence_interval":{"confidence_level":0.95,"lower_bound":28536.6015625,"upper_bound":28628.417338709678},"point_estimate":28589.53125,"standard_error":28.49700673939377},"MedianAbsDev":{"confidence_interval":{"confidence_level":0.95,"lower_bound":71.07153712723614,"upper_bound":229.24612994448987},"point_estimate":141.15720385171593,"standard_error":43.73333975741343},"Slope":{"confidence_interval":{"confidence_level":0.95,"lower_bound":28526.23562899323,"upper_bound":28612.456607883392},"point_estimate":28565.647372159092,"standard_error":21.99068906347344},"StdDev":{"confidence_interval":{"confidence_level":0.95,"lower_bound":132.68353486494186,"upper_bound":2235.6055824826817},"point_estimate":1337.529978854431,"standard_error":737.0916595561022}}