{"Mean":{"confidence_interval":{"confidence_level":0.95,"lower_bound":130321251.63854966,"upper_bound":136738452.28126556},"point_estimate":132924912.43478121,"standard_error":1697505.7552343176},"Median":{"confidence_interval":{"confidence_level":0.95,"lower_bound":129891620.66666667,"upper_bound":130430671.35714285},"point_estimate":130235364.8385965,"standard_error":158521.1071914557},"MedianAbsDev":{"confidence_interval":{"confidence_level":0.95,"lower_bound":406128.45112517284,"upper_bound":1263382.670970478},"point_estimate":780086.4002188594,"standard_error":224673.1553064466},"Slope":{"confidence_interval":{"confidence_level":0.95,"lower_bound":130173878.8783173,"upper_bound":144892294.00009394},"point_estimate":136633758.7987762,"standard_error":3927223.521293785},"StdDev":{"confidence_interval":{"confidence_level":0.95,"lower_bound":1082508.1097745684,"upper_bound":15406267.491610995},"point_estimate":9806339.418838268,"standard_error":3962466.917957207}}