{"Mean":{"confidence_interval":{"confidence_level":0.95,"lower_bound":153582275.53568622,"upper_bound":173201969.6695361},"point_estimate":162834897.98033136,"standard_error":5011598.387526623},"Median":{"confidence_interval":{"confidence_level":0.95,"lower_bound":140150811.0,"upper_bound":171639821.24},"point_estimate":154714755.27232143,"standard_error":10015842.457648182},"MedianAbsDev":{"confidence_interval":{"confidence_level":0.95,"lower_bound":4308491.513461947,"upper_bound":43591396.32735291},"point_estimate":24973173.27999798,"standard_error":11527422.697049506},"Slope":{"confidence_interval":{"confidence_level":0.95,"lower_bound":161009550.23664594,"upper_bound":180441805.1648639},"point_estimate":171027969.35751748,"standard_error":4958871.595740124},"StdDev":{"confidence_interval":{"confidence_level":0.95,"lower_bound":19442246.637880486,"upper_bound":37245232.62582377},"point_estimate":28739525.86532165,"standard_error":4745771.659608076}}