{"Mean":{"confidence_interval":{"confidence_level":0.95,"lower_bound":54450.43108153381,"upper_bound":55053.01311861577},"point_estimate":54734.560263465595,"standard_error":154.27216157739667},"Median":{"confidence_interval":{"confidence_level":0.95,"lower_bound":54118.265664160404,"upper_bound":55206.8466553288},"point_estimate":54601.75183796089,"standard_error":237.7332303271764},"MedianAbsDev":{"confidence_interval":{"confidence_level":0.95,"lower_bound":495.2498416714563,"upper_bound":1148.7333496008569},"point_estimate":1030.002087696714,"standard_error":170.05069582676788},"Slope":{"confidence_interval":{"confidence_level":0.95,"lower_bound":54335.821541625395,"upper_bound":54913.46299407311},"point_estimate":54619.925104582915,"standard_error":148.01427893732475},"StdDev":{"confidence_interval":{"confidence_level":0.95,"lower_bound":597.1451830869034,"upper_bound":1199.4629948692298},"point_estimate":886.2575185352304,"standard_error":171.64825834941522}}