{"Mean":{"confidence_interval":{"confidence_level":0.95,"lower_bound":48.56571656357236,"upper_bound":49.92260088668849},"point_estimate":49.225329187350575,"standard_error":0.34622878867936996},"Median":{"confidence_interval":{"confidence_level":0.95,"lower_bound":47.634482607031664,"upper_bound":50.61747526083545},"point_estimate":48.2815056223054,"standard_error":0.858157621107583},"MedianAbsDev":{"confidence_interval":{"confidence_level":0.95,"lower_bound":0.47230311120189195,"upper_bound":3.085084137569669},"point_estimate":1.4203185347830694,"standard_error":0.7821093853707799},"Slope":{"confidence_interval":{"confidence_level":0.95,"lower_bound":49.47633559989532,"upper_bound":50.78058281692762},"point_estimate":50.22311946389358,"standard_error":0.33252339673814274},"StdDev":{"confidence_interval":{"confidence_level":0.95,"lower_bound":1.556328237427895,"upper_bound":2.35029715714152},"point_estimate":1.9923527953593054,"standard_error":0.2048094672108051}}