{"Mean":{"confidence_interval":{"confidence_level":0.95,"lower_bound":18508.116707491903,"upper_bound":18578.699975027568},"point_estimate":18540.024111757455,"standard_error":18.139274896433207},"Median":{"confidence_interval":{"confidence_level":0.95,"lower_bound":18495.96571763548,"upper_bound":18552.02559055118},"point_estimate":18504.219740727312,"standard_error":19.155591288480277},"MedianAbsDev":{"confidence_interval":{"confidence_level":0.95,"lower_bound":43.82955442691508,"upper_bound":99.9340502793223},"point_estimate":64.33001061291237,"standard_error":13.962638916568954},"Slope":{"confidence_interval":{"confidence_level":0.95,"lower_bound":18467.133777805822,"upper_bound":18499.30396519973},"point_estimate":18481.169149723308,"standard_error":8.201748258009504},"StdDev":{"confidence_interval":{"confidence_level":0.95,"lower_bound":53.56406593202049,"upper_bound":148.10183316573548},"point_estimate":104.08247157361662,"standard_error":26.086258407312542}}