{"Mean":{"confidence_interval":{"confidence_level":0.95,"lower_bound":3033666675.0,"upper_bound":3155048620.0},"point_estimate":3080652878.333333,"standard_error":32860493.71872627},"Median":{"confidence_interval":{"confidence_level":0.95,"lower_bound":3018924975.0,"upper_bound":3225160600.0},"point_estimate":3049880650.0,"standard_error":41927719.18828774},"MedianAbsDev":{"confidence_interval":{"confidence_level":0.95,"lower_bound":0.0,"upper_bound":63385337.219685316},"point_estimate":17490454.279482365,"standard_error":19173386.00217215},"Slope":{"confidence_interval":{"confidence_level":0.95,"lower_bound":3026933494.827586,"upper_bound":3074920642.857143},"point_estimate":3049054747.2727275,"standard_error":12778131.696210582},"StdDev":{"confidence_interval":{"confidence_level":0.95,"lower_bound":5890687.06975261,"upper_bound":108049794.4121086},"point_estimate":82296637.43523116,"standard_error":35665577.71518414}}