{"Mean":{"confidence_interval":{"confidence_level":0.95,"lower_bound":13668.91631698305,"upper_bound":13779.15013711833},"point_estimate":13719.90141815953,"standard_error":28.19197616217933},"Median":{"confidence_interval":{"confidence_level":0.95,"lower_bound":13618.619002050582,"upper_bound":13683.05573934837},"point_estimate":13630.86520827932,"standard_error":22.98118653979381},"MedianAbsDev":{"confidence_interval":{"confidence_level":0.95,"lower_bound":8.203750819267219,"upper_bound":104.308650924466},"point_estimate":27.591855046293436,"standard_error":32.58268891606694},"Slope":{"confidence_interval":{"confidence_level":0.95,"lower_bound":13665.106636916897,"upper_bound":13769.338087160764},"point_estimate":13715.229541116778,"standard_error":26.72225734822226},"StdDev":{"confidence_interval":{"confidence_level":0.95,"lower_bound":96.67691172884096,"upper_bound":214.06961421332932},"point_estimate":162.0336282453512,"standard_error":30.672740562147673}}