{"Mean":{"confidence_interval":{"confidence_level":0.95,"lower_bound":-0.0358382756762437,"upper_bound":0.010328607331460604},"point_estimate":-0.01332665065341121,"standard_error":0.011610579380843308},"Median":{"confidence_interval":{"confidence_level":0.95,"lower_bound":-0.01585263877501708,"upper_bound":-0.009820653321190642},"point_estimate":-0.013053397387770338,"standard_error":0.0014982023577751655}}