{"Mean":{"confidence_interval":{"confidence_level":0.95,"lower_bound":1870969.1370417797,"upper_bound":1941781.6814155327},"point_estimate":1909067.6277738072,"standard_error":18098.891643254578},"Median":{"confidence_interval":{"confidence_level":0.95,"lower_bound":1888845.8333333335,"upper_bound":1955776.83982684},"point_estimate":1929660.8766233767,"standard_error":19614.497600099254},"MedianAbsDev":{"confidence_interval":{"confidence_level":0.95,"lower_bound":44008.50921869284,"upper_bound":102074.04298782349},"point_estimate":78155.25761246681,"standard_error":14507.044845426046},"Slope":{"confidence_interval":{"confidence_level":0.95,"lower_bound":1919331.40027212,"upper_bound":1960627.6159566634},"point_estimate":1941644.9286092015,"standard_error":10542.907629054513},"StdDev":{"confidence_interval":{"confidence_level":0.95,"lower_bound":55042.991930680764,"upper_bound":138160.95754617808},"point_estimate":100565.16647097608,"standard_error":22059.757956408874}}