{"Mean":{"confidence_interval":{"confidence_level":0.95,"lower_bound":38.96064220427669,"upper_bound":39.25727299611389},"point_estimate":39.10741882059509,"standard_error":0.07589816324054759},"Median":{"confidence_interval":{"confidence_level":0.95,"lower_bound":38.938426878751216,"upper_bound":39.30693382488069},"point_estimate":39.231939456076894,"standard_error":0.09636619869458894},"MedianAbsDev":{"confidence_interval":{"confidence_level":0.95,"lower_bound":0.14910503704975075,"upper_bound":0.5539652441140155},"point_estimate":0.2614680482992833,"standard_error":0.10362963645110577},"Slope":{"confidence_interval":{"confidence_level":0.95,"lower_bound":38.84977180688052,"upper_bound":39.13577035149608},"point_estimate":38.996801671887646,"standard_error":0.07316518577198779},"StdDev":{"confidence_interval":{"confidence_level":0.95,"lower_bound":0.3113550590705392,"upper_bound":0.5426118652046558},"point_estimate":0.4370995986894881,"standard_error":0.05959149826068515}}