{"Mean":{"confidence_interval":{"confidence_level":0.95,"lower_bound":38.78080080114741,"upper_bound":39.44683171774596},"point_estimate":39.05217338656092,"standard_error":0.17498823260524782},"Median":{"confidence_interval":{"confidence_level":0.95,"lower_bound":38.761172350269256,"upper_bound":38.98965633494174},"point_estimate":38.84091672109962,"standard_error":0.057311725695042226},"MedianAbsDev":{"confidence_interval":{"confidence_level":0.95,"lower_bound":0.13929140695417006,"upper_bound":0.41253885493602777},"point_estimate":0.2725388298187518,"standard_error":0.06770275627240327},"Slope":{"confidence_interval":{"confidence_level":0.95,"lower_bound":38.652450908941006,"upper_bound":38.83564413944685},"point_estimate":38.748008175846145,"standard_error":0.046887575491525224},"StdDev":{"confidence_interval":{"confidence_level":0.95,"lower_bound":0.21415604571983735,"upper_bound":1.5756590387775253},"point_estimate":1.0059249077825048,"standard_error":0.39104730813299204}}