{"Mean":{"confidence_interval":{"confidence_level":0.95,"lower_bound":12.473290917438634,"upper_bound":12.647186479915831},"point_estimate":12.552165380754326,"standard_error":0.0445006659944924},"Median":{"confidence_interval":{"confidence_level":0.95,"lower_bound":12.416351750844555,"upper_bound":12.639925225063733},"point_estimate":12.52223720138413,"standard_error":0.0573397554664271},"MedianAbsDev":{"confidence_interval":{"confidence_level":0.95,"lower_bound":0.13713509530543705,"upper_bound":0.2887734731377965},"point_estimate":0.20119554690188682,"standard_error":0.03821495174566642},"Slope":{"confidence_interval":{"confidence_level":0.95,"lower_bound":12.406204673296545,"upper_bound":12.559534269326111},"point_estimate":12.482901357591249,"standard_error":0.03939818288022157},"StdDev":{"confidence_interval":{"confidence_level":0.95,"lower_bound":0.149344980970514,"upper_bound":0.36916774454606793},"point_estimate":0.2565322353875357,"standard_error":0.06477203195947395}}