{"Mean":{"confidence_interval":{"confidence_level":0.95,"lower_bound":12.954864666681969,"upper_bound":13.362839178877616},"point_estimate":13.135751810940498,"standard_error":0.10506854766650979},"Median":{"confidence_interval":{"confidence_level":0.95,"lower_bound":12.881914381069837,"upper_bound":13.040000344138825},"point_estimate":12.942391477939402,"standard_error":0.04525416553480408},"MedianAbsDev":{"confidence_interval":{"confidence_level":0.95,"lower_bound":0.11910092388688119,"upper_bound":0.3383213301231161},"point_estimate":0.20676060385815287,"standard_error":0.059864924792646386},"Slope":{"confidence_interval":{"confidence_level":0.95,"lower_bound":12.859433018575412,"upper_bound":12.964259517599023},"point_estimate":12.908775822788437,"standard_error":0.02658150445131287},"StdDev":{"confidence_interval":{"confidence_level":0.95,"lower_bound":0.1993387016601182,"upper_bound":0.8603202412572829},"point_estimate":0.6047804586875646,"standard_error":0.16688563910139076}}