{"Mean":{"confidence_interval":{"confidence_level":0.95,"lower_bound":2760.0746959356115,"upper_bound":3139.115639816835},"point_estimate":2904.271980980062,"standard_error":103.52611780059632},"Median":{"confidence_interval":{"confidence_level":0.95,"lower_bound":2723.5363305473174,"upper_bound":2768.645304605718},"point_estimate":2743.2548634136574,"standard_error":11.401685269232448},"MedianAbsDev":{"confidence_interval":{"confidence_level":0.95,"lower_bound":28.300803914623792,"upper_bound":88.33968685539259},"point_estimate":47.30101042572883,"standard_error":16.023603225857183},"Slope":{"confidence_interval":{"confidence_level":0.95,"lower_bound":2787.1962813653245,"upper_bound":3460.414806701654},"point_estimate":3044.8374963410993,"standard_error":182.12020802558814},"StdDev":{"confidence_interval":{"confidence_level":0.95,"lower_bound":102.87277774302851,"upper_bound":940.5969751254355},"point_estimate":577.2047563316504,"standard_error":274.26052680389716}}