{"Mean":{"confidence_interval":{"confidence_level":0.95,"lower_bound":11410.410609928576,"upper_bound":12958.711451146877},"point_estimate":12187.548455866063,"standard_error":395.7351695545871},"Median":{"confidence_interval":{"confidence_level":0.95,"lower_bound":10778.606823917686,"upper_bound":13590.596672167218},"point_estimate":12248.170104510451,"standard_error":701.5909524985735},"MedianAbsDev":{"confidence_interval":{"confidence_level":0.95,"lower_bound":1777.524976902144,"upper_bound":3728.0210156955845},"point_estimate":2954.1893924821466,"standard_error":504.3992522362073},"Slope":{"confidence_interval":{"confidence_level":0.95,"lower_bound":11945.408393165104,"upper_bound":13663.368183343007},"point_estimate":12813.815828097233,"standard_error":439.137286508946},"StdDev":{"confidence_interval":{"confidence_level":0.95,"lower_bound":1874.080008860956,"upper_bound":2566.897192743352},"point_estimate":2272.1834617026557,"standard_error":177.38861142635778}}