{"Mean":{"confidence_interval":{"confidence_level":0.95,"lower_bound":500.46281974271494,"upper_bound":513.5137438699298},"point_estimate":505.9423545671843,"standard_error":3.377399695560574},"Median":{"confidence_interval":{"confidence_level":0.95,"lower_bound":499.012236744548,"upper_bound":508.6716288072183},"point_estimate":504.477104358536,"standard_error":2.951881887816864},"MedianAbsDev":{"confidence_interval":{"confidence_level":0.95,"lower_bound":5.987061328661307,"upper_bound":15.4925790407547},"point_estimate":10.111090013043915,"standard_error":2.405656237788537},"Slope":{"confidence_interval":{"confidence_level":0.95,"lower_bound":505.9746810687222,"upper_bound":510.6683778972138},"point_estimate":508.47525509840074,"standard_error":1.1920343747886262},"StdDev":{"confidence_interval":{"confidence_level":0.95,"lower_bound":8.050964749367676,"upper_bound":30.576342615793028},"point_estimate":19.48692033818613,"standard_error":7.1688767325445495}}