{"Mean":{"confidence_interval":{"confidence_level":0.95,"lower_bound":66212.4929768331,"upper_bound":68203.22882855784},"point_estimate":67057.34034177358,"standard_error":516.836196091595},"Median":{"confidence_interval":{"confidence_level":0.95,"lower_bound":65983.2173222461,"upper_bound":66652.64645426517},"point_estimate":66145.50564676464,"standard_error":185.0236371424904},"MedianAbsDev":{"confidence_interval":{"confidence_level":0.95,"lower_bound":488.7175762794413,"upper_bound":1471.7340909725071},"point_estimate":777.5625977787078,"standard_error":259.1827546238635},"Slope":{"confidence_interval":{"confidence_level":0.95,"lower_bound":66027.2084088946,"upper_bound":66407.67726382498},"point_estimate":66225.18425818786,"standard_error":96.84015454438412},"StdDev":{"confidence_interval":{"confidence_level":0.95,"lower_bound":877.7106142415759,"upper_bound":4541.5199950054475},"point_estimate":2976.750342679691,"standard_error":1024.1669885299682}}