{"Mean":{"confidence_interval":{"confidence_level":0.95,"lower_bound":11434.267405957058,"upper_bound":11766.228361939973},"point_estimate":11588.934734360653,"standard_error":84.96621641474358},"Median":{"confidence_interval":{"confidence_level":0.95,"lower_bound":11278.726118807572,"upper_bound":11601.136921674797},"point_estimate":11390.675426428279,"standard_error":100.53942103467661},"MedianAbsDev":{"confidence_interval":{"confidence_level":0.95,"lower_bound":105.45750628292883,"upper_bound":511.02456823817784},"point_estimate":276.38962818804777,"standard_error":109.24800453788063},"Slope":{"confidence_interval":{"confidence_level":0.95,"lower_bound":11391.963692234422,"upper_bound":11927.48273152525},"point_estimate":11645.141062682693,"standard_error":137.451086894686},"StdDev":{"confidence_interval":{"confidence_level":0.95,"lower_bound":305.3838734947369,"upper_bound":609.2533807908749},"point_estimate":485.1345226634998,"standard_error":77.75370337958655}}