{"Mean":{"confidence_interval":{"confidence_level":0.95,"lower_bound":-0.039357830104866695,"upper_bound":-0.003939705951249292},"point_estimate":-0.02403238733477875,"standard_error":0.008926431850754974},"Median":{"confidence_interval":{"confidence_level":0.95,"lower_bound":-0.04238913866812488,"upper_bound":-0.020542931328387026},"point_estimate":-0.03371229586174007,"standard_error":0.005697787419639153}}