{"Mean":{"confidence_interval":{"confidence_level":0.95,"lower_bound":196285.94876625182,"upper_bound":210074.30817903162},"point_estimate":202050.30340712602,"standard_error":3607.5355254733445},"Median":{"confidence_interval":{"confidence_level":0.95,"lower_bound":194295.1073286052,"upper_bound":199109.94493116395},"point_estimate":195467.77692819148,"standard_error":1231.0821481760818},"MedianAbsDev":{"confidence_interval":{"confidence_level":0.95,"lower_bound":219.6417283700801,"upper_bound":5849.2357477723535},"point_estimate":1935.1863212419723,"standard_error":1564.0046626024305},"Slope":{"confidence_interval":{"confidence_level":0.95,"lower_bound":194980.4428501414,"upper_bound":197538.9834896901},"point_estimate":196015.12106085403,"standard_error":656.4319753943031},"StdDev":{"confidence_interval":{"confidence_level":0.95,"lower_bound":2665.61093392396,"upper_bound":30902.55110561988},"point_estimate":20703.043321782163,"standard_error":7449.229882572228}}