{"Mean":{"confidence_interval":{"confidence_level":0.95,"lower_bound":202748.26559733777,"upper_bound":206848.29436299932},"point_estimate":204423.0135117271,"standard_error":1073.945543120018},"Median":{"confidence_interval":{"confidence_level":0.95,"lower_bound":202285.33675213676,"upper_bound":204061.0611111111},"point_estimate":203010.32086818002,"standard_error":482.86886079752196},"MedianAbsDev":{"confidence_interval":{"confidence_level":0.95,"lower_bound":1113.859831949147,"upper_bound":3105.2075736270967},"point_estimate":1965.5843706594462,"standard_error":513.5143575343923},"Slope":{"confidence_interval":{"confidence_level":0.95,"lower_bound":202113.88751721507,"upper_bound":202979.71763367383},"point_estimate":202514.5759887335,"standard_error":219.97274164851402},"StdDev":{"confidence_interval":{"confidence_level":0.95,"lower_bound":1705.3714396345267,"upper_bound":9717.856899525144},"point_estimate":6166.062079912877,"standard_error":2427.272056902104}}