{"Mean":{"confidence_interval":{"confidence_level":0.95,"lower_bound":7668.527019695094,"upper_bound":7906.102864761445},"point_estimate":7761.168560300193,"standard_error":64.24273754536193},"Median":{"confidence_interval":{"confidence_level":0.95,"lower_bound":7607.03363914373,"upper_bound":7768.351831654584},"point_estimate":7673.517018150045,"standard_error":43.0332269606565},"MedianAbsDev":{"confidence_interval":{"confidence_level":0.95,"lower_bound":52.21790680855895,"upper_bound":201.79790039985707},"point_estimate":134.62492698963007,"standard_error":40.02895276523757},"Slope":{"confidence_interval":{"confidence_level":0.95,"lower_bound":7721.308447314436,"upper_bound":7814.650151632548},"point_estimate":7772.816077792099,"standard_error":23.824915960735773},"StdDev":{"confidence_interval":{"confidence_level":0.95,"lower_bound":102.26736910174664,"upper_bound":604.0283739501708},"point_estimate":370.13756567898963,"standard_error":169.67233009869219}}