{"Mean":{"confidence_interval":{"confidence_level":0.95,"lower_bound":4797.8955444560115,"upper_bound":5015.621536523279},"point_estimate":4905.253352923575,"standard_error":55.65072204075579},"Median":{"confidence_interval":{"confidence_level":0.95,"lower_bound":4654.610961226822,"upper_bound":5165.78043833824},"point_estimate":4791.484418304954,"standard_error":121.90545046337941},"MedianAbsDev":{"confidence_interval":{"confidence_level":0.95,"lower_bound":138.79995117090897,"upper_bound":498.26416779781096},"point_estimate":331.7463806063247,"standard_error":94.54201085967873},"Slope":{"confidence_interval":{"confidence_level":0.95,"lower_bound":4678.720409866856,"upper_bound":4911.459164552819},"point_estimate":4792.16711099254,"standard_error":59.673533048210054},"StdDev":{"confidence_interval":{"confidence_level":0.95,"lower_bound":268.03238401564,"upper_bound":348.05291750301774},"point_estimate":318.14582838095436,"standard_error":20.365173981382153}}