{"Mean":{"confidence_interval":{"confidence_level":0.95,"lower_bound":66607.22362966146,"upper_bound":69610.1371214498},"point_estimate":67858.78166184748,"standard_error":785.6325743884656},"Median":{"confidence_interval":{"confidence_level":0.95,"lower_bound":66149.16314007618,"upper_bound":66784.89208633093},"point_estimate":66412.64448441248,"standard_error":219.61928279884557},"MedianAbsDev":{"confidence_interval":{"confidence_level":0.95,"lower_bound":227.57095957353744,"upper_bound":1376.7429173499454},"point_estimate":500.5404467491225,"standard_error":299.3123045845344},"Slope":{"confidence_interval":{"confidence_level":0.95,"lower_bound":66261.36438182577,"upper_bound":66574.87279713566},"point_estimate":66401.75202495346,"standard_error":80.13597652213015},"StdDev":{"confidence_interval":{"confidence_level":0.95,"lower_bound":824.8783944986799,"upper_bound":6871.139492892681},"point_estimate":4510.725185887557,"standard_error":1639.3493516799879}}