{"Mean":{"confidence_interval":{"confidence_level":0.95,"lower_bound":4056.510322722753,"upper_bound":4174.832031694819},"point_estimate":4103.708397797387,"standard_error":31.447221329496692},"Median":{"confidence_interval":{"confidence_level":0.95,"lower_bound":4031.5748207885304,"upper_bound":4112.522401433692},"point_estimate":4083.839958349927,"standard_error":23.312588292782223},"MedianAbsDev":{"confidence_interval":{"confidence_level":0.95,"lower_bound":51.3367003270697,"upper_bound":116.9170770028412},"point_estimate":88.13759917947071,"standard_error":16.087585343005273},"Slope":{"confidence_interval":{"confidence_level":0.95,"lower_bound":4086.420334114048,"upper_bound":4134.336198371669},"point_estimate":4111.796916121513,"standard_error":12.232067754622609},"StdDev":{"confidence_interval":{"confidence_level":0.95,"lower_bound":58.06514401155375,"upper_bound":291.385540260321},"point_estimate":180.24274386909522,"standard_error":77.5498250764553}}