{"Mean":{"confidence_interval":{"confidence_level":0.95,"lower_bound":819349.7903296424,"upper_bound":863276.7245922206},"point_estimate":836682.1740255817,"standard_error":11666.668621427563},"Median":{"confidence_interval":{"confidence_level":0.95,"lower_bound":816231.5648148148,"upper_bound":819966.106547619},"point_estimate":817208.4771062271,"standard_error":1092.6730919182962},"MedianAbsDev":{"confidence_interval":{"confidence_level":0.95,"lower_bound":1377.9468499809402,"upper_bound":10057.019963497583},"point_estimate":2964.281777223683,"standard_error":2213.816196078396},"Slope":{"confidence_interval":{"confidence_level":0.95,"lower_bound":815114.0257197511,"upper_bound":818884.1537102446},"point_estimate":816879.0056453963,"standard_error":953.082937314742},"StdDev":{"confidence_interval":{"confidence_level":0.95,"lower_bound":8474.761134722963,"upper_bound":107065.13737298151},"point_estimate":67197.77088762929,"standard_error":28812.049536363982}}