{"Mean":{"confidence_interval":{"confidence_level":0.95,"lower_bound":108827.54214774592,"upper_bound":109709.696155121},"point_estimate":109263.5704735025,"standard_error":225.51492405515577},"Median":{"confidence_interval":{"confidence_level":0.95,"lower_bound":108723.11848739497,"upper_bound":109854.41323529411},"point_estimate":109165.5743504902,"standard_error":268.3200948162383},"MedianAbsDev":{"confidence_interval":{"confidence_level":0.95,"lower_bound":700.9443786586911,"upper_bound":1830.4325000674328},"point_estimate":1310.1228382823224,"standard_error":309.01261234340296},"Slope":{"confidence_interval":{"confidence_level":0.95,"lower_bound":108432.31935346892,"upper_bound":109259.50823124008},"point_estimate":108847.73009461127,"standard_error":210.69861632992024},"StdDev":{"confidence_interval":{"confidence_level":0.95,"lower_bound":971.4755841781132,"upper_bound":1553.602814465778},"point_estimate":1297.370655904032,"standard_error":149.03574646711726}}