{"Mean":{"confidence_interval":{"confidence_level":0.95,"lower_bound":29484.991236787424,"upper_bound":33815.52534104255},"point_estimate":31100.83096937392,"standard_error":1202.2388035944962},"Median":{"confidence_interval":{"confidence_level":0.95,"lower_bound":29355.723190893485,"upper_bound":36429.39741620742},"point_estimate":29857.136145993314,"standard_error":1576.6177012963383},"MedianAbsDev":{"confidence_interval":{"confidence_level":0.95,"lower_bound":0.0,"upper_bound":1598.2250913295115},"point_estimate":743.3948340331108,"standard_error":519.1931152019666},"Slope":{"confidence_interval":{"confidence_level":0.95,"lower_bound":29459.72870512576,"upper_bound":30588.535074247186},"point_estimate":29802.50724792418,"standard_error":353.1797691360767},"StdDev":{"confidence_interval":{"confidence_level":0.95,"lower_bound":211.16685968914192,"upper_bound":3848.0646749144457},"point_estimate":3009.509323501948,"standard_error":1362.497924367824}}