{"Mean":{"confidence_interval":{"confidence_level":0.95,"lower_bound":6938.30891732043,"upper_bound":7001.760274548064},"point_estimate":6964.840307454448,"standard_error":16.46930452099447},"Median":{"confidence_interval":{"confidence_level":0.95,"lower_bound":6925.700467434734,"upper_bound":6937.510542738275},"point_estimate":6929.396684316692,"standard_error":3.0323146978830287},"MedianAbsDev":{"confidence_interval":{"confidence_level":0.95,"lower_bound":3.3984294225491323,"upper_bound":18.804922587539544},"point_estimate":8.47305791500453,"standard_error":4.126148635510914},"Slope":{"confidence_interval":{"confidence_level":0.95,"lower_bound":6928.714078806736,"upper_bound":6956.248354193332},"point_estimate":6939.1740654391,"standard_error":7.322635266764112},"StdDev":{"confidence_interval":{"confidence_level":0.95,"lower_bound":30.699186494153814,"upper_bound":144.4595010093181},"point_estimate":94.33354778315798,"standard_error":33.50414033840518}}