{"Mean":{"confidence_interval":{"confidence_level":0.95,"lower_bound":252.4813005102716,"upper_bound":259.14883523098484},"point_estimate":255.56653639927367,"standard_error":1.7108603111306473},"Median":{"confidence_interval":{"confidence_level":0.95,"lower_bound":250.45519616486666,"upper_bound":254.40571504665343},"point_estimate":251.14850427350427,"standard_error":0.9956813841545282},"MedianAbsDev":{"confidence_interval":{"confidence_level":0.95,"lower_bound":1.8229526147360338,"upper_bound":7.4272024947025175},"point_estimate":3.6332593425723263,"standard_error":1.4081993757167646},"Slope":{"confidence_interval":{"confidence_level":0.95,"lower_bound":252.73399907634752,"upper_bound":262.32251140634094},"point_estimate":257.02945481721,"standard_error":2.4607764572839605},"StdDev":{"confidence_interval":{"confidence_level":0.95,"lower_bound":5.693448468431634,"upper_bound":12.675893577100025},"point_estimate":9.8543098364251,"standard_error":1.7886875738343584}}