{"Mean":{"confidence_interval":{"confidence_level":0.95,"lower_bound":961.0970970701877,"upper_bound":975.8625084834985},"point_estimate":967.638970432937,"standard_error":3.801935961043918},"Median":{"confidence_interval":{"confidence_level":0.95,"lower_bound":955.5107131755558,"upper_bound":965.8224733548252},"point_estimate":956.5810767162511,"standard_error":2.736741364248542},"MedianAbsDev":{"confidence_interval":{"confidence_level":0.95,"lower_bound":1.0036707790681674,"upper_bound":15.804972019562758},"point_estimate":3.0267776305391245,"standard_error":3.849340551088151},"Slope":{"confidence_interval":{"confidence_level":0.95,"lower_bound":956.8833825386534,"upper_bound":965.053155535523},"point_estimate":960.3801937966182,"standard_error":2.148660293777569},"StdDev":{"confidence_interval":{"confidence_level":0.95,"lower_bound":10.087455994949984,"upper_bound":31.64272365087092},"point_estimate":21.82309919071262,"standard_error":5.992631982364668}}