{"Mean":{"confidence_interval":{"confidence_level":0.95,"lower_bound":145366.2745926349,"upper_bound":154978.72790133432},"point_estimate":148825.2339831544,"standard_error":2843.4604205109795},"Median":{"confidence_interval":{"confidence_level":0.95,"lower_bound":145009.53631323314,"upper_bound":146866.955078125},"point_estimate":145394.160473279,"standard_error":475.68806056585754},"MedianAbsDev":{"confidence_interval":{"confidence_level":0.95,"lower_bound":1045.541937973249,"upper_bound":3028.9092971067853},"point_estimate":2337.0740233121996,"standard_error":531.2273836841},"Slope":{"confidence_interval":{"confidence_level":0.95,"lower_bound":144563.97420894617,"upper_bound":145414.31196714344},"point_estimate":144976.04976507867,"standard_error":216.12981147166383},"StdDev":{"confidence_interval":{"confidence_level":0.95,"lower_bound":1778.2024941129969,"upper_bound":27355.812673918623},"point_estimate":16365.627566985959,"standard_error":9009.26446599797}}