{"Mean":{"confidence_interval":{"confidence_level":0.95,"lower_bound":6206682.412960478,"upper_bound":6382490.339365344},"point_estimate":6275092.840287835,"standard_error":47134.53417339275},"Median":{"confidence_interval":{"confidence_level":0.95,"lower_bound":6190031.38,"upper_bound":6240307.95},"point_estimate":6216264.605769231,"standard_error":13929.398246099754},"MedianAbsDev":{"confidence_interval":{"confidence_level":0.95,"lower_bound":29190.851513576683,"upper_bound":86315.07338676765},"point_estimate":46938.35061502672,"standard_error":15002.550563576078},"Slope":{"confidence_interval":{"confidence_level":0.95,"lower_bound":6188144.0130306,"upper_bound":6223640.907460788},"point_estimate":6205403.1886800695,"standard_error":9087.40469282421},"StdDev":{"confidence_interval":{"confidence_level":0.95,"lower_bound":50555.027986787645,"upper_bound":437409.232944547},"point_estimate":271104.8870668656,"standard_error":121142.68785849189}}