{"Mean":{"confidence_interval":{"confidence_level":0.95,"lower_bound":6540856.771565163,"upper_bound":6702404.169236869},"point_estimate":6606736.790249973,"standard_error":42407.94909381692},"Median":{"confidence_interval":{"confidence_level":0.95,"lower_bound":6543862.356902357,"upper_bound":6590271.46},"point_estimate":6549874.349702381,"standard_error":12228.133953834466},"MedianAbsDev":{"confidence_interval":{"confidence_level":0.95,"lower_bound":20402.63490588449,"upper_bound":115136.2815652974},"point_estimate":56572.93293186461,"standard_error":25751.998294352157},"Slope":{"confidence_interval":{"confidence_level":0.95,"lower_bound":6527303.763854045,"upper_bound":6583771.7074233005},"point_estimate":6558359.172421329,"standard_error":14440.863258867792},"StdDev":{"confidence_interval":{"confidence_level":0.95,"lower_bound":78387.58054968175,"upper_bound":389817.9582151904},"point_estimate":243838.96990309918,"standard_error":99034.4433286173}}