{"Mean":{"confidence_interval":{"confidence_level":0.95,"lower_bound":27137.267031391224,"upper_bound":27615.42949024649},"point_estimate":27343.746909686663,"standard_error":123.84080869920737},"Median":{"confidence_interval":{"confidence_level":0.95,"lower_bound":27101.187163561077,"upper_bound":27254.160708534622},"point_estimate":27187.832206119165,"standard_error":38.67001539993548},"MedianAbsDev":{"confidence_interval":{"confidence_level":0.95,"lower_bound":103.77048367688998,"upper_bound":282.72503882111346},"point_estimate":196.874602866834,"standard_error":47.49817526525824},"Slope":{"confidence_interval":{"confidence_level":0.95,"lower_bound":26979.764747251433,"upper_bound":27099.66978683106},"point_estimate":27029.841810327354,"standard_error":30.636667840887817},"StdDev":{"confidence_interval":{"confidence_level":0.95,"lower_bound":160.00186166585377,"upper_bound":1069.676052999096},"point_estimate":713.5525738452019,"standard_error":232.92750071562287}}