{"Mean":{"confidence_interval":{"confidence_level":0.95,"lower_bound":0.1261339918907677,"upper_bound":0.1654172053063792},"point_estimate":0.14547358221809414,"standard_error":0.009991755618063593},"Median":{"confidence_interval":{"confidence_level":0.95,"lower_bound":0.11122544683554136,"upper_bound":0.17136735069674458},"point_estimate":0.12756069476718923,"standard_error":0.01608055766077859}}