{"Mean":{"confidence_interval":{"confidence_level":0.95,"lower_bound":-0.17868306182911406,"upper_bound":-0.11220421032489397},"point_estimate":-0.14639700022308333,"standard_error":0.016911049663740515},"Median":{"confidence_interval":{"confidence_level":0.95,"lower_bound":-0.18480042831081156,"upper_bound":-0.08212916690987848},"point_estimate":-0.10678849712248151,"standard_error":0.026374788784545418}}