{"Mean":{"confidence_interval":{"confidence_level":0.95,"lower_bound":7333.247539593158,"upper_bound":7554.442894058112},"point_estimate":7427.537503432935,"standard_error":57.35115115451018},"Median":{"confidence_interval":{"confidence_level":0.95,"lower_bound":7269.758515225007,"upper_bound":7393.890515327661},"point_estimate":7331.988116410671,"standard_error":34.004414841530206},"MedianAbsDev":{"confidence_interval":{"confidence_level":0.95,"lower_bound":55.53933154890401,"upper_bound":199.23550794224852},"point_estimate":117.08634105388053,"standard_error":37.65213604708269},"Slope":{"confidence_interval":{"confidence_level":0.95,"lower_bound":7276.857940195522,"upper_bound":7343.345639944706},"point_estimate":7307.80347897858,"standard_error":17.013131007091964},"StdDev":{"confidence_interval":{"confidence_level":0.95,"lower_bound":103.18625675983489,"upper_bound":500.7027573397914},"point_estimate":329.8281136619102,"standard_error":109.93371243770065}}