{"Mean":{"confidence_interval":{"confidence_level":0.95,"lower_bound":27090.726267928207,"upper_bound":27732.256193433946},"point_estimate":27383.288751632146,"standard_error":165.40472916288346},"Median":{"confidence_interval":{"confidence_level":0.95,"lower_bound":26834.3626746507,"upper_bound":27333.18862275449},"point_estimate":27097.296254158347,"standard_error":132.30665469745654},"MedianAbsDev":{"confidence_interval":{"confidence_level":0.95,"lower_bound":158.97969289922216,"upper_bound":703.342690177842},"point_estimate":459.5562946064106,"standard_error":136.24320555651747},"Slope":{"confidence_interval":{"confidence_level":0.95,"lower_bound":27074.383749636458,"upper_bound":28229.831270569535},"point_estimate":27638.435466741343,"standard_error":296.02775969319333},"StdDev":{"confidence_interval":{"confidence_level":0.95,"lower_bound":471.8144200348707,"upper_bound":1245.795902588765},"point_estimate":949.5050667515009,"standard_error":193.87552951104053}}