{"Mean":{"confidence_interval":{"confidence_level":0.95,"lower_bound":216323.3516609393,"upper_bound":254610.57345360183},"point_estimate":232982.13172966783,"standard_error":10269.557526936202},"Median":{"confidence_interval":{"confidence_level":0.95,"lower_bound":210807.97250859108,"upper_bound":275838.07560137456},"point_estimate":227343.1156930126,"standard_error":13996.513225277604},"MedianAbsDev":{"confidence_interval":{"confidence_level":0.95,"lower_bound":0.0,"upper_bound":35263.15636364456},"point_estimate":16329.751809745312,"standard_error":10434.148455477682},"Slope":{"confidence_interval":{"confidence_level":0.95,"lower_bound":212739.26424308194,"upper_bound":235500.28214867064},"point_estimate":218031.9562636676,"standard_error":5829.559964978204},"StdDev":{"confidence_interval":{"confidence_level":0.95,"lower_bound":6032.762433191108,"upper_bound":33678.02032914346},"point_estimate":25690.705288855115,"standard_error":9045.84132523269}}