{"Mean":{"confidence_interval":{"confidence_level":0.95,"lower_bound":-0.04047552258407647,"upper_bound":0.001810352939983333},"point_estimate":-0.02091371129941466,"standard_error":0.010603920309252068},"Median":{"confidence_interval":{"confidence_level":0.95,"lower_bound":-0.024792851979378465,"upper_bound":-0.014639771662319445},"point_estimate":-0.019226488403209507,"standard_error":0.0025409920949393244}}