{"Mean":{"confidence_interval":{"confidence_level":0.95,"lower_bound":62.07293969395322,"upper_bound":62.74205912869517},"point_estimate":62.39252043343989,"standard_error":0.1708469823975402},"Median":{"confidence_interval":{"confidence_level":0.95,"lower_bound":61.95411809542457,"upper_bound":62.50754660741383},"point_estimate":62.22001673663838,"standard_error":0.13607464941047476},"MedianAbsDev":{"confidence_interval":{"confidence_level":0.95,"lower_bound":0.3994045157312684,"upper_bound":1.3195008947503921},"point_estimate":0.7062321533329329,"standard_error":0.2482732896602176},"Slope":{"confidence_interval":{"confidence_level":0.95,"lower_bound":61.69713473084414,"upper_bound":62.115681767775854},"point_estimate":61.907737116591676,"standard_error":0.10650481515703998},"StdDev":{"confidence_interval":{"confidence_level":0.95,"lower_bound":0.6631528882110318,"upper_bound":1.2345375942280576},"point_estimate":0.9806679246395285,"standard_error":0.14715010435697706}}