{"Mean":{"confidence_interval":{"confidence_level":0.95,"lower_bound":1728.212117378238,"upper_bound":1767.8449956991824},"point_estimate":1746.7396571010984,"standard_error":10.188250762377036},"Median":{"confidence_interval":{"confidence_level":0.95,"lower_bound":1715.9409488559893,"upper_bound":1730.653021272133},"point_estimate":1723.9762447063927,"standard_error":4.039297608796405},"MedianAbsDev":{"confidence_interval":{"confidence_level":0.95,"lower_bound":9.939120171030922,"upper_bound":42.30180788538863},"point_estimate":25.18722356025697,"standard_error":8.524133303843687},"Slope":{"confidence_interval":{"confidence_level":0.95,"lower_bound":1721.7949884462585,"upper_bound":1784.1944673650241},"point_estimate":1750.2350541954681,"standard_error":16.05743066716188},"StdDev":{"confidence_interval":{"confidence_level":0.95,"lower_bound":35.39280496283819,"upper_bound":75.09928200350286},"point_estimate":58.721479035198804,"standard_error":10.115666913936288}}