{"Mean":{"confidence_interval":{"confidence_level":0.95,"lower_bound":415.2271369820663,"upper_bound":424.15022007735945},"point_estimate":419.11693839518404,"standard_error":2.3104744819046394},"Median":{"confidence_interval":{"confidence_level":0.95,"lower_bound":413.17994242467665,"upper_bound":418.0347733760723},"point_estimate":415.37117518138837,"standard_error":1.068953288724868},"MedianAbsDev":{"confidence_interval":{"confidence_level":0.95,"lower_bound":2.860570246813301,"upper_bound":7.2249996084217125},"point_estimate":5.784505973232182,"standard_error":1.1457889855260153},"Slope":{"confidence_interval":{"confidence_level":0.95,"lower_bound":413.34814554830433,"upper_bound":415.2393740615201},"point_estimate":414.29064979426516,"standard_error":0.48427126546722166},"StdDev":{"confidence_interval":{"confidence_level":0.95,"lower_bound":4.601111548205524,"upper_bound":19.744383578976805},"point_estimate":13.279608629655382,"standard_error":4.073893001315157}}