{"Mean":{"confidence_interval":{"confidence_level":0.95,"lower_bound":-0.17536451815617743,"upper_bound":-0.1497398677512019},"point_estimate":-0.1645457591304188,"standard_error":0.006750001976054422},"Median":{"confidence_interval":{"confidence_level":0.95,"lower_bound":-0.18018879402887844,"upper_bound":-0.1669542790541773},"point_estimate":-0.17323521558324684,"standard_error":0.0032714914283828774}}