{"Mean":{"confidence_interval":{"confidence_level":0.95,"lower_bound":241.540332796853,"upper_bound":252.51521840245647},"point_estimate":246.91461431797472,"standard_error":2.7991606897280703},"Median":{"confidence_interval":{"confidence_level":0.95,"lower_bound":236.74725573284113,"upper_bound":254.3023438290979},"point_estimate":249.8724239394553,"standard_error":5.197369535545233},"MedianAbsDev":{"confidence_interval":{"confidence_level":0.95,"lower_bound":7.161279617968071,"upper_bound":23.69147591896622},"point_estimate":16.67146826566926,"standard_error":4.196876840646952},"Slope":{"confidence_interval":{"confidence_level":0.95,"lower_bound":236.0957022487082,"upper_bound":248.779616791797},"point_estimate":242.06611341351774,"standard_error":3.2315083488916723},"StdDev":{"confidence_interval":{"confidence_level":0.95,"lower_bound":11.979551573752435,"upper_bound":19.60021005628624},"point_estimate":16.111540004657225,"standard_error":1.9796043452475587}}