{"Mean":{"confidence_interval":{"confidence_level":0.95,"lower_bound":2268190.720011499,"upper_bound":2345397.414136913},"point_estimate":2306830.628970172,"standard_error":19707.77442271784},"Median":{"confidence_interval":{"confidence_level":0.95,"lower_bound":2253313.3484162893,"upper_bound":2368019.6428571427},"point_estimate":2322963.4523809524,"standard_error":30161.781462951636},"MedianAbsDev":{"confidence_interval":{"confidence_level":0.95,"lower_bound":84426.24366780126,"upper_bound":178488.84999061018},"point_estimate":142508.69554996496,"standard_error":24241.993298058427},"Slope":{"confidence_interval":{"confidence_level":0.95,"lower_bound":2297804.9870303827,"upper_bound":2381674.4206421785},"point_estimate":2341477.5251189847,"standard_error":21479.921576384415},"StdDev":{"confidence_interval":{"confidence_level":0.95,"lower_bound":87134.86369500471,"upper_bound":126205.06346506544},"point_estimate":109644.29612257288,"standard_error":9954.529782244994}}