{"Mean":{"confidence_interval":{"confidence_level":0.95,"lower_bound":940.3136285044925,"upper_bound":962.9637289757786},"point_estimate":948.7605240132897,"standard_error":6.359010810336824},"Median":{"confidence_interval":{"confidence_level":0.95,"lower_bound":938.9375929752066,"upper_bound":942.2298630241812},"point_estimate":939.5949104683195,"standard_error":1.0685032480265801},"MedianAbsDev":{"confidence_interval":{"confidence_level":0.95,"lower_bound":2.309196364607864,"upper_bound":9.202558358554542},"point_estimate":4.610406864085472,"standard_error":1.95158161310383},"Slope":{"confidence_interval":{"confidence_level":0.95,"lower_bound":939.3730928152396,"upper_bound":942.9626913808509},"point_estimate":941.0530222811796,"standard_error":0.9165544439626545},"StdDev":{"confidence_interval":{"confidence_level":0.95,"lower_bound":5.262072707511817,"upper_bound":60.272905607606866},"point_estimate":36.512112749749605,"standard_error":18.397012008453085}}