{"Mean":{"confidence_interval":{"confidence_level":0.95,"lower_bound":943.9833154746555,"upper_bound":959.5689864749065},"point_estimate":950.3322259779554,"standard_error":4.0954606099765085},"Median":{"confidence_interval":{"confidence_level":0.95,"lower_bound":942.22995744044,"upper_bound":948.4906246478424},"point_estimate":946.1850806589907,"standard_error":1.6794362725336704},"MedianAbsDev":{"confidence_interval":{"confidence_level":0.95,"lower_bound":4.58544383516692,"upper_bound":13.020784806660979},"point_estimate":8.59605551098085,"standard_error":2.1880583315211117},"Slope":{"confidence_interval":{"confidence_level":0.95,"lower_bound":941.3807113596029,"upper_bound":947.6910981327018},"point_estimate":944.5965421706599,"standard_error":1.6074563064870246},"StdDev":{"confidence_interval":{"confidence_level":0.95,"lower_bound":7.256142527547123,"upper_bound":37.20044807198781},"point_estimate":23.489574698783453,"standard_error":9.346635654518222}}