{"Mean":{"confidence_interval":{"confidence_level":0.95,"lower_bound":108593.58780925114,"upper_bound":109731.6557040791},"point_estimate":109128.58665166964,"standard_error":291.00866989430506},"Median":{"confidence_interval":{"confidence_level":0.95,"lower_bound":108426.48274509804,"upper_bound":109894.9037084399},"point_estimate":108849.69380656109,"standard_error":445.3476613670725},"MedianAbsDev":{"confidence_interval":{"confidence_level":0.95,"lower_bound":807.3464613680919,"upper_bound":2173.683754335866},"point_estimate":1829.4402752528404,"standard_error":380.25248526382114},"Slope":{"confidence_interval":{"confidence_level":0.95,"lower_bound":108054.93379102752,"upper_bound":109097.28625289627},"point_estimate":108564.20391814069,"standard_error":266.877597792343},"StdDev":{"confidence_interval":{"confidence_level":0.95,"lower_bound":1069.7447090816077,"upper_bound":2293.3779005689685},"point_estimate":1669.9611858381,"standard_error":342.518976181533}}