{"Mean":{"confidence_interval":{"confidence_level":0.95,"lower_bound":109549.25779013179,"upper_bound":110625.1456768489},"point_estimate":110055.1726614298,"standard_error":275.1513554571869},"Median":{"confidence_interval":{"confidence_level":0.95,"lower_bound":109671.44444444444,"upper_bound":110085.03743315508},"point_estimate":110000.91470588236,"standard_error":112.73324323536791},"MedianAbsDev":{"confidence_interval":{"confidence_level":0.95,"lower_bound":141.67510787594838,"upper_bound":1473.270091263535},"point_estimate":460.8460462105145,"standard_error":426.10027023528886},"Slope":{"confidence_interval":{"confidence_level":0.95,"lower_bound":109037.77314138655,"upper_bound":109664.33972332507},"point_estimate":109347.59858083093,"standard_error":159.40227840571245},"StdDev":{"confidence_interval":{"confidence_level":0.95,"lower_bound":925.5308284138415,"upper_bound":2112.4827428982167},"point_estimate":1582.932715086312,"standard_error":307.04700691995146}}