{"Mean":{"confidence_interval":{"confidence_level":0.95,"lower_bound":53594.46233567883,"upper_bound":60020.644411716574},"point_estimate":56631.928707794694,"standard_error":1652.3659984666147},"Median":{"confidence_interval":{"confidence_level":0.95,"lower_bound":53044.12125675012,"upper_bound":62033.40697103584},"point_estimate":54079.114165712104,"standard_error":3081.662610301113},"MedianAbsDev":{"confidence_interval":{"confidence_level":0.95,"lower_bound":0.0,"upper_bound":2865.692766993196},"point_estimate":1534.480459584563,"standard_error":1074.05175322498},"Slope":{"confidence_interval":{"confidence_level":0.95,"lower_bound":53429.46326296842,"upper_bound":58062.122660603396},"point_estimate":54385.71012034929,"standard_error":1181.0068245453826},"StdDev":{"confidence_interval":{"confidence_level":0.95,"lower_bound":432.47968563415304,"upper_bound":4753.488189325277},"point_estimate":4124.507442192736,"standard_error":1079.0797579348941}}