{"Mean":{"confidence_interval":{"confidence_level":0.95,"lower_bound":3934.308610223704,"upper_bound":3992.1737114650487},"point_estimate":3958.828345270086,"standard_error":15.275961941756773},"Median":{"confidence_interval":{"confidence_level":0.95,"lower_bound":3919.76484020898,"upper_bound":4021.3079682147923},"point_estimate":3956.1242652457895,"standard_error":19.962646055237737},"MedianAbsDev":{"confidence_interval":{"confidence_level":0.95,"lower_bound":0.0,"upper_bound":57.86854082045993},"point_estimate":26.651587057258013,"standard_error":18.99766257695849},"Slope":{"confidence_interval":{"confidence_level":0.95,"lower_bound":3927.775324879648,"upper_bound":3981.677798125933},"point_estimate":3951.1754844161687,"standard_error":13.372245245384823},"StdDev":{"confidence_interval":{"confidence_level":0.95,"lower_bound":8.739532286624842,"upper_bound":51.1790353681741},"point_estimate":38.290500763918196,"standard_error":12.881066824604483}}