{"Mean":{"confidence_interval":{"confidence_level":0.95,"lower_bound":22522264.59923605,"upper_bound":23068840.624455195},"point_estimate":22727569.57780107,"standard_error":152465.7786468824},"Median":{"confidence_interval":{"confidence_level":0.95,"lower_bound":22489715.458333336,"upper_bound":22611576.29032258},"point_estimate":22575220.291666664,"standard_error":30229.607514578045},"MedianAbsDev":{"confidence_interval":{"confidence_level":0.95,"lower_bound":80349.33878101298,"upper_bound":213592.55256463925},"point_estimate":160021.21585905092,"standard_error":34607.30251644535},"Slope":{"confidence_interval":{"confidence_level":0.95,"lower_bound":22517831.340534676,"upper_bound":22616747.51740341},"point_estimate":22566137.076835666,"standard_error":25255.06139734663},"StdDev":{"confidence_interval":{"confidence_level":0.95,"lower_bound":126163.2221407499,"upper_bound":1449348.27548658},"point_estimate":878576.2685527871,"standard_error":438699.6811752208}}