{"Mean":{"confidence_interval":{"confidence_level":0.95,"lower_bound":1883090.86020291,"upper_bound":1922926.7330982636},"point_estimate":1903188.3842204348,"standard_error":10191.315176917233},"Median":{"confidence_interval":{"confidence_level":0.95,"lower_bound":1881560.7142857143,"upper_bound":1922808.3333333333},"point_estimate":1891843.9393939395,"standard_error":12027.060280901555},"MedianAbsDev":{"confidence_interval":{"confidence_level":0.95,"lower_bound":21441.54052842765,"upper_bound":78671.80403807905},"point_estimate":46380.669176578405,"standard_error":14720.792651613576},"Slope":{"confidence_interval":{"confidence_level":0.95,"lower_bound":1887238.371244399,"upper_bound":1919372.349458059},"point_estimate":1903693.410893707,"standard_error":8175.106481977769},"StdDev":{"confidence_interval":{"confidence_level":0.95,"lower_bound":40801.45851419707,"upper_bound":70964.50728552257},"point_estimate":56756.12857166938,"standard_error":7807.756771517629}}