{"Mean":{"confidence_interval":{"confidence_level":0.95,"lower_bound":3097.4324708291274,"upper_bound":3119.432077769001},"point_estimate":3107.9150550845447,"standard_error":5.606372406740598},"Median":{"confidence_interval":{"confidence_level":0.95,"lower_bound":3096.243085597628,"upper_bound":3119.2727558048127},"point_estimate":3106.7621561007777,"standard_error":5.871461279790912},"MedianAbsDev":{"confidence_interval":{"confidence_level":0.95,"lower_bound":15.253233022838375,"upper_bound":34.955852204634034},"point_estimate":24.53760699060251,"standard_error":5.358866273246921},"Slope":{"confidence_interval":{"confidence_level":0.95,"lower_bound":3090.804380295347,"upper_bound":3104.297570003971},"point_estimate":3097.232066827354,"standard_error":3.4423267781668145},"StdDev":{"confidence_interval":{"confidence_level":0.95,"lower_bound":19.17479308435116,"upper_bound":42.81058370890494},"point_estimate":32.18254570392764,"standard_error":6.138382223726375}}