{"Mean":{"confidence_interval":{"confidence_level":0.95,"lower_bound":181.35731674908942,"upper_bound":184.01906957258026},"point_estimate":182.41898468124586,"standard_error":0.7044523016630523},"Median":{"confidence_interval":{"confidence_level":0.95,"lower_bound":181.43236037195368,"upper_bound":182.25244655043718},"point_estimate":181.6355595156918,"standard_error":0.21291137832482782},"MedianAbsDev":{"confidence_interval":{"confidence_level":0.95,"lower_bound":0.38781282368419023,"upper_bound":1.4027865787573757},"point_estimate":0.8874955976343063,"standard_error":0.26993591296183916},"Slope":{"confidence_interval":{"confidence_level":0.95,"lower_bound":180.9083310936565,"upper_bound":182.02788941862295},"point_estimate":181.47426405368464,"standard_error":0.28464957399304813},"StdDev":{"confidence_interval":{"confidence_level":0.95,"lower_bound":0.9783486928411413,"upper_bound":6.534268094382349},"point_estimate":4.050450056805574,"standard_error":1.731452545867546}}