{"Mean":{"confidence_interval":{"confidence_level":0.95,"lower_bound":1996653.7822959996,"upper_bound":2039612.4577836497},"point_estimate":2017959.546588143,"standard_error":10913.75474710369},"Median":{"confidence_interval":{"confidence_level":0.95,"lower_bound":2003254.1666666665,"upper_bound":2032849.2592592593},"point_estimate":2023834.1025641025,"standard_error":7900.915707800095},"MedianAbsDev":{"confidence_interval":{"confidence_level":0.95,"lower_bound":18633.73323043872,"upper_bound":55191.309998214456},"point_estimate":44208.97701000555,"standard_error":9797.072263207549},"Slope":{"confidence_interval":{"confidence_level":0.95,"lower_bound":2016648.2842348658,"upper_bound":2040135.637784886},"point_estimate":2027754.5178917681,"standard_error":6005.672887719916},"StdDev":{"confidence_interval":{"confidence_level":0.95,"lower_bound":33381.95753771171,"upper_bound":83002.28860119362},"point_estimate":60824.503921228374,"standard_error":12664.856304665933}}