{"Mean":{"confidence_interval":{"confidence_level":0.95,"lower_bound":61.365145913291215,"upper_bound":62.22802765608209},"point_estimate":61.69683015374251,"standard_error":0.23440958912943702},"Median":{"confidence_interval":{"confidence_level":0.95,"lower_bound":61.20705587258514,"upper_bound":61.52461126785291},"point_estimate":61.433129206815536,"standard_error":0.10242163925877473},"MedianAbsDev":{"confidence_interval":{"confidence_level":0.95,"lower_bound":0.22646147321826782,"upper_bound":0.5917308634898358},"point_estimate":0.44112298044844944,"standard_error":0.10245010637004728},"Slope":{"confidence_interval":{"confidence_level":0.95,"lower_bound":61.28094653175883,"upper_bound":61.60025045368953},"point_estimate":61.42551822065439,"standard_error":0.08122903289778852},"StdDev":{"confidence_interval":{"confidence_level":0.95,"lower_bound":0.3154275877105897,"upper_bound":2.206318424084761},"point_estimate":1.3484696566742647,"standard_error":0.6317715276190465}}