{"Mean":{"confidence_interval":{"confidence_level":0.95,"lower_bound":61.62370322756601,"upper_bound":62.77773482095089},"point_estimate":62.08872755141217,"standard_error":0.3024673441822068},"Median":{"confidence_interval":{"confidence_level":0.95,"lower_bound":61.42860389326775,"upper_bound":61.78714793515124},"point_estimate":61.53363746061588,"standard_error":0.1064881543087231},"MedianAbsDev":{"confidence_interval":{"confidence_level":0.95,"lower_bound":0.16344110243728288,"upper_bound":0.7642858726125441},"point_estimate":0.36066347387650116,"standard_error":0.15395916391000472},"Slope":{"confidence_interval":{"confidence_level":0.95,"lower_bound":61.422002411522044,"upper_bound":61.731974935678224},"point_estimate":61.57593251194482,"standard_error":0.07904219180520908},"StdDev":{"confidence_interval":{"confidence_level":0.95,"lower_bound":0.5183108289227909,"upper_bound":2.7479499000569416},"point_estimate":1.7361984629516323,"standard_error":0.7021646771521277}}