{"Mean":{"confidence_interval":{"confidence_level":0.95,"lower_bound":90351.84929040355,"upper_bound":91724.27300390152},"point_estimate":91007.5079250253,"standard_error":351.158718159814},"Median":{"confidence_interval":{"confidence_level":0.95,"lower_bound":90206.75518499219,"upper_bound":91488.6597659766},"point_estimate":90700.26186056106,"standard_error":383.11447181463376},"MedianAbsDev":{"confidence_interval":{"confidence_level":0.95,"lower_bound":969.2028991298454,"upper_bound":2700.929084502173},"point_estimate":1685.8862391784396,"standard_error":425.953870939545},"Slope":{"confidence_interval":{"confidence_level":0.95,"lower_bound":89832.5843783596,"upper_bound":91138.76935724709},"point_estimate":90488.54172349928,"standard_error":332.3734855208399},"StdDev":{"confidence_interval":{"confidence_level":0.95,"lower_bound":1339.7226499867245,"upper_bound":2607.14668060573},"point_estimate":2018.4031194044824,"standard_error":330.5877748130035}}