{"Mean":{"confidence_interval":{"confidence_level":0.95,"lower_bound":61642.494694046916,"upper_bound":63971.5733996704},"point_estimate":62771.60650233207,"standard_error":597.4642388317935},"Median":{"confidence_interval":{"confidence_level":0.95,"lower_bound":60427.15174485126,"upper_bound":63304.2007326555},"point_estimate":61485.34835526316,"standard_error":765.2233785908421},"MedianAbsDev":{"confidence_interval":{"confidence_level":0.95,"lower_bound":1419.5458658798923,"upper_bound":5009.469767457699},"point_estimate":2632.1804289893485,"standard_error":933.8698074013164},"Slope":{"confidence_interval":{"confidence_level":0.95,"lower_bound":61323.15539987549,"upper_bound":64841.27167856486},"point_estimate":63015.00869467703,"standard_error":901.009997865302},"StdDev":{"confidence_interval":{"confidence_level":0.95,"lower_bound":2689.9598242155835,"upper_bound":3882.615962059669},"point_estimate":3434.696401191307,"standard_error":303.8133890098173}}