{"Mean":{"confidence_interval":{"confidence_level":0.95,"lower_bound":5083027995.0,"upper_bound":5263836246.0},"point_estimate":5147720913.666666,"standard_error":51716235.42604836},"Median":{"confidence_interval":{"confidence_level":0.95,"lower_bound":5074628700.0,"upper_bound":5378130560.0},"point_estimate":5092394775.0,"standard_error":67014361.64567276},"MedianAbsDev":{"confidence_interval":{"confidence_level":0.95,"lower_bound":0.0,"upper_bound":47558743.11566306},"point_estimate":21218760.78829122,"standard_error":13266493.889434094},"Slope":{"confidence_interval":{"confidence_level":0.95,"lower_bound":5086493607.692307,"upper_bound":5346045189.285714},"point_estimate":5223221796.363636,"standard_error":86074000.54952136},"StdDev":{"confidence_interval":{"confidence_level":0.95,"lower_bound":6635768.328686588,"upper_bound":163152483.98274267},"point_estimate":129317850.49720974,"standard_error":61688771.384175465}}