{"Mean":{"confidence_interval":{"confidence_level":0.95,"lower_bound":600.3954885636472,"upper_bound":602.5949809009695},"point_estimate":601.4183409548485,"standard_error":0.5613008794637159},"Median":{"confidence_interval":{"confidence_level":0.95,"lower_bound":600.0763496860199,"upper_bound":602.2590845281725},"point_estimate":600.5474633544941,"standard_error":0.6415515722939235},"MedianAbsDev":{"confidence_interval":{"confidence_level":0.95,"lower_bound":1.5720335301359487,"upper_bound":3.3878988609888547},"point_estimate":2.624093364960353,"standard_error":0.4748020275528028},"Slope":{"confidence_interval":{"confidence_level":0.95,"lower_bound":600.1481241306597,"upper_bound":601.6206633420196},"point_estimate":600.8920758210477,"standard_error":0.37641404698691766},"StdDev":{"confidence_interval":{"confidence_level":0.95,"lower_bound":1.8469271613328293,"upper_bound":4.299931885301935},"point_estimate":3.237161604950991,"standard_error":0.633970273809882}}