{"Mean":{"confidence_interval":{"confidence_level":0.95,"lower_bound":71.94396189511953,"upper_bound":74.11300871354868},"point_estimate":72.77243609843337,"standard_error":0.57942325406973},"Median":{"confidence_interval":{"confidence_level":0.95,"lower_bound":71.86945328288824,"upper_bound":72.1475527533394},"point_estimate":71.94559928644534,"standard_error":0.07098909930383651},"MedianAbsDev":{"confidence_interval":{"confidence_level":0.95,"lower_bound":0.17603620921418192,"upper_bound":0.5541300572123584},"point_estimate":0.31354945131880346,"standard_error":0.09586817476306725},"Slope":{"confidence_interval":{"confidence_level":0.95,"lower_bound":71.90349125730143,"upper_bound":72.03874310287421},"point_estimate":71.97107723300824,"standard_error":0.034517479251717866},"StdDev":{"confidence_interval":{"confidence_level":0.95,"lower_bound":0.3251943954444627,"upper_bound":5.352790116332414},"point_estimate":3.3252565294415044,"standard_error":1.5109837771781123}}