{"Mean":{"confidence_interval":{"confidence_level":0.95,"lower_bound":655621.0221327968,"upper_bound":759340.402414487},"point_estimate":695015.0663983903,"standard_error":28382.82398146044},"Median":{"confidence_interval":{"confidence_level":0.95,"lower_bound":650939.8390342052,"upper_bound":819830.3822937625},"point_estimate":659842.736418511,"standard_error":37725.16708702271},"MedianAbsDev":{"confidence_interval":{"confidence_level":0.95,"lower_bound":0.0,"upper_bound":52382.0170982024},"point_estimate":13199.435427635008,"standard_error":16624.736277456934},"Slope":{"confidence_interval":{"confidence_level":0.95,"lower_bound":656415.3474035703,"upper_bound":684158.122648937},"point_estimate":662736.4185110664,"standard_error":8879.464309808174},"StdDev":{"confidence_interval":{"confidence_level":0.95,"lower_bound":3705.403247060145,"upper_bound":90952.37194243874},"point_estimate":71047.56508035235,"standard_error":31024.253425559175}}