{"Mean":{"confidence_interval":{"confidence_level":0.95,"lower_bound":568440.3364760565,"upper_bound":588136.3283785857},"point_estimate":576585.8250681697,"standard_error":5162.005520092687},"Median":{"confidence_interval":{"confidence_level":0.95,"lower_bound":565899.6176470588,"upper_bound":572820.3691176471},"point_estimate":569006.5774886878,"standard_error":1753.2708746610233},"MedianAbsDev":{"confidence_interval":{"confidence_level":0.95,"lower_bound":3909.6220280174443,"upper_bound":10492.663869766335},"point_estimate":7021.089875328098,"standard_error":1648.9605024053467},"Slope":{"confidence_interval":{"confidence_level":0.95,"lower_bound":566334.6057850021,"upper_bound":572169.0445729194},"point_estimate":569180.739047717,"standard_error":1495.3965104290348},"StdDev":{"confidence_interval":{"confidence_level":0.95,"lower_bound":5748.591551379628,"upper_bound":45954.6825391634},"point_estimate":29694.29211360905,"standard_error":11062.971311801053}}