{"Mean":{"confidence_interval":{"confidence_level":0.95,"lower_bound":155268.80306837484,"upper_bound":162220.5099042072},"point_estimate":157747.50604385568,"standard_error":2068.295513818227},"Median":{"confidence_interval":{"confidence_level":0.95,"lower_bound":155447.92222222223,"upper_bound":155657.45},"point_estimate":155526.54632352942,"standard_error":104.41231226805665},"MedianAbsDev":{"confidence_interval":{"confidence_level":0.95,"lower_bound":174.65270565999617,"upper_bound":2043.693641434427},"point_estimate":1064.8399312788272,"standard_error":501.9906138377904},"Slope":{"confidence_interval":{"confidence_level":0.95,"lower_bound":154703.6971951782,"upper_bound":155766.9652896455},"point_estimate":155213.38341783217,"standard_error":271.4614779867276},"StdDev":{"confidence_interval":{"confidence_level":0.95,"lower_bound":1108.8347637813215,"upper_bound":19885.379066110163},"point_estimate":11888.226010481612,"standard_error":6603.362009478171}}