{"Mean":{"confidence_interval":{"confidence_level":0.95,"lower_bound":7294537.915611396,"upper_bound":7960562.334157881},"point_estimate":7578084.211635086,"standard_error":172473.58351264577},"Median":{"confidence_interval":{"confidence_level":0.95,"lower_bound":7237857.14800759,"upper_bound":7419955.75862069},"point_estimate":7313700.625657895,"standard_error":49049.92348073179},"MedianAbsDev":{"confidence_interval":{"confidence_level":0.95,"lower_bound":136933.15700514027,"upper_bound":593815.7253136634},"point_estimate":355571.1302132379,"standard_error":114639.16634166325},"Slope":{"confidence_interval":{"confidence_level":0.95,"lower_bound":7259086.485917674,"upper_bound":7387712.329845093},"point_estimate":7328933.37770979,"standard_error":32951.38261287275},"StdDev":{"confidence_interval":{"confidence_level":0.95,"lower_bound":381251.5556911484,"upper_bound":1509966.7680335834},"point_estimate":990584.2670574108,"standard_error":338177.23704750725}}