{"Mean":{"confidence_interval":{"confidence_level":0.95,"lower_bound":92664.03665379029,"upper_bound":95870.56928988967},"point_estimate":93915.93862132031,"standard_error":851.1757595510853},"Median":{"confidence_interval":{"confidence_level":0.95,"lower_bound":92398.81290849674,"upper_bound":93020.91253471936},"point_estimate":92590.83986928104,"standard_error":186.68400480222428},"MedianAbsDev":{"confidence_interval":{"confidence_level":0.95,"lower_bound":320.8331984288697,"upper_bound":985.7431347389864},"point_estimate":623.1964730473749,"standard_error":160.68796580514135},"Slope":{"confidence_interval":{"confidence_level":0.95,"lower_bound":92448.206439772,"upper_bound":92809.14428064821},"point_estimate":92620.02861133964,"standard_error":91.9930454056672},"StdDev":{"confidence_interval":{"confidence_level":0.95,"lower_bound":559.0588229393644,"upper_bound":7816.144109412345},"point_estimate":4895.997930590698,"standard_error":2127.8706305067008}}