{"Mean":{"confidence_interval":{"confidence_level":0.95,"lower_bound":120701.91437144125,"upper_bound":123477.26016505106},"point_estimate":121867.26846396427,"standard_error":722.6605276330698},"Median":{"confidence_interval":{"confidence_level":0.95,"lower_bound":119921.31015037594,"upper_bound":121868.51845760233},"point_estimate":121100.25912563667,"standard_error":485.9588062570325},"MedianAbsDev":{"confidence_interval":{"confidence_level":0.95,"lower_bound":1144.3806354397632,"upper_bound":2643.8422783865562},"point_estimate":2085.683476719595,"standard_error":404.97959883068177},"Slope":{"confidence_interval":{"confidence_level":0.95,"lower_bound":120160.64728637245,"upper_bound":121530.19010818927},"point_estimate":120819.95754853699,"standard_error":351.2655762464854},"StdDev":{"confidence_interval":{"confidence_level":0.95,"lower_bound":1389.5309567309678,"upper_bound":6413.765981709022},"point_estimate":4145.31852910619,"standard_error":1489.810501939577}}