{"Mean":{"confidence_interval":{"confidence_level":0.95,"lower_bound":123282.44458778562,"upper_bound":126705.79424062173},"point_estimate":124684.36631232631,"standard_error":898.3681527658799},"Median":{"confidence_interval":{"confidence_level":0.95,"lower_bound":123016.92283333333,"upper_bound":123652.02047619048},"point_estimate":123433.21857142857,"standard_error":222.05799269062035},"MedianAbsDev":{"confidence_interval":{"confidence_level":0.95,"lower_bound":532.16220793685,"upper_bound":1268.6782905875764},"point_estimate":989.4223756420892,"standard_error":183.55213403967284},"Slope":{"confidence_interval":{"confidence_level":0.95,"lower_bound":122999.91122764807,"upper_bound":123448.92326386971},"point_estimate":123222.30203263403,"standard_error":114.22902236549356},"StdDev":{"confidence_interval":{"confidence_level":0.95,"lower_bound":714.6856472032727,"upper_bound":7973.829143009221},"point_estimate":5158.6077832348765,"standard_error":1966.110384706224}}