{"Mean":{"confidence_interval":{"confidence_level":0.95,"lower_bound":149.52672861690496,"upper_bound":153.26402211135297},"point_estimate":151.2342128402605,"standard_error":0.9614073991390999},"Median":{"confidence_interval":{"confidence_level":0.95,"lower_bound":148.54449473159488,"upper_bound":149.56196473356772},"point_estimate":148.99852849007465,"standard_error":0.29448682344828586},"MedianAbsDev":{"confidence_interval":{"confidence_level":0.95,"lower_bound":0.5797093103875398,"upper_bound":1.9517657116130573},"point_estimate":1.0359781666014343,"standard_error":0.3993302324951685},"Slope":{"confidence_interval":{"confidence_level":0.95,"lower_bound":149.10840170530827,"upper_bound":153.03696900148393},"point_estimate":150.71714283625408,"standard_error":1.0094816776110154},"StdDev":{"confidence_interval":{"confidence_level":0.95,"lower_bound":2.913189816254055,"upper_bound":7.2550338704100685},"point_estimate":5.515184391885457,"standard_error":1.1065957608053647}}