{"Mean":{"confidence_interval":{"confidence_level":0.95,"lower_bound":448829600.0,"upper_bound":468111365.0},"point_estimate":458262765.0,"standard_error":5024237.650126402},"Median":{"confidence_interval":{"confidence_level":0.95,"lower_bound":443193700.0,"upper_bound":476227050.0},"point_estimate":460017400.0,"standard_error":7235276.697100826},"MedianAbsDev":{"confidence_interval":{"confidence_level":0.95,"lower_bound":0.0,"upper_bound":24032426.663339138},"point_estimate":14498085.687607527,"standard_error":8091701.756689356},"Slope":{"confidence_interval":{"confidence_level":0.95,"lower_bound":451957637.2093023,"upper_bound":465759100.0},"point_estimate":458781876.3636364,"standard_error":3574189.1264357264},"StdDev":{"confidence_interval":{"confidence_level":0.95,"lower_bound":4607998.001233833,"upper_bound":16539135.615283828},"point_estimate":12536394.630903656,"standard_error":3314190.2313677263}}