{"Mean":{"confidence_interval":{"confidence_level":0.95,"lower_bound":242.5202984733766,"upper_bound":246.83138727047913},"point_estimate":244.42857690880936,"standard_error":1.1100573256414017},"Median":{"confidence_interval":{"confidence_level":0.95,"lower_bound":242.1694950114731,"upper_bound":244.32481730238013},"point_estimate":242.97610233122205,"standard_error":0.6175243979798454},"MedianAbsDev":{"confidence_interval":{"confidence_level":0.95,"lower_bound":1.6048167383220016,"upper_bound":5.4845049939384705},"point_estimate":3.1042091911844865,"standard_error":0.977295648231261},"Slope":{"confidence_interval":{"confidence_level":0.95,"lower_bound":241.19047555935373,"upper_bound":243.00957253552792},"point_estimate":242.09270170617987,"standard_error":0.46334788100786556},"StdDev":{"confidence_interval":{"confidence_level":0.95,"lower_bound":3.0417877629007273,"upper_bound":9.41642953179156},"point_estimate":6.406874970214145,"standard_error":1.8263323308214077}}