{"Mean":{"confidence_interval":{"confidence_level":0.95,"lower_bound":5272088.986500379,"upper_bound":5554988.118701631},"point_estimate":5377932.679552525,"standard_error":77187.3628028598},"Median":{"confidence_interval":{"confidence_level":0.95,"lower_bound":5259614.635416666,"upper_bound":5283181.475},"point_estimate":5271932.597943723,"standard_error":5435.53868799439},"MedianAbsDev":{"confidence_interval":{"confidence_level":0.95,"lower_bound":15458.287745045502,"upper_bound":45389.493731675604},"point_estimate":27637.406937116284,"standard_error":7542.1620996333595},"Slope":{"confidence_interval":{"confidence_level":0.95,"lower_bound":5257850.262359105,"upper_bound":5274938.935482456},"point_estimate":5265127.738286713,"standard_error":4368.573856619472},"StdDev":{"confidence_interval":{"confidence_level":0.95,"lower_bound":25414.67557410856,"upper_bound":722639.1648721708},"point_estimate":445073.76450463705,"standard_error":213985.88169777126}}