{"Mean":{"confidence_interval":{"confidence_level":0.95,"lower_bound":8289.7232151423,"upper_bound":8602.798655244878},"point_estimate":8421.012450300268,"standard_error":81.47460037331555},"Median":{"confidence_interval":{"confidence_level":0.95,"lower_bound":8191.112471655329,"upper_bound":8413.170634920634},"point_estimate":8274.027472527472,"standard_error":46.52189139159841},"MedianAbsDev":{"confidence_interval":{"confidence_level":0.95,"lower_bound":71.54202168469817,"upper_bound":314.94259244894397},"point_estimate":157.09972695713415,"standard_error":60.120818357216805},"Slope":{"confidence_interval":{"confidence_level":0.95,"lower_bound":8325.834254829268,"upper_bound":8558.602482243223},"point_estimate":8447.659390609391,"standard_error":59.441778545684684},"StdDev":{"confidence_interval":{"confidence_level":0.95,"lower_bound":180.579852336718,"upper_bound":723.0120510418427},"point_estimate":467.2852382582573,"standard_error":168.78649230857138}}