{"Mean":{"confidence_interval":{"confidence_level":0.95,"lower_bound":210.4849680495606,"upper_bound":212.3396450198002},"point_estimate":211.30217495828128,"standard_error":0.4774052679846612},"Median":{"confidence_interval":{"confidence_level":0.95,"lower_bound":210.003392978293,"upper_bound":210.93322537884458},"point_estimate":210.4117950593198,"standard_error":0.2107503794682918},"MedianAbsDev":{"confidence_interval":{"confidence_level":0.95,"lower_bound":0.47434252183900194,"upper_bound":1.4008406499159731},"point_estimate":0.971297541603939,"standard_error":0.2432316794996425},"Slope":{"confidence_interval":{"confidence_level":0.95,"lower_bound":209.9803395007276,"upper_bound":210.46108389804797},"point_estimate":210.20589642900222,"standard_error":0.12229579465439372},"StdDev":{"confidence_interval":{"confidence_level":0.95,"lower_bound":0.8092433429671557,"upper_bound":3.910957897513744},"point_estimate":2.744564764069202,"standard_error":0.7526254447450716}}