{"Mean":{"confidence_interval":{"confidence_level":0.95,"lower_bound":309541.1061874316,"upper_bound":336124.03301554354},"point_estimate":319385.03707731445,"standard_error":7422.881691455766},"Median":{"confidence_interval":{"confidence_level":0.95,"lower_bound":308070.9088888889,"upper_bound":311426.4666666667},"point_estimate":308568.30922619044,"standard_error":828.7993369173228},"MedianAbsDev":{"confidence_interval":{"confidence_level":0.95,"lower_bound":704.3863362446399,"upper_bound":5641.7546908961585},"point_estimate":1877.6915040780677,"standard_error":1252.3599232368667},"Slope":{"confidence_interval":{"confidence_level":0.95,"lower_bound":307679.60194402153,"upper_bound":309073.28305229096},"point_estimate":308280.7809615385,"standard_error":355.7169233441047},"StdDev":{"confidence_interval":{"confidence_level":0.95,"lower_bound":3300.0808526083783,"upper_bound":70204.6327596851},"point_estimate":42796.370483159124,"standard_error":21554.216859372922}}