{"Mean":{"confidence_interval":{"confidence_level":0.95,"lower_bound":19133.013137674436,"upper_bound":21304.58777406515},"point_estimate":20142.53136949246,"standard_error":555.9377374034002},"Median":{"confidence_interval":{"confidence_level":0.95,"lower_bound":18334.990992647057,"upper_bound":19402.85245098039},"point_estimate":18659.134634515573,"standard_error":282.823585973622},"MedianAbsDev":{"confidence_interval":{"confidence_level":0.95,"lower_bound":623.4039586038905,"upper_bound":2135.0001549876706},"point_estimate":1098.0387866730161,"standard_error":397.8283741064892},"Slope":{"confidence_interval":{"confidence_level":0.95,"lower_bound":19716.70097325719,"upper_bound":22917.413434752307},"point_estimate":21245.11716217606,"standard_error":821.8369750629952},"StdDev":{"confidence_interval":{"confidence_level":0.95,"lower_bound":1900.3259167845877,"upper_bound":4041.0937434749953},"point_estimate":3201.6847169411894,"standard_error":552.0163680350588}}