{"Mean":{"confidence_interval":{"confidence_level":0.95,"lower_bound":-0.11920532650971383,"upper_bound":-0.08259007999960732},"point_estimate":-0.10266499764032666,"standard_error":0.009216470655170367},"Median":{"confidence_interval":{"confidence_level":0.95,"lower_bound":-0.1227644358198502,"upper_bound":-0.09570627105286689},"point_estimate":-0.11222170744871418,"standard_error":0.007203623653374441}}