{"Mean":{"confidence_interval":{"confidence_level":0.95,"lower_bound":813926.401000305,"upper_bound":825871.4101193041},"point_estimate":819120.715516392,"standard_error":3075.5487543601216},"Median":{"confidence_interval":{"confidence_level":0.95,"lower_bound":812899.7685185185,"upper_bound":818706.6221264368},"point_estimate":816956.2253703703,"standard_error":1258.4210684677457},"MedianAbsDev":{"confidence_interval":{"confidence_level":0.95,"lower_bound":2909.208735684513,"upper_bound":9132.227617678265},"point_estimate":5943.339909014534,"standard_error":1528.063504524916},"Slope":{"confidence_interval":{"confidence_level":0.95,"lower_bound":811808.315826616,"upper_bound":818722.6321908073},"point_estimate":815079.9320221446,"standard_error":1780.238760586666},"StdDev":{"confidence_interval":{"confidence_level":0.95,"lower_bound":5690.364565590785,"upper_bound":25930.555865304414},"point_estimate":17709.558126810865,"standard_error":5405.835941264393}}