{"Mean":{"confidence_interval":{"confidence_level":0.95,"lower_bound":30182.73758260723,"upper_bound":30742.75658161917},"point_estimate":30410.333257752223,"standard_error":146.16021731019737},"Median":{"confidence_interval":{"confidence_level":0.95,"lower_bound":30064.908031798244,"upper_bound":30281.732314750694},"point_estimate":30131.63704182331,"standard_error":65.35665127607594},"MedianAbsDev":{"confidence_interval":{"confidence_level":0.95,"lower_bound":120.95443181644679,"upper_bound":469.1979101775182},"point_estimate":225.27179717021798,"standard_error":84.63693613506787},"Slope":{"confidence_interval":{"confidence_level":0.95,"lower_bound":30102.34821946893,"upper_bound":30289.271380366776},"point_estimate":30188.399017183474,"standard_error":47.56908991353338},"StdDev":{"confidence_interval":{"confidence_level":0.95,"lower_bound":289.649998778014,"upper_bound":1315.959206292067},"point_estimate":836.7862440914886,"standard_error":326.2172520890149}}