{"Mean":{"confidence_interval":{"confidence_level":0.95,"lower_bound":30091.037565433748,"upper_bound":30576.44197323679},"point_estimate":30307.610700888417,"standard_error":124.67710866248933},"Median":{"confidence_interval":{"confidence_level":0.95,"lower_bound":29881.83775459513,"upper_bound":30450.486361757816},"point_estimate":30036.078298204528,"standard_error":143.7488100634359},"MedianAbsDev":{"confidence_interval":{"confidence_level":0.95,"lower_bound":142.2589707656975,"upper_bound":720.2616653541971},"point_estimate":350.10598429827456,"standard_error":156.83344858506467},"Slope":{"confidence_interval":{"confidence_level":0.95,"lower_bound":29977.133796315014,"upper_bound":30258.400429001384},"point_estimate":30113.92305915396,"standard_error":72.07538030561606},"StdDev":{"confidence_interval":{"confidence_level":0.95,"lower_bound":367.30507347260084,"upper_bound":1036.8240798817926},"point_estimate":715.9746780685815,"standard_error":194.9773807309325}}