{"Mean":{"confidence_interval":{"confidence_level":0.95,"lower_bound":1032.8442098762682,"upper_bound":1059.0503808726487},"point_estimate":1047.031708085705,"standard_error":6.598659612104237},"Median":{"confidence_interval":{"confidence_level":0.95,"lower_bound":1023.5641276217822,"upper_bound":1063.0586954514924},"point_estimate":1055.0070508392569,"standard_error":10.97633943462193},"MedianAbsDev":{"confidence_interval":{"confidence_level":0.95,"lower_bound":0.0,"upper_bound":19.126736984042235},"point_estimate":11.93736809016982,"standard_error":7.172624335511551},"Slope":{"confidence_interval":{"confidence_level":0.95,"lower_bound":1029.483539951042,"upper_bound":1058.3164842300853},"point_estimate":1045.9882041325761,"standard_error":7.482847522804281},"StdDev":{"confidence_interval":{"confidence_level":0.95,"lower_bound":3.2835770914554696,"upper_bound":20.428235796399356},"point_estimate":16.458249663734513,"standard_error":4.3666207358128295}}