{"Mean":{"confidence_interval":{"confidence_level":0.95,"lower_bound":1035.0922451356123,"upper_bound":1060.096690068839},"point_estimate":1046.0552757100313,"standard_error":6.453504921073799},"Median":{"confidence_interval":{"confidence_level":0.95,"lower_bound":1032.3795604150396,"upper_bound":1044.540220908178},"point_estimate":1036.6544162074676,"standard_error":3.595747775233752},"MedianAbsDev":{"confidence_interval":{"confidence_level":0.95,"lower_bound":9.408752084525448,"upper_bound":31.064797764901613},"point_estimate":14.666926380869427,"standard_error":5.28683116346721},"Slope":{"confidence_interval":{"confidence_level":0.95,"lower_bound":1027.187872397308,"upper_bound":1038.1277482716985},"point_estimate":1032.0042828656894,"standard_error":2.799363501625117},"StdDev":{"confidence_interval":{"confidence_level":0.95,"lower_bound":15.407986200822068,"upper_bound":54.719726906859165},"point_estimate":37.01495726035076,"standard_error":10.948324691377827}}