{"Mean":{"confidence_interval":{"confidence_level":0.95,"lower_bound":81.10828251897497,"upper_bound":81.71483727988924},"point_estimate":81.38143808221054,"standard_error":0.15584205083583652},"Median":{"confidence_interval":{"confidence_level":0.95,"lower_bound":80.924087979111,"upper_bound":81.16010793206819},"point_estimate":80.97689888593959,"standard_error":0.06463070825614467},"MedianAbsDev":{"confidence_interval":{"confidence_level":0.95,"lower_bound":0.06261235653559749,"upper_bound":0.4291216126952594},"point_estimate":0.14744357610721112,"standard_error":0.10055572682778631},"Slope":{"confidence_interval":{"confidence_level":0.95,"lower_bound":81.03693872782334,"upper_bound":81.63908002426786},"point_estimate":81.32748942247078,"standard_error":0.15380309832663122},"StdDev":{"confidence_interval":{"confidence_level":0.95,"lower_bound":0.4421281611879618,"upper_bound":1.2584025785125885},"point_estimate":0.8965416230423146,"standard_error":0.21748455121389454}}