{"Mean":{"confidence_interval":{"confidence_level":0.95,"lower_bound":180.05313446897674,"upper_bound":183.71594821796464},"point_estimate":181.65242759721073,"standard_error":0.9443218871522905},"Median":{"confidence_interval":{"confidence_level":0.95,"lower_bound":179.21150177412602,"upper_bound":180.30245546039728},"point_estimate":179.4767367512099,"standard_error":0.29404383994016486},"MedianAbsDev":{"confidence_interval":{"confidence_level":0.95,"lower_bound":0.547487322366212,"upper_bound":2.0088654969556132},"point_estimate":0.8853470157296153,"standard_error":0.3980969952679584},"Slope":{"confidence_interval":{"confidence_level":0.95,"lower_bound":179.29333141437795,"upper_bound":179.80588908772137},"point_estimate":179.52332255495773,"standard_error":0.13127739828613935},"StdDev":{"confidence_interval":{"confidence_level":0.95,"lower_bound":1.915090222444419,"upper_bound":7.957103248177794},"point_estimate":5.435842792752635,"standard_error":1.591093088171369}}