{"Mean":{"confidence_interval":{"confidence_level":0.95,"lower_bound":574.2905604046824,"upper_bound":576.8078762717982},"point_estimate":575.3221254997502,"standard_error":0.6578162352539758},"Median":{"confidence_interval":{"confidence_level":0.95,"lower_bound":574.7215380238182,"upper_bound":575.4638486437352},"point_estimate":575.1986879648823,"standard_error":0.2015504034007755},"MedianAbsDev":{"confidence_interval":{"confidence_level":0.95,"lower_bound":0.5502748527751559,"upper_bound":2.344879127804827},"point_estimate":1.1111201521438576,"standard_error":0.5113397657703355},"Slope":{"confidence_interval":{"confidence_level":0.95,"lower_bound":574.6396802059852,"upper_bound":575.4123023701179},"point_estimate":575.0320277172833,"standard_error":0.19591092324854079},"StdDev":{"confidence_interval":{"confidence_level":0.95,"lower_bound":1.2653598955839698,"upper_bound":6.090870073801448},"point_estimate":3.787781899338344,"standard_error":1.542830887650615}}