{"Mean":{"confidence_interval":{"confidence_level":0.95,"lower_bound":30923.12575645364,"upper_bound":31914.745298817852},"point_estimate":31338.653454563257,"standard_error":258.0818158460107},"Median":{"confidence_interval":{"confidence_level":0.95,"lower_bound":30815.381219348204,"upper_bound":30987.515780730897},"point_estimate":30907.621262458473,"standard_error":47.24420562432062},"MedianAbsDev":{"confidence_interval":{"confidence_level":0.95,"lower_bound":123.69783663102407,"upper_bound":352.2872361936324},"point_estimate":233.67338161034476,"standard_error":55.973868571395336},"Slope":{"confidence_interval":{"confidence_level":0.95,"lower_bound":30777.275588544027,"upper_bound":30880.18545294078},"point_estimate":30823.28489562763,"standard_error":26.332928119849115},"StdDev":{"confidence_interval":{"confidence_level":0.95,"lower_bound":240.75735216193505,"upper_bound":2226.040772769043},"point_estimate":1475.79896195431,"standard_error":524.4344001912536}}