{"Mean":{"confidence_interval":{"confidence_level":0.95,"lower_bound":0.1344018656746364,"upper_bound":0.25038123943021495},"point_estimate":0.18013708766577685,"standard_error":0.03042131405708452},"Median":{"confidence_interval":{"confidence_level":0.95,"lower_bound":0.12458255573799648,"upper_bound":0.3184124631705312},"point_estimate":0.15825404642652718,"standard_error":0.04004003095481035}}