{"Mean":{"confidence_interval":{"confidence_level":0.95,"lower_bound":2212.3510211289404,"upper_bound":2280.2413607524313},"point_estimate":2240.1348958090834,"standard_error":17.754040818859},"Median":{"confidence_interval":{"confidence_level":0.95,"lower_bound":2223.978079580653,"upper_bound":2245.382416011437},"point_estimate":2237.1598926481875,"standard_error":6.703505328737495},"MedianAbsDev":{"confidence_interval":{"confidence_level":0.95,"lower_bound":12.38241956734386,"upper_bound":77.39001292197824},"point_estimate":23.057497876286632,"standard_error":16.067851243860353},"Slope":{"confidence_interval":{"confidence_level":0.95,"lower_bound":2196.1578145670414,"upper_bound":2234.17839062446},"point_estimate":2214.781381056399,"standard_error":9.735087134435293},"StdDev":{"confidence_interval":{"confidence_level":0.95,"lower_bound":35.44000129574101,"upper_bound":163.41583326856758},"point_estimate":102.26997099896693,"standard_error":41.165653109607184}}