{"Mean":{"confidence_interval":{"confidence_level":0.95,"lower_bound":4665.502391438121,"upper_bound":4785.2643016530465},"point_estimate":4721.576148136321,"standard_error":30.571297727141758},"Median":{"confidence_interval":{"confidence_level":0.95,"lower_bound":4636.217416032394,"upper_bound":4702.9558183376175},"point_estimate":4677.210989717223,"standard_error":17.123902896389644},"MedianAbsDev":{"confidence_interval":{"confidence_level":0.95,"lower_bound":39.08221580097,"upper_bound":166.58388734145433},"point_estimate":66.44000120263081,"standard_error":32.81013564090838},"Slope":{"confidence_interval":{"confidence_level":0.95,"lower_bound":4669.983957722208,"upper_bound":4850.715263815952},"point_estimate":4755.643009374944,"standard_error":46.427188734438225},"StdDev":{"confidence_interval":{"confidence_level":0.95,"lower_bound":109.21448833242671,"upper_bound":218.80046893021145},"point_estimate":175.92547541298543,"standard_error":27.947310988758293}}