{"Mean":{"confidence_interval":{"confidence_level":0.95,"lower_bound":8072.308937822114,"upper_bound":8456.5628584023},"point_estimate":8226.901732674722,"standard_error":101.03712852638589},"Median":{"confidence_interval":{"confidence_level":0.95,"lower_bound":8050.766456266907,"upper_bound":8098.879299239985},"point_estimate":8072.915905522216,"standard_error":13.417335813240133},"MedianAbsDev":{"confidence_interval":{"confidence_level":0.95,"lower_bound":35.66604986274371,"upper_bound":97.43659249919},"point_estimate":75.88527267340606,"standard_error":15.754707516062233},"Slope":{"confidence_interval":{"confidence_level":0.95,"lower_bound":8050.160527155147,"upper_bound":8083.259649701136},"point_estimate":8066.76688505363,"standard_error":8.468408667875948},"StdDev":{"confidence_interval":{"confidence_level":0.95,"lower_bound":57.54607081731546,"upper_bound":914.076267088355},"point_estimate":579.6365894559475,"standard_error":236.30519004410252}}