{"Mean":{"confidence_interval":{"confidence_level":0.95,"lower_bound":726146.4196327963,"upper_bound":783776.0394282494},"point_estimate":747245.2176072707,"standard_error":16363.127065364262},"Median":{"confidence_interval":{"confidence_level":0.95,"lower_bound":722259.8965517242,"upper_bound":731767.8527472527},"point_estimate":729104.8443223443,"standard_error":2462.193359352652},"MedianAbsDev":{"confidence_interval":{"confidence_level":0.95,"lower_bound":3624.1110254668815,"upper_bound":14339.843007253708},"point_estimate":9883.206799330432,"standard_error":2663.4457089609023},"Slope":{"confidence_interval":{"confidence_level":0.95,"lower_bound":723223.5697012407,"upper_bound":728262.6804810895},"point_estimate":725679.9579343733,"standard_error":1291.1183882740393},"StdDev":{"confidence_interval":{"confidence_level":0.95,"lower_bound":7213.169638499381,"upper_bound":154720.81834637313},"point_estimate":93803.50190710652,"standard_error":48598.96063187871}}