{"Mean":{"confidence_interval":{"confidence_level":0.95,"lower_bound":390939.78571114724,"upper_bound":419685.59461826336},"point_estimate":402804.9703373179,"standard_error":7630.143690057599},"Median":{"confidence_interval":{"confidence_level":0.95,"lower_bound":387536.0138888889,"upper_bound":394482.9793320106},"point_estimate":390764.1217093066,"standard_error":2451.913887366928},"MedianAbsDev":{"confidence_interval":{"confidence_level":0.95,"lower_bound":1267.2241258718323,"upper_bound":9674.345009246026},"point_estimate":5871.837455312854,"standard_error":2861.203954684773},"Slope":{"confidence_interval":{"confidence_level":0.95,"lower_bound":388404.8441839468,"upper_bound":391048.31307748763},"point_estimate":389610.507470134,"standard_error":677.0026026590529},"StdDev":{"confidence_interval":{"confidence_level":0.95,"lower_bound":4819.807501645152,"upper_bound":65572.29716571933},"point_estimate":43695.77430987383,"standard_error":16553.0050947416}}