{"Mean":{"confidence_interval":{"confidence_level":0.95,"lower_bound":357122637.3629374,"upper_bound":360598956.73864},"point_estimate":357489102.4404074,"standard_error":1555995.2744354154},"Median":{"confidence_interval":{"confidence_level":0.95,"lower_bound":356243956.06688964,"upper_bound":359256634.77272725},"point_estimate":356476343.23671496,"standard_error":1273275.0194515125},"MedianAbsDev":{"confidence_interval":{"confidence_level":0.95,"lower_bound":3546896.553355993,"upper_bound":4433005.144322943},"point_estimate":3905740.198350766,"standard_error":401689.35423778277},"Slope":{"confidence_interval":{"confidence_level":0.95,"lower_bound":354365106.8779362,"upper_bound":358651583.3240867},"point_estimate":356894853.80244756,"standard_error":2064188.7113567411},"StdDev":{"confidence_interval":{"confidence_level":0.95,"lower_bound":3116746.055532086,"upper_bound":6412438.893420854},"point_estimate":4577535.879920359,"standard_error":1445355.380012147}}