{"Mean":{"confidence_interval":{"confidence_level":0.95,"lower_bound":12047.543965757248,"upper_bound":12494.84901982975},"point_estimate":12218.542811732917,"standard_error":118.96703489670561},"Median":{"confidence_interval":{"confidence_level":0.95,"lower_bound":12043.661014067746,"upper_bound":12096.636849039594},"point_estimate":12056.26396288022,"standard_error":14.113644577854542},"MedianAbsDev":{"confidence_interval":{"confidence_level":0.95,"lower_bound":35.43719963436753,"upper_bound":94.38815983064308},"point_estimate":61.65696613009788,"standard_error":15.28887182395137},"Slope":{"confidence_interval":{"confidence_level":0.95,"lower_bound":12048.600418345974,"upper_bound":12086.364809948109},"point_estimate":12067.475100656919,"standard_error":9.665387658267267},"StdDev":{"confidence_interval":{"confidence_level":0.95,"lower_bound":59.09813811430673,"upper_bound":1105.5222532719224},"point_estimate":688.2861856080204,"standard_error":309.9696291976421}}