{"Mean":{"confidence_interval":{"confidence_level":0.95,"lower_bound":-0.06201060175846329,"upper_bound":0.12403995683117408},"point_estimate":0.02778435458786266,"standard_error":0.047864676454673724},"Median":{"confidence_interval":{"confidence_level":0.95,"lower_bound":-0.1284431712948838,"upper_bound":0.17211647345033976},"point_estimate":0.09752411610342926,"standard_error":0.08567718419628835}}