{"Mean":{"confidence_interval":{"confidence_level":0.95,"lower_bound":197.6146641578083,"upper_bound":201.01008959062645},"point_estimate":198.9070459354322,"standard_error":0.9335531204728299},"Median":{"confidence_interval":{"confidence_level":0.95,"lower_bound":197.24154738376546,"upper_bound":198.24877901197218},"point_estimate":197.63264725434627,"standard_error":0.26601970802793856},"MedianAbsDev":{"confidence_interval":{"confidence_level":0.95,"lower_bound":0.6775031347957952,"upper_bound":1.7139526432230978},"point_estimate":1.1546955607119773,"standard_error":0.2627943751603806},"Slope":{"confidence_interval":{"confidence_level":0.95,"lower_bound":197.2143706180893,"upper_bound":198.26209092389857},"point_estimate":197.66998118685567,"standard_error":0.2678488308711598},"StdDev":{"confidence_interval":{"confidence_level":0.95,"lower_bound":0.9889293394809605,"upper_bound":8.805123318781126},"point_estimate":5.375904610808626,"standard_error":2.5719372998129266}}