{"Mean":{"confidence_interval":{"confidence_level":0.95,"lower_bound":3550319.759458899,"upper_bound":3927501.581085973},"point_estimate":3716765.814192537,"standard_error":97313.47614590918},"Median":{"confidence_interval":{"confidence_level":0.95,"lower_bound":3490467.6522817463,"upper_bound":3588463.7673992673},"point_estimate":3558104.358225108,"standard_error":29693.136105916863},"MedianAbsDev":{"confidence_interval":{"confidence_level":0.95,"lower_bound":70015.83042764325,"upper_bound":236690.51206952674},"point_estimate":130622.4117249786,"standard_error":41731.13828566411},"Slope":{"confidence_interval":{"confidence_level":0.95,"lower_bound":3495332.8339693355,"upper_bound":3558867.911982831},"point_estimate":3526530.176340326,"standard_error":16232.225981408714},"StdDev":{"confidence_interval":{"confidence_level":0.95,"lower_bound":196939.46201128693,"upper_bound":793396.8615208195},"point_estimate":557723.4522693682,"standard_error":153585.94885175384}}