{"Mean":{"confidence_interval":{"confidence_level":0.95,"lower_bound":3545286.4389867526,"upper_bound":3946290.2436615806},"point_estimate":3721244.7344903257,"standard_error":103138.00579031513},"Median":{"confidence_interval":{"confidence_level":0.95,"lower_bound":3480396.8735632184,"upper_bound":3597806.730769231},"point_estimate":3524009.6205357146,"standard_error":33230.96953128936},"MedianAbsDev":{"confidence_interval":{"confidence_level":0.95,"lower_bound":77292.58890303227,"upper_bound":232171.01093403864},"point_estimate":147003.81886366894,"standard_error":38273.055135966664},"Slope":{"confidence_interval":{"confidence_level":0.95,"lower_bound":3480472.5181547906,"upper_bound":3550289.8014912484},"point_estimate":3513850.1971153845,"standard_error":17796.263459776943},"StdDev":{"confidence_interval":{"confidence_level":0.95,"lower_bound":197125.49543338368,"upper_bound":853411.2331323659},"point_estimate":594426.9907662027,"standard_error":169485.8457425284}}