{"Mean":{"confidence_interval":{"confidence_level":0.95,"lower_bound":7304667.006035149,"upper_bound":7986822.035550596},"point_estimate":7688376.313355,"standard_error":174985.13756999405},"Median":{"confidence_interval":{"confidence_level":0.95,"lower_bound":7635156.017857143,"upper_bound":7972900.75},"point_estimate":7880362.653846154,"standard_error":77467.94438565422},"MedianAbsDev":{"confidence_interval":{"confidence_level":0.95,"lower_bound":203140.8169773426,"upper_bound":598185.204957263},"point_estimate":389691.18413890636,"standard_error":102944.70294215665},"Slope":{"confidence_interval":{"confidence_level":0.95,"lower_bound":7631925.262438162,"upper_bound":7892749.167765102},"point_estimate":7751741.015078671,"standard_error":66666.44472873796},"StdDev":{"confidence_interval":{"confidence_level":0.95,"lower_bound":357308.10871796997,"upper_bound":1560713.5664561607},"point_estimate":1005336.404279531,"standard_error":339078.8172250527}}