{"Mean":{"confidence_interval":{"confidence_level":0.95,"lower_bound":5766.609141475525,"upper_bound":5821.352507766001},"point_estimate":5793.286207028973,"standard_error":13.93123824338945},"Median":{"confidence_interval":{"confidence_level":0.95,"lower_bound":5772.69449028029,"upper_bound":5824.071265822785},"point_estimate":5796.7187587258,"standard_error":17.66299639303055},"MedianAbsDev":{"confidence_interval":{"confidence_level":0.95,"lower_bound":32.138342970011045,"upper_bound":100.20269560543768},"point_estimate":55.06670470782517,"standard_error":19.24502418736797},"Slope":{"confidence_interval":{"confidence_level":0.95,"lower_bound":5750.288185031026,"upper_bound":5794.3850990588635},"point_estimate":5772.996831902275,"standard_error":11.23249488180841},"StdDev":{"confidence_interval":{"confidence_level":0.95,"lower_bound":55.14923509320821,"upper_bound":101.70053497291224},"point_estimate":80.19487645064183,"standard_error":12.09254790892611}}