{"Mean":{"confidence_interval":{"confidence_level":0.95,"lower_bound":155069.39301320864,"upper_bound":157176.62593781712},"point_estimate":155959.4799840793,"standard_error":546.9634040513832},"Median":{"confidence_interval":{"confidence_level":0.95,"lower_bound":154875.90793650792,"upper_bound":155165.71333333335},"point_estimate":155058.03361713106,"standard_error":84.99710089144399},"MedianAbsDev":{"confidence_interval":{"confidence_level":0.95,"lower_bound":199.73080532661555,"upper_bound":694.9651979853763},"point_estimate":364.4308736913331,"standard_error":134.08219355338602},"Slope":{"confidence_interval":{"confidence_level":0.95,"lower_bound":154889.78023651498,"upper_bound":155359.0616211224},"point_estimate":155096.23310897435,"standard_error":122.61242841454927},"StdDev":{"confidence_interval":{"confidence_level":0.95,"lower_bound":939.3632258521513,"upper_bound":4770.032297765744},"point_estimate":3134.0987584748023,"standard_error":1080.826218712417}}