{"Mean":{"confidence_interval":{"confidence_level":0.95,"lower_bound":154799.8144368265,"upper_bound":158771.7424845316},"point_estimate":156338.15782537873,"standard_error":1056.4974955406228},"Median":{"confidence_interval":{"confidence_level":0.95,"lower_bound":154961.925,"upper_bound":155281.57722222223},"point_estimate":155107.27251344087,"standard_error":71.59311951548949},"MedianAbsDev":{"confidence_interval":{"confidence_level":0.95,"lower_bound":231.21876657686633,"upper_bound":1131.5437345562207},"point_estimate":342.76899244609973,"standard_error":238.40961016002035},"Slope":{"confidence_interval":{"confidence_level":0.95,"lower_bound":154457.74206064566,"upper_bound":155140.56469350305},"point_estimate":154843.39189248253,"standard_error":175.06570145054937},"StdDev":{"confidence_interval":{"confidence_level":0.95,"lower_bound":727.942240948715,"upper_bound":9768.085418198933},"point_estimate":6090.9347073780455,"standard_error":2699.6087701816027}}