{"Mean":{"confidence_interval":{"confidence_level":0.95,"lower_bound":30.37354243170598,"upper_bound":30.54326023162318},"point_estimate":30.45122453212697,"standard_error":0.04343496231042223},"Median":{"confidence_interval":{"confidence_level":0.95,"lower_bound":30.351224031245316,"upper_bound":30.47373440577417},"point_estimate":30.402549760459188,"standard_error":0.02947717314630976},"MedianAbsDev":{"confidence_interval":{"confidence_level":0.95,"lower_bound":0.07910440247619617,"upper_bound":0.18289833361070962},"point_estimate":0.1359117075883825,"standard_error":0.026238972326006783},"Slope":{"confidence_interval":{"confidence_level":0.95,"lower_bound":30.39487201024962,"upper_bound":30.466247024384923},"point_estimate":30.431587698757742,"standard_error":0.018233464482124127},"StdDev":{"confidence_interval":{"confidence_level":0.95,"lower_bound":0.122989543719258,"upper_bound":0.33897953423860233},"point_estimate":0.25010217512413746,"standard_error":0.0550073756929235}}