{"Mean":{"confidence_interval":{"confidence_level":0.95,"lower_bound":13897.944555719727,"upper_bound":14948.481575285285},"point_estimate":14368.42986296046,"standard_error":270.8947603730313},"Median":{"confidence_interval":{"confidence_level":0.95,"lower_bound":13720.70459291891,"upper_bound":14264.834985315712},"point_estimate":13963.282118208517,"standard_error":144.10670517095207},"MedianAbsDev":{"confidence_interval":{"confidence_level":0.95,"lower_bound":399.1141204505665,"upper_bound":1040.9463379774309},"point_estimate":760.9300329304739,"standard_error":163.74153105936415},"Slope":{"confidence_interval":{"confidence_level":0.95,"lower_bound":13600.974313783503,"upper_bound":14027.636278875325},"point_estimate":13803.087698186542,"standard_error":109.66123595244765},"StdDev":{"confidence_interval":{"confidence_level":0.95,"lower_bound":676.7862619505964,"upper_bound":2139.2729167145435},"point_estimate":1547.337858635198,"standard_error":375.2305829506009}}