{"Mean":{"confidence_interval":{"confidence_level":0.95,"lower_bound":111450.24598725067,"upper_bound":113220.66004307623},"point_estimate":112215.61297245217,"standard_error":455.2997958480943},"Median":{"confidence_interval":{"confidence_level":0.95,"lower_bound":111524.73265643218,"upper_bound":112618.13696892835},"point_estimate":111932.15078369032,"standard_error":287.192489806682},"MedianAbsDev":{"confidence_interval":{"confidence_level":0.95,"lower_bound":738.9536219516046,"upper_bound":1805.5645987806565},"point_estimate":1238.6765925798786,"standard_error":279.2561106154222},"Slope":{"confidence_interval":{"confidence_level":0.95,"lower_bound":111279.67921341634,"upper_bound":112206.65216829268},"point_estimate":111763.24975671919,"standard_error":235.92233220882477},"StdDev":{"confidence_interval":{"confidence_level":0.95,"lower_bound":1101.5486214595524,"upper_bound":4037.089874433797},"point_estimate":2614.903728561065,"standard_error":877.4853969520161}}