{"Mean":{"confidence_interval":{"confidence_level":0.95,"lower_bound":1280.6703780571825,"upper_bound":1293.2944825710056},"point_estimate":1286.3531958206192,"standard_error":3.2061336375036986},"Median":{"confidence_interval":{"confidence_level":0.95,"lower_bound":1284.423714080207,"upper_bound":1288.8528170532607},"point_estimate":1287.4784138865784,"standard_error":1.4529423565642379},"MedianAbsDev":{"confidence_interval":{"confidence_level":0.95,"lower_bound":2.4173312787970236,"upper_bound":8.55782829449196},"point_estimate":4.570373712871309,"standard_error":1.5475858052040985},"Slope":{"confidence_interval":{"confidence_level":0.95,"lower_bound":1279.3012041548257,"upper_bound":1286.177508342667},"point_estimate":1282.9627960444047,"standard_error":1.7681183050940932},"StdDev":{"confidence_interval":{"confidence_level":0.95,"lower_bound":5.872349129080502,"upper_bound":28.60577244496967},"point_estimate":18.345820672387433,"standard_error":6.272059687778082}}