{"Mean":{"confidence_interval":{"confidence_level":0.95,"lower_bound":-0.051878684989833765,"upper_bound":-0.005595344324784617},"point_estimate":-0.028671565469771454,"standard_error":0.011819307994750974},"Median":{"confidence_interval":{"confidence_level":0.95,"lower_bound":-0.03273420367715296,"upper_bound":-0.018249790023236345},"point_estimate":-0.024257354724978697,"standard_error":0.0038999539565671665}}