{"Mean":{"confidence_interval":{"confidence_level":0.95,"lower_bound":7297760.022727273,"upper_bound":7684843.409090909},"point_estimate":7493909.265151516,"standard_error":103401.68687566668},"Median":{"confidence_interval":{"confidence_level":0.95,"lower_bound":7216278.03030303,"upper_bound":7829777.2727272725},"point_estimate":7583525.0,"standard_error":178680.7925199811},"MedianAbsDev":{"confidence_interval":{"confidence_level":0.95,"lower_bound":0.0,"upper_bound":365093.61306374683},"point_estimate":365093.61306374683,"standard_error":159125.60726077855},"Slope":{"confidence_interval":{"confidence_level":0.95,"lower_bound":7249168.774703558,"upper_bound":7606802.097902098},"point_estimate":7378080.20661157,"standard_error":97632.807633093},"StdDev":{"confidence_interval":{"confidence_level":0.95,"lower_bound":107807.97213138427,"upper_bound":324215.99181315454},"point_estimate":258382.74490534622,"standard_error":60950.25767372236}}