{"Mean":{"confidence_interval":{"confidence_level":0.95,"lower_bound":10195.2382543116,"upper_bound":10441.726257522832},"point_estimate":10297.394989847948,"standard_error":64.30116968371736},"Median":{"confidence_interval":{"confidence_level":0.95,"lower_bound":10174.27027027027,"upper_bound":10328.581792318633},"point_estimate":10263.564993564994,"standard_error":40.60106093633705},"MedianAbsDev":{"confidence_interval":{"confidence_level":0.95,"lower_bound":87.762966078762,"upper_bound":228.17052273049046},"point_estimate":177.18989719208804,"standard_error":37.60686976788236},"Slope":{"confidence_interval":{"confidence_level":0.95,"lower_bound":10081.136978815684,"upper_bound":10188.563171814116},"point_estimate":10131.087403137402,"standard_error":27.332073049187347},"StdDev":{"confidence_interval":{"confidence_level":0.95,"lower_bound":134.29006941764598,"upper_bound":582.2208412606499},"point_estimate":368.08425467880573,"standard_error":140.75463452340148}}