{"Mean":{"confidence_interval":{"confidence_level":0.95,"lower_bound":1393107.7901711166,"upper_bound":1741838.457315951},"point_estimate":1536593.4967641837,"standard_error":91027.41720616586},"Median":{"confidence_interval":{"confidence_level":0.95,"lower_bound":1367043.0769585255,"upper_bound":1381544.4285714286},"point_estimate":1376017.148051948,"standard_error":4702.825259992938},"MedianAbsDev":{"confidence_interval":{"confidence_level":0.95,"lower_bound":10494.155425999013,"upper_bound":38143.81100656181},"point_estimate":21600.313774850987,"standard_error":7819.580280362895},"Slope":{"confidence_interval":{"confidence_level":0.95,"lower_bound":1375425.8658505462,"upper_bound":1855106.0940189844},"point_estimate":1551983.9296578423,"standard_error":129533.67213355984},"StdDev":{"confidence_interval":{"confidence_level":0.95,"lower_bound":62110.851484896186,"upper_bound":813668.0906247878},"point_estimate":521038.02389096795,"standard_error":206383.88558385332}}