{"Mean":{"confidence_interval":{"confidence_level":0.95,"lower_bound":309437.6356035976,"upper_bound":316791.6375270348},"point_estimate":312546.7178975086,"standard_error":1913.7491437317392},"Median":{"confidence_interval":{"confidence_level":0.95,"lower_bound":307961.3122222222,"upper_bound":311568.1206178161},"point_estimate":308928.28619047615,"standard_error":910.0031342616164},"MedianAbsDev":{"confidence_interval":{"confidence_level":0.95,"lower_bound":1204.1567475991926,"upper_bound":4995.174684067973},"point_estimate":2401.3652842624156,"standard_error":1010.0591971972461},"Slope":{"confidence_interval":{"confidence_level":0.95,"lower_bound":309482.35360522,"upper_bound":312048.826264146},"point_estimate":310786.5410576923,"standard_error":653.5369964259775},"StdDev":{"confidence_interval":{"confidence_level":0.95,"lower_bound":2847.4381487187775,"upper_bound":16845.565380031814},"point_estimate":11012.537409760522,"standard_error":3816.696192465051}}