{"Mean":{"confidence_interval":{"confidence_level":0.95,"lower_bound":11198.43640393586,"upper_bound":11497.443014719942},"point_estimate":11311.778733867439,"standard_error":80.70424142934324},"Median":{"confidence_interval":{"confidence_level":0.95,"lower_bound":11199.508635235732,"upper_bound":11229.088047973532},"point_estimate":11211.58601062209,"standard_error":7.065012472835818},"MedianAbsDev":{"confidence_interval":{"confidence_level":0.95,"lower_bound":19.32429119631607,"upper_bound":56.06230954496091},"point_estimate":33.098707179129555,"standard_error":9.562847318683474},"Slope":{"confidence_interval":{"confidence_level":0.95,"lower_bound":11159.454591064961,"upper_bound":11218.94274958258},"point_estimate":11190.74087026497,"standard_error":15.280941415616525},"StdDev":{"confidence_interval":{"confidence_level":0.95,"lower_bound":50.70254899744074,"upper_bound":752.1128982776938},"point_estimate":463.6925415852988,"standard_error":216.4489995445192}}