{"Mean":{"confidence_interval":{"confidence_level":0.95,"lower_bound":85.64839598360714,"upper_bound":88.14418625101086},"point_estimate":86.5591529058232,"standard_error":0.7233206682834962},"Median":{"confidence_interval":{"confidence_level":0.95,"lower_bound":85.3976518949396,"upper_bound":85.9043537050502},"point_estimate":85.78140783949976,"standard_error":0.12608151664692632},"MedianAbsDev":{"confidence_interval":{"confidence_level":0.95,"lower_bound":0.25966971177945886,"upper_bound":0.7685372544385748},"point_estimate":0.5508425550136055,"standard_error":0.13510042580337034},"Slope":{"confidence_interval":{"confidence_level":0.95,"lower_bound":85.48536861183699,"upper_bound":85.86939982550594},"point_estimate":85.66557061676603,"standard_error":0.09823861536971885},"StdDev":{"confidence_interval":{"confidence_level":0.95,"lower_bound":0.3883118956388077,"upper_bound":6.879490410799691},"point_estimate":4.1386645721942825,"standard_error":2.2044458875680784}}