{"Mean":{"confidence_interval":{"confidence_level":0.95,"lower_bound":20779.570310152005,"upper_bound":21623.490289523437},"point_estimate":21144.682979381847,"standard_error":217.57848014099073},"Median":{"confidence_interval":{"confidence_level":0.95,"lower_bound":20339.76539333682,"upper_bound":21356.2641723356},"point_estimate":21212.733093237293,"standard_error":338.3303464234893},"MedianAbsDev":{"confidence_interval":{"confidence_level":0.95,"lower_bound":206.1968217360999,"upper_bound":1304.0828339907575},"point_estimate":826.6090495069491,"standard_error":260.8650951274779},"Slope":{"confidence_interval":{"confidence_level":0.95,"lower_bound":20389.238608565134,"upper_bound":20668.339698048545},"point_estimate":20498.626135768995,"standard_error":71.56592207460567},"StdDev":{"confidence_interval":{"confidence_level":0.95,"lower_bound":555.4869758307906,"upper_bound":1885.5016525907693},"point_estimate":1251.622792899568,"standard_error":394.6808685207315}}