{"Mean":{"confidence_interval":{"confidence_level":0.95,"lower_bound":135.97116374633003,"upper_bound":137.50927268591326},"point_estimate":136.720397550355,"standard_error":0.39294294793818396},"Median":{"confidence_interval":{"confidence_level":0.95,"lower_bound":135.47825504931734,"upper_bound":137.65084061480349},"point_estimate":136.09424650266595,"standard_error":0.6234116141969672},"MedianAbsDev":{"confidence_interval":{"confidence_level":0.95,"lower_bound":1.4520743824923754,"upper_bound":3.275666220280503},"point_estimate":2.441679186640659,"standard_error":0.4323455898217521},"Slope":{"confidence_interval":{"confidence_level":0.95,"lower_bound":134.8318636294714,"upper_bound":136.05169976686332},"point_estimate":135.41211592318732,"standard_error":0.3124879840990819},"StdDev":{"confidence_interval":{"confidence_level":0.95,"lower_bound":1.6830601326514465,"upper_bound":2.7252986965546073},"point_estimate":2.2596299833991687,"standard_error":0.26799089987432584}}