{"Mean":{"confidence_interval":{"confidence_level":0.95,"lower_bound":254577990.99613094,"upper_bound":255412768.71175233},"point_estimate":254963893.52075917,"standard_error":213020.81519060378},"Median":{"confidence_interval":{"confidence_level":0.95,"lower_bound":254218148.2062212,"upper_bound":255263698.91774893},"point_estimate":254733719.6125,"standard_error":288906.6601526313},"MedianAbsDev":{"confidence_interval":{"confidence_level":0.95,"lower_bound":519254.3925821479,"upper_bound":1442272.3118578282},"point_estimate":1049160.7161811488,"standard_error":233396.95120998655},"Slope":{"confidence_interval":{"confidence_level":0.95,"lower_bound":254223089.45565727,"upper_bound":254780283.44673434},"point_estimate":254452754.38382867,"standard_error":142633.39410075115},"StdDev":{"confidence_interval":{"confidence_level":0.95,"lower_bound":726428.7511117042,"upper_bound":1677785.8378079599},"point_estimate":1227851.6975477368,"standard_error":257382.18434084713}}