{"Mean":{"confidence_interval":{"confidence_level":0.95,"lower_bound":1722.7137565079895,"upper_bound":1747.7001291242782},"point_estimate":1733.770864736466,"standard_error":6.622634959459167},"Median":{"confidence_interval":{"confidence_level":0.95,"lower_bound":1715.0380259293077,"upper_bound":1759.527372726143},"point_estimate":1734.3703975839173,"standard_error":8.918840806275533},"MedianAbsDev":{"confidence_interval":{"confidence_level":0.95,"lower_bound":0.0,"upper_bound":30.125445484194604},"point_estimate":14.543165674608728,"standard_error":10.083632982673397},"Slope":{"confidence_interval":{"confidence_level":0.95,"lower_bound":1720.009251243567,"upper_bound":1736.033530634407},"point_estimate":1728.8825028008034,"standard_error":4.123499710775609},"StdDev":{"confidence_interval":{"confidence_level":0.95,"lower_bound":4.633864682970332,"upper_bound":22.282769013111235},"point_estimate":16.598282320775837,"standard_error":5.004016635347511}}