{"Mean":{"confidence_interval":{"confidence_level":0.95,"lower_bound":54822.16437451546,"upper_bound":60454.66153476109},"point_estimate":57367.415326195034,"standard_error":1426.2622948242672},"Median":{"confidence_interval":{"confidence_level":0.95,"lower_bound":54648.97855983773,"upper_bound":54972.2062745098},"point_estimate":54753.11407563025,"standard_error":87.02299448340435},"MedianAbsDev":{"confidence_interval":{"confidence_level":0.95,"lower_bound":210.55021653347808,"upper_bound":635.4309423119621},"point_estimate":376.0615844386622,"standard_error":107.70789304991749},"Slope":{"confidence_interval":{"confidence_level":0.95,"lower_bound":54644.4915857321,"upper_bound":55003.35967031499},"point_estimate":54803.79763986014,"standard_error":91.75024791936289},"StdDev":{"confidence_interval":{"confidence_level":0.95,"lower_bound":381.8085053904201,"upper_bound":11486.596554492302},"point_estimate":8171.013585974849,"standard_error":2471.197596230065}}