{"Mean":{"confidence_interval":{"confidence_level":0.95,"lower_bound":0.019577370190504095,"upper_bound":0.03163246614248487},"point_estimate":0.026152424216796533,"standard_error":0.0030718017448137696},"Median":{"confidence_interval":{"confidence_level":0.95,"lower_bound":0.024471256916416273,"upper_bound":0.028179887556690097},"point_estimate":0.026537016395507873,"standard_error":0.0010386827655234354}}