{"Mean":{"confidence_interval":{"confidence_level":0.95,"lower_bound":30346.654171181806,"upper_bound":31951.294663129596},"point_estimate":31103.027283598072,"standard_error":409.9736768051326},"Median":{"confidence_interval":{"confidence_level":0.95,"lower_bound":29725.405753968254,"upper_bound":30762.02261904762},"point_estimate":29844.722444444444,"standard_error":299.01839177020537},"MedianAbsDev":{"confidence_interval":{"confidence_level":0.95,"lower_bound":322.2769754689154,"upper_bound":1838.9843875366867},"point_estimate":645.4925095624382,"standard_error":385.7545127121791},"Slope":{"confidence_interval":{"confidence_level":0.95,"lower_bound":30255.661262388745,"upper_bound":32156.69545771152},"point_estimate":31061.951956931956,"standard_error":488.4005984144125},"StdDev":{"confidence_interval":{"confidence_level":0.95,"lower_bound":1552.9909271553188,"upper_bound":2874.0719414416844},"point_estimate":2372.8762750853584,"standard_error":340.8064710869893}}