{"Mean":{"confidence_interval":{"confidence_level":0.95,"lower_bound":17318.596621248114,"upper_bound":17839.359032779554},"point_estimate":17518.365459604887,"standard_error":142.08874254815333},"Median":{"confidence_interval":{"confidence_level":0.95,"lower_bound":17293.018534863193,"upper_bound":17420.448095593725},"point_estimate":17327.41901212775,"standard_error":33.25675558825402},"MedianAbsDev":{"confidence_interval":{"confidence_level":0.95,"lower_bound":73.48837956714655,"upper_bound":189.75614281036914},"point_estimate":136.81197821337048,"standard_error":30.33205876076077},"Slope":{"confidence_interval":{"confidence_level":0.95,"lower_bound":17302.779811759206,"upper_bound":17476.48480687853},"point_estimate":17376.78647566026,"standard_error":46.03144327876182},"StdDev":{"confidence_interval":{"confidence_level":0.95,"lower_bound":135.4131363086384,"upper_bound":1340.1096737625082},"point_estimate":819.4331891149792,"standard_error":388.7489002623107}}