{"Mean":{"confidence_interval":{"confidence_level":0.95,"lower_bound":219.23277507031804,"upper_bound":225.01753875524358},"point_estimate":222.0017612857226,"standard_error":1.4860872391694313},"Median":{"confidence_interval":{"confidence_level":0.95,"lower_bound":216.14752197671655,"upper_bound":222.33064861012116},"point_estimate":217.88739289043104,"standard_error":1.828177659571646},"MedianAbsDev":{"confidence_interval":{"confidence_level":0.95,"lower_bound":2.1138358953264365,"upper_bound":10.880486559624371},"point_estimate":4.838241272253189,"standard_error":2.3524415478436045},"Slope":{"confidence_interval":{"confidence_level":0.95,"lower_bound":219.5153053331882,"upper_bound":228.0402940023588},"point_estimate":223.77947742474916,"standard_error":2.187021339679621},"StdDev":{"confidence_interval":{"confidence_level":0.95,"lower_bound":6.128307188319474,"upper_bound":10.137315079446214},"point_estimate":8.549060656849637,"standard_error":1.02289569819292}}