{"Mean":{"confidence_interval":{"confidence_level":0.95,"lower_bound":568.9300436868108,"upper_bound":574.6086575008547},"point_estimate":571.1894946343212,"standard_error":1.5044683305464321},"Median":{"confidence_interval":{"confidence_level":0.95,"lower_bound":568.7401939852376,"upper_bound":569.7498816277564},"point_estimate":569.025239947456,"standard_error":0.27817221935798286},"MedianAbsDev":{"confidence_interval":{"confidence_level":0.95,"lower_bound":0.8877795650611028,"upper_bound":2.398819106465051},"point_estimate":1.6294247847881522,"standard_error":0.4038572222083465},"Slope":{"confidence_interval":{"confidence_level":0.95,"lower_bound":568.6445085298948,"upper_bound":569.4946596328091},"point_estimate":569.079718274771,"standard_error":0.21523736798370835},"StdDev":{"confidence_interval":{"confidence_level":0.95,"lower_bound":1.6987996255779736,"upper_bound":13.762285064706612},"point_estimate":8.643973892436325,"standard_error":3.646418486426355}}