{"Mean":{"confidence_interval":{"confidence_level":0.95,"lower_bound":551.5012178647271,"upper_bound":555.1135062824125},"point_estimate":553.2179883305146,"standard_error":0.9195279880056042},"Median":{"confidence_interval":{"confidence_level":0.95,"lower_bound":551.9207041691693,"upper_bound":554.5144543124516},"point_estimate":553.5942951783617,"standard_error":0.8019777301186738},"MedianAbsDev":{"confidence_interval":{"confidence_level":0.95,"lower_bound":1.0769154566041377,"upper_bound":4.335402652787176},"point_estimate":2.1978877270120813,"standard_error":0.8406959570056349},"Slope":{"confidence_interval":{"confidence_level":0.95,"lower_bound":550.3233800617072,"upper_bound":554.2087983997706},"point_estimate":552.2873485532766,"standard_error":0.9923024876676872},"StdDev":{"confidence_interval":{"confidence_level":0.95,"lower_bound":2.9769753266409245,"upper_bound":7.355905117428957},"point_estimate":5.2797864572555095,"standard_error":1.1589858217276832}}