{"Mean":{"confidence_interval":{"confidence_level":0.95,"lower_bound":2626.982387274632,"upper_bound":2692.7983698621424},"point_estimate":2651.5330329403664,"standard_error":18.366372593203884},"Median":{"confidence_interval":{"confidence_level":0.95,"lower_bound":2619.2945077681707,"upper_bound":2636.12723853136},"point_estimate":2627.2517722689445,"standard_error":4.884885068713494},"MedianAbsDev":{"confidence_interval":{"confidence_level":0.95,"lower_bound":12.89307816523225,"upper_bound":34.407187705767484},"point_estimate":21.75455914440356,"standard_error":5.336552448542955},"Slope":{"confidence_interval":{"confidence_level":0.95,"lower_bound":2620.4294823266487,"upper_bound":2634.510339005091},"point_estimate":2627.2544366766606,"standard_error":3.5958958005205957},"StdDev":{"confidence_interval":{"confidence_level":0.95,"lower_bound":17.758105348344078,"upper_bound":174.86659265607508},"point_estimate":105.82006795094631,"standard_error":53.05585530840707}}