{"Mean":{"confidence_interval":{"confidence_level":0.95,"lower_bound":292791900.0,"upper_bound":298803588.0},"point_estimate":295878244.0,"standard_error":1538930.3577658022},"Median":{"confidence_interval":{"confidence_level":0.95,"lower_bound":290570400.0,"upper_bound":299929620.0},"point_estimate":296642900.0,"standard_error":2513127.021000575},"MedianAbsDev":{"confidence_interval":{"confidence_level":0.95,"lower_bound":0.0,"upper_bound":4872890.985488892},"point_estimate":4673896.417021751,"standard_error":1878649.281611906},"Slope":{"confidence_interval":{"confidence_level":0.95,"lower_bound":291308689.4736842,"upper_bound":299567829.4117647},"point_estimate":296179500.0,"standard_error":2357307.319185206},"StdDev":{"confidence_interval":{"confidence_level":0.95,"lower_bound":1190398.812028977,"upper_bound":4745312.974137744},"point_estimate":3845964.5040847687,"standard_error":940659.7491017588}}