{"Mean":{"confidence_interval":{"confidence_level":0.95,"lower_bound":56881.691702781434,"upper_bound":57808.38916909701},"point_estimate":57286.904961235436,"standard_error":239.29682358379438},"Median":{"confidence_interval":{"confidence_level":0.95,"lower_bound":56933.071388733966,"upper_bound":57134.61398992113},"point_estimate":57002.89126669073,"standard_error":56.18463986440526},"MedianAbsDev":{"confidence_interval":{"confidence_level":0.95,"lower_bound":153.43997981031512,"upper_bound":521.5421216813897},"point_estimate":317.14369738923756,"standard_error":98.78318664960682},"Slope":{"confidence_interval":{"confidence_level":0.95,"lower_bound":56660.545313557435,"upper_bound":56941.28773790402},"point_estimate":56804.75687502681,"standard_error":71.56032288996742},"StdDev":{"confidence_interval":{"confidence_level":0.95,"lower_bound":470.3776833178434,"upper_bound":2039.5785600253155},"point_estimate":1378.0725227882651,"standard_error":417.10704729463487}}