{"Mean":{"confidence_interval":{"confidence_level":0.95,"lower_bound":54556.874862745615,"upper_bound":55200.62251327225},"point_estimate":54838.61051786062,"standard_error":164.9934463435564},"Median":{"confidence_interval":{"confidence_level":0.95,"lower_bound":54453.69189379699,"upper_bound":55071.252327533584},"point_estimate":54703.64819979716,"standard_error":180.48346524829253},"MedianAbsDev":{"confidence_interval":{"confidence_level":0.95,"lower_bound":358.43896959834365,"upper_bound":839.3449295628099},"point_estimate":733.8707373581724,"standard_error":131.38831133630765},"Slope":{"confidence_interval":{"confidence_level":0.95,"lower_bound":54384.905086330145,"upper_bound":54781.63573676687},"point_estimate":54586.18298680486,"standard_error":101.80177230716174},"StdDev":{"confidence_interval":{"confidence_level":0.95,"lower_bound":465.6184488347305,"upper_bound":1427.5061922814543},"point_estimate":943.4721074547409,"standard_error":292.78145056607667}}