{"Mean":{"confidence_interval":{"confidence_level":0.95,"lower_bound":8.327815020485318,"upper_bound":8.493542157718725},"point_estimate":8.397941499188507,"standard_error":0.04280439916162409},"Median":{"confidence_interval":{"confidence_level":0.95,"lower_bound":8.340695122076513,"upper_bound":8.395838659204102},"point_estimate":8.356102571391038,"standard_error":0.013121966779305494},"MedianAbsDev":{"confidence_interval":{"confidence_level":0.95,"lower_bound":0.03522236603753652,"upper_bound":0.12019089381611421},"point_estimate":0.07125741030047329,"standard_error":0.021292588141820574},"Slope":{"confidence_interval":{"confidence_level":0.95,"lower_bound":8.35956300421618,"upper_bound":8.413155423011403},"point_estimate":8.387301750344378,"standard_error":0.013659680267455477},"StdDev":{"confidence_interval":{"confidence_level":0.95,"lower_bound":0.07363895921077836,"upper_bound":0.39397072634359037},"point_estimate":0.246771208643814,"standard_error":0.0942002648923103}}