{"Mean":{"confidence_interval":{"confidence_level":0.95,"lower_bound":109235.69853492653,"upper_bound":111164.84373338181},"point_estimate":110004.31374980463,"standard_error":510.7521738918599},"Median":{"confidence_interval":{"confidence_level":0.95,"lower_bound":109513.21029411764,"upper_bound":110137.58849329205},"point_estimate":110030.52418300654,"standard_error":194.93876216227665},"MedianAbsDev":{"confidence_interval":{"confidence_level":0.95,"lower_bound":213.12493546760382,"upper_bound":1374.1804900151851},"point_estimate":616.8585186956291,"standard_error":289.85270380522957},"Slope":{"confidence_interval":{"confidence_level":0.95,"lower_bound":108884.43557811702,"upper_bound":109804.21054530604},"point_estimate":109355.94292369395,"standard_error":234.40427646746238},"StdDev":{"confidence_interval":{"confidence_level":0.95,"lower_bound":840.4573827804853,"upper_bound":4792.614777939251},"point_estimate":2941.6708941391266,"standard_error":1294.384295473673}}