{"Mean":{"confidence_interval":{"confidence_level":0.95,"lower_bound":83114.12797540083,"upper_bound":83760.65062797481},"point_estimate":83391.75317068052,"standard_error":167.87270912278913},"Median":{"confidence_interval":{"confidence_level":0.95,"lower_bound":83047.31268436578,"upper_bound":83256.90111848575},"point_estimate":83135.63402394587,"standard_error":57.46906461917348},"MedianAbsDev":{"confidence_interval":{"confidence_level":0.95,"lower_bound":156.03971112355055,"upper_bound":603.2738598106582},"point_estimate":268.11953122813236,"standard_error":116.43348471999055},"Slope":{"confidence_interval":{"confidence_level":0.95,"lower_bound":82980.88574943133,"upper_bound":83145.98720560547},"point_estimate":83065.87739804444,"standard_error":42.17353081899931},"StdDev":{"confidence_interval":{"confidence_level":0.95,"lower_bound":362.37837655442536,"upper_bound":1469.8628968177493},"point_estimate":969.3550553942592,"standard_error":322.12085904744526}}