{"Mean":{"confidence_interval":{"confidence_level":0.95,"lower_bound":3492.7086145033336,"upper_bound":3568.2129224801765},"point_estimate":3524.1609484013898,"standard_error":19.657392749738325},"Median":{"confidence_interval":{"confidence_level":0.95,"lower_bound":3483.173116219668,"upper_bound":3514.5133482332903},"point_estimate":3497.1096724137933,"standard_error":7.722480886261145},"MedianAbsDev":{"confidence_interval":{"confidence_level":0.95,"lower_bound":22.92388947169116,"upper_bound":62.722505436900335},"point_estimate":48.77331652375609,"standard_error":10.976892158421297},"Slope":{"confidence_interval":{"confidence_level":0.95,"lower_bound":3472.344915360127,"upper_bound":3499.413484607821},"point_estimate":3486.062048100367,"standard_error":6.913592301553066},"StdDev":{"confidence_interval":{"confidence_level":0.95,"lower_bound":36.62497381435212,"upper_bound":176.64796396079396},"point_estimate":113.31697584447005,"standard_error":42.13957547755254}}