{"Mean":{"confidence_interval":{"confidence_level":0.95,"lower_bound":495.1311174455701,"upper_bound":504.5952701791931},"point_estimate":499.0975910620402,"standard_error":2.458226889764922},"Median":{"confidence_interval":{"confidence_level":0.95,"lower_bound":494.5164168605595,"upper_bound":500.6887527344686},"point_estimate":496.37720206853373,"standard_error":1.5383684432283304},"MedianAbsDev":{"confidence_interval":{"confidence_level":0.95,"lower_bound":2.5618808369102424,"upper_bound":8.131433311755304},"point_estimate":6.138475254907513,"standard_error":1.5304922238851235},"Slope":{"confidence_interval":{"confidence_level":0.95,"lower_bound":492.32394424591865,"upper_bound":497.26126598547916},"point_estimate":495.01715079331143,"standard_error":1.255697454233459},"StdDev":{"confidence_interval":{"confidence_level":0.95,"lower_bound":4.420412571296725,"upper_bound":22.704184521497517},"point_estimate":14.155483533646237,"standard_error":5.634415229386649}}