{"Mean":{"confidence_interval":{"confidence_level":0.95,"lower_bound":636903.1141105777,"upper_bound":660779.7262288942},"point_estimate":646561.1649765522,"standard_error":6311.5033809697115},"Median":{"confidence_interval":{"confidence_level":0.95,"lower_bound":633866.0721839081,"upper_bound":642933.0763888889},"point_estimate":637334.3044871795,"standard_error":2266.9302974659176},"MedianAbsDev":{"confidence_interval":{"confidence_level":0.95,"lower_bound":4695.341872640974,"upper_bound":12337.095364245484},"point_estimate":10060.77183023957,"standard_error":2018.6377164647392},"Slope":{"confidence_interval":{"confidence_level":0.95,"lower_bound":634446.8039610194,"upper_bound":639328.2462134499},"point_estimate":636778.5666491841,"standard_error":1246.4099156255813},"StdDev":{"confidence_interval":{"confidence_level":0.95,"lower_bound":6441.269830845349,"upper_bound":57390.926177110356},"point_estimate":36344.24532413191,"standard_error":14783.600907686789}}