{"Mean":{"confidence_interval":{"confidence_level":0.95,"lower_bound":22343.217729017626,"upper_bound":23030.084972989258},"point_estimate":22625.798398740866,"standard_error":180.4513225361003},"Median":{"confidence_interval":{"confidence_level":0.95,"lower_bound":22237.528689116923,"upper_bound":22393.572481572483},"point_estimate":22271.18012899263,"standard_error":46.13091872767549},"MedianAbsDev":{"confidence_interval":{"confidence_level":0.95,"lower_bound":75.74343955830781,"upper_bound":348.2468699645793},"point_estimate":141.9324109821268,"standard_error":68.92423308015128},"Slope":{"confidence_interval":{"confidence_level":0.95,"lower_bound":22236.483981971716,"upper_bound":22338.35108086012},"point_estimate":22283.646629353447,"standard_error":25.79985944689557},"StdDev":{"confidence_interval":{"confidence_level":0.95,"lower_bound":235.75280267779277,"upper_bound":1613.363652379055},"point_estimate":1032.006414912341,"standard_error":394.4889272766209}}