{"Mean":{"confidence_interval":{"confidence_level":0.95,"lower_bound":0.017259199843893798,"upper_bound":0.03770288629661663},"point_estimate":0.02768132327028261,"standard_error":0.005194126111718216},"Median":{"confidence_interval":{"confidence_level":0.95,"lower_bound":0.014734353153697421,"upper_bound":0.03802340060620213},"point_estimate":0.026509820269721596,"standard_error":0.0062826752284309405}}