{"Mean":{"confidence_interval":{"confidence_level":0.95,"lower_bound":362.9168711749018,"upper_bound":375.46605947076637},"point_estimate":368.8200632657858,"standard_error":3.211260970771089},"Median":{"confidence_interval":{"confidence_level":0.95,"lower_bound":357.6596059065881,"upper_bound":368.8030623901018},"point_estimate":358.32512118217323,"standard_error":2.8980044077308},"MedianAbsDev":{"confidence_interval":{"confidence_level":0.95,"lower_bound":1.6873780888068415,"upper_bound":17.311401456551692},"point_estimate":5.347255258987569,"standard_error":4.11752940568699},"Slope":{"confidence_interval":{"confidence_level":0.95,"lower_bound":361.23708282149715,"upper_bound":373.9664874909625},"point_estimate":366.69635272653494,"standard_error":3.261585588948127},"StdDev":{"confidence_interval":{"confidence_level":0.95,"lower_bound":12.203565742721233,"upper_bound":22.581556511928035},"point_estimate":18.49339615393268,"standard_error":2.664342572937213}}