{"Mean":{"confidence_interval":{"confidence_level":0.95,"lower_bound":41015501.91666667,"upper_bound":43047301.875},"point_estimate":41912540.54166667,"standard_error":512818.8585271876},"Median":{"confidence_interval":{"confidence_level":0.95,"lower_bound":40898047.5,"upper_bound":43880562.5},"point_estimate":41189270.833333336,"standard_error":837640.2896637802},"MedianAbsDev":{"confidence_interval":{"confidence_level":0.95,"lower_bound":0.0,"upper_bound":1974545.1774448156},"point_estimate":431767.7063345946,"standard_error":731663.1304780385},"Slope":{"confidence_interval":{"confidence_level":0.95,"lower_bound":40961536.057692304,"upper_bound":42044976.973684214},"point_estimate":41163042.5,"standard_error":281925.2995401654},"StdDev":{"confidence_interval":{"confidence_level":0.95,"lower_bound":102971.47703695875,"upper_bound":1584886.535856659},"point_estimate":1282668.707836589,"standard_error":393741.0480907141}}