{"Mean":{"confidence_interval":{"confidence_level":0.95,"lower_bound":3649808.9152760636,"upper_bound":3923080.052434963},"point_estimate":3783478.609704349,"standard_error":69918.53769038976},"Median":{"confidence_interval":{"confidence_level":0.95,"lower_bound":3488132.1608796297,"upper_bound":3918352.3333333335},"point_estimate":3586555.288888889,"standard_error":132329.46290425546},"MedianAbsDev":{"confidence_interval":{"confidence_level":0.95,"lower_bound":143423.22456530939,"upper_bound":615205.0257723719},"point_estimate":309813.67248859664,"standard_error":140708.7283062148},"Slope":{"confidence_interval":{"confidence_level":0.95,"lower_bound":3496083.300131158,"upper_bound":3611817.9218867957},"point_estimate":3543881.564831002,"standard_error":29431.1648048266},"StdDev":{"confidence_interval":{"confidence_level":0.95,"lower_bound":320434.87019609485,"upper_bound":450783.5471762245},"point_estimate":401661.1207514853,"standard_error":33155.47922257112}}