{"Mean":{"confidence_interval":{"confidence_level":0.95,"lower_bound":262.4701859236894,"upper_bound":268.22030109682277},"point_estimate":265.0817359218057,"standard_error":1.4850650336789104},"Median":{"confidence_interval":{"confidence_level":0.95,"lower_bound":260.12635886929866,"upper_bound":265.5137638470029},"point_estimate":262.30740428649335,"standard_error":1.66996573420724},"MedianAbsDev":{"confidence_interval":{"confidence_level":0.95,"lower_bound":1.2605232269994375,"upper_bound":7.273248104749317},"point_estimate":4.383718607496635,"standard_error":1.5963803965572916},"Slope":{"confidence_interval":{"confidence_level":0.95,"lower_bound":261.972621751998,"upper_bound":272.07248682861524},"point_estimate":266.71897325333,"standard_error":2.570092667238512},"StdDev":{"confidence_interval":{"confidence_level":0.95,"lower_bound":3.447261662633325,"upper_bound":11.380473610695153},"point_estimate":8.52401423208578,"standard_error":1.885032279075404}}