{"Mean":{"confidence_interval":{"confidence_level":0.95,"lower_bound":20282.977800801837,"upper_bound":21987.948886126185},"point_estimate":21112.834408577375,"standard_error":435.0436136567521},"Median":{"confidence_interval":{"confidence_level":0.95,"lower_bound":19071.680254350737,"upper_bound":22177.138392029658},"point_estimate":20904.33080278102,"standard_error":922.0151571935395},"MedianAbsDev":{"confidence_interval":{"confidence_level":0.95,"lower_bound":736.1054899160167,"upper_bound":3976.4739960388174},"point_estimate":3259.7193690652907,"standard_error":975.5460921988955},"Slope":{"confidence_interval":{"confidence_level":0.95,"lower_bound":19106.771254574935,"upper_bound":20090.992147006018},"point_estimate":19549.768966951724,"standard_error":254.03144233196554},"StdDev":{"confidence_interval":{"confidence_level":0.95,"lower_bound":1942.9026370677177,"upper_bound":2957.7011871632285},"point_estimate":2503.8564187338347,"standard_error":261.3034396546945}}