{"Mean":{"confidence_interval":{"confidence_level":0.95,"lower_bound":121968547.11111112,"upper_bound":126640536.66666666},"point_estimate":123683155.77777776,"standard_error":1302661.0651984087},"Median":{"confidence_interval":{"confidence_level":0.95,"lower_bound":121869683.33333333,"upper_bound":129472700.0},"point_estimate":122213622.22222222,"standard_error":1713339.1108664242},"MedianAbsDev":{"confidence_interval":{"confidence_level":0.95,"lower_bound":0.0,"upper_bound":1549638.2024884298},"point_estimate":509923.7876137196,"standard_error":502056.7851935542},"Slope":{"confidence_interval":{"confidence_level":0.95,"lower_bound":121945012.45421246,"upper_bound":123273010.5263158},"point_estimate":122174393.93939394,"standard_error":406597.8869449665},"StdDev":{"confidence_interval":{"confidence_level":0.95,"lower_bound":142065.8286742959,"upper_bound":4137002.110423282},"point_estimate":3262624.567563762,"standard_error":1507002.042344668}}