{"Mean":{"confidence_interval":{"confidence_level":0.95,"lower_bound":46490.880292327645,"upper_bound":48499.57702815229},"point_estimate":47321.63127730721,"standard_error":525.8763183771067},"Median":{"confidence_interval":{"confidence_level":0.95,"lower_bound":46337.80379329005,"upper_bound":46542.34017857143},"point_estimate":46444.223645833335,"standard_error":56.343729791755074},"MedianAbsDev":{"confidence_interval":{"confidence_level":0.95,"lower_bound":122.47617535561191,"upper_bound":381.5122943572382},"point_estimate":226.55001848337244,"standard_error":65.15713295737432},"Slope":{"confidence_interval":{"confidence_level":0.95,"lower_bound":46391.97474889713,"upper_bound":49895.28356345887},"point_estimate":47548.82098951049,"standard_error":1030.5574321245142},"StdDev":{"confidence_interval":{"confidence_level":0.95,"lower_bound":277.1112973110098,"upper_bound":4697.111455985033},"point_estimate":3018.8364989976703,"standard_error":1171.9140772253647}}