{"Mean":{"confidence_interval":{"confidence_level":0.95,"lower_bound":95231.21877054093,"upper_bound":96848.9848569362},"point_estimate":95963.25572938453,"standard_error":415.83063102977474},"Median":{"confidence_interval":{"confidence_level":0.95,"lower_bound":95099.0669387755,"upper_bound":95673.25298869549},"point_estimate":95275.05302478134,"standard_error":128.10258845633786},"MedianAbsDev":{"confidence_interval":{"confidence_level":0.95,"lower_bound":360.46967531465236,"upper_bound":1086.7850619087076},"point_estimate":614.9405814411493,"standard_error":173.85163477429296},"Slope":{"confidence_interval":{"confidence_level":0.95,"lower_bound":95124.63461401546,"upper_bound":95397.43439027685},"point_estimate":95257.86807210646,"standard_error":69.2553011940507},"StdDev":{"confidence_interval":{"confidence_level":0.95,"lower_bound":1102.01107648666,"upper_bound":3321.7328849558835},"point_estimate":2393.7205605345175,"standard_error":573.3478781538014}}