{"Mean":{"confidence_interval":{"confidence_level":0.95,"lower_bound":60.36160657546932,"upper_bound":60.75361033990407},"point_estimate":60.55114740811657,"standard_error":0.09973627634844827},"Median":{"confidence_interval":{"confidence_level":0.95,"lower_bound":60.56887138423964,"upper_bound":60.74776248323262},"point_estimate":60.682686846004955,"standard_error":0.06175485846147556},"MedianAbsDev":{"confidence_interval":{"confidence_level":0.95,"lower_bound":0.10878097206238253,"upper_bound":0.6226504093407365},"point_estimate":0.19974577667012539,"standard_error":0.1325409693923769},"Slope":{"confidence_interval":{"confidence_level":0.95,"lower_bound":60.208010005403025,"upper_bound":60.574728015852514},"point_estimate":60.391112723429224,"standard_error":0.09382998334046388},"StdDev":{"confidence_interval":{"confidence_level":0.95,"lower_bound":0.370063483788027,"upper_bound":0.7634645877008207},"point_estimate":0.5740100639181741,"standard_error":0.10363836382120303}}