{"Mean":{"confidence_interval":{"confidence_level":0.95,"lower_bound":288205.53638636123,"upper_bound":296986.26500566525},"point_estimate":291971.0588850181,"standard_error":2273.898744626136},"Median":{"confidence_interval":{"confidence_level":0.95,"lower_bound":285495.35642135644,"upper_bound":292257.5974025974},"point_estimate":290988.56174242427,"standard_error":2100.726429762002},"MedianAbsDev":{"confidence_interval":{"confidence_level":0.95,"lower_bound":2269.507676402449,"upper_bound":8214.046387807943},"point_estimate":6615.791778727202,"standard_error":1570.5964851286108},"Slope":{"confidence_interval":{"confidence_level":0.95,"lower_bound":286552.8740416809,"upper_bound":290347.10722565424},"point_estimate":288460.7532236703,"standard_error":970.4792667126809},"StdDev":{"confidence_interval":{"confidence_level":0.95,"lower_bound":3924.1336533157496,"upper_bound":19308.85740316401},"point_estimate":13061.795374548203,"standard_error":4185.722002459656}}