{"Mean":{"confidence_interval":{"confidence_level":0.95,"lower_bound":5341944.386751838,"upper_bound":5416207.638663126},"point_estimate":5373596.739462316,"standard_error":19302.88404148044},"Median":{"confidence_interval":{"confidence_level":0.95,"lower_bound":5332745.939393939,"upper_bound":5362833.888377927},"point_estimate":5356470.909090909,"standard_error":8254.537190707837},"MedianAbsDev":{"confidence_interval":{"confidence_level":0.95,"lower_bound":21374.770740066506,"upper_bound":78454.25890299097},"point_estimate":39827.39196792268,"standard_error":13611.724303086581},"Slope":{"confidence_interval":{"confidence_level":0.95,"lower_bound":5324708.91212999,"upper_bound":5350222.622375324},"point_estimate":5337908.519012238,"standard_error":6510.481016364589},"StdDev":{"confidence_interval":{"confidence_level":0.95,"lower_bound":34694.24172222461,"upper_bound":168705.3730554104},"point_estimate":110858.87615656045,"standard_error":37537.39942481976}}