{"Mean":{"confidence_interval":{"confidence_level":0.95,"lower_bound":18.425909950628675,"upper_bound":19.387352685235484},"point_estimate":18.89837635487987,"standard_error":0.24571573772408686},"Median":{"confidence_interval":{"confidence_level":0.95,"lower_bound":17.846136912683523,"upper_bound":19.33904061175515},"point_estimate":18.870097403481505,"standard_error":0.4327064882689711},"MedianAbsDev":{"confidence_interval":{"confidence_level":0.95,"lower_bound":0.8518222352511771,"upper_bound":2.3062889311955947},"point_estimate":2.0600848541416643,"standard_error":0.40475198082639785},"Slope":{"confidence_interval":{"confidence_level":0.95,"lower_bound":17.90026180419566,"upper_bound":18.66327586374192},"point_estimate":18.281163883352164,"standard_error":0.19628099301404034},"StdDev":{"confidence_interval":{"confidence_level":0.95,"lower_bound":1.1212515341447,"upper_bound":1.6584838213849593},"point_estimate":1.4159999386698923,"standard_error":0.13824961255023127}}