{"Mean":{"confidence_interval":{"confidence_level":0.95,"lower_bound":1907043.7322043825,"upper_bound":1964328.4821583435},"point_estimate":1936592.5187293699,"standard_error":14630.627845909687},"Median":{"confidence_interval":{"confidence_level":0.95,"lower_bound":1920960.756302521,"upper_bound":1968810.0},"point_estimate":1954428.731884058,"standard_error":14543.641162288865},"MedianAbsDev":{"confidence_interval":{"confidence_level":0.95,"lower_bound":32556.248088677705,"upper_bound":87769.45832453924},"point_estimate":52991.121001248335,"standard_error":14484.307593419055},"Slope":{"confidence_interval":{"confidence_level":0.95,"lower_bound":1960329.7208226116,"upper_bound":1985236.8709521824},"point_estimate":1973543.737704918,"standard_error":6330.713758309096},"StdDev":{"confidence_interval":{"confidence_level":0.95,"lower_bound":54363.72698436245,"upper_bound":102146.59001285784},"point_estimate":81429.01386606491,"standard_error":12209.87792843625}}