{"Mean":{"confidence_interval":{"confidence_level":0.95,"lower_bound":28566.621051183745,"upper_bound":28910.9544202521},"point_estimate":28732.445125577586,"standard_error":87.76066384033535},"Median":{"confidence_interval":{"confidence_level":0.95,"lower_bound":28477.19870312016,"upper_bound":28919.959084743343},"point_estimate":28679.779030515798,"standard_error":139.79834636163997},"MedianAbsDev":{"confidence_interval":{"confidence_level":0.95,"lower_bound":208.75997988358077,"upper_bound":625.4108562880439},"point_estimate":375.9153052921432,"standard_error":102.1448461593511},"Slope":{"confidence_interval":{"confidence_level":0.95,"lower_bound":28526.09476144334,"upper_bound":28774.7181391003},"point_estimate":28644.090241551927,"standard_error":63.65914173844427},"StdDev":{"confidence_interval":{"confidence_level":0.95,"lower_bound":329.54675199331166,"upper_bound":669.5948263322609},"point_estimate":504.09140318452245,"standard_error":90.072764838451}}