{"Mean":{"confidence_interval":{"confidence_level":0.95,"lower_bound":1842515.2305679782,"upper_bound":1935783.7708672103},"point_estimate":1887345.6051677652,"standard_error":23823.04623660172},"Median":{"confidence_interval":{"confidence_level":0.95,"lower_bound":1811736.3636363638,"upper_bound":1931706.8111455108},"point_estimate":1852298.136645963,"standard_error":31583.293583412637},"MedianAbsDev":{"confidence_interval":{"confidence_level":0.95,"lower_bound":64988.287246227264,"upper_bound":179051.77808435328},"point_estimate":121394.80415919305,"standard_error":29427.99432230674},"Slope":{"confidence_interval":{"confidence_level":0.95,"lower_bound":1905520.8584503694,"upper_bound":2037412.204620913},"point_estimate":1976663.141195135,"standard_error":33709.67617816434},"StdDev":{"confidence_interval":{"confidence_level":0.95,"lower_bound":92583.73261702042,"upper_bound":165879.93878224344},"point_estimate":132477.23133757483,"standard_error":18979.84714907128}}