{"Mean":{"confidence_interval":{"confidence_level":0.95,"lower_bound":117.99605470350637,"upper_bound":119.73995669501602},"point_estimate":118.6913805941629,"standard_error":0.4626486757142206},"Median":{"confidence_interval":{"confidence_level":0.95,"lower_bound":117.82158048859452,"upper_bound":118.54040756161267},"point_estimate":118.22736031952344,"standard_error":0.19909481241912724},"MedianAbsDev":{"confidence_interval":{"confidence_level":0.95,"lower_bound":0.497789008592456,"upper_bound":1.4386521914633312},"point_estimate":0.9532153324108972,"standard_error":0.23894655704861573},"Slope":{"confidence_interval":{"confidence_level":0.95,"lower_bound":117.81697994780221,"upper_bound":118.51901554987822},"point_estimate":118.15808469682713,"standard_error":0.17843539832536354},"StdDev":{"confidence_interval":{"confidence_level":0.95,"lower_bound":0.7246752546580207,"upper_bound":4.284648310990651},"point_estimate":2.6638696563860713,"standard_error":1.142335556452893}}