{"Mean":{"confidence_interval":{"confidence_level":0.95,"lower_bound":3627659.30894309,"upper_bound":3977001.707317074},"point_estimate":3782402.5406504064,"standard_error":90304.19408109407},"Median":{"confidence_interval":{"confidence_level":0.95,"lower_bound":3595934.1463414636,"upper_bound":4145486.5853658537},"point_estimate":3689526.4227642277,"standard_error":135120.32700756722},"MedianAbsDev":{"confidence_interval":{"confidence_level":0.95,"lower_bound":0.0,"upper_bound":380554.48446331953},"point_estimate":138759.90656090938,"standard_error":117756.08889504368},"Slope":{"confidence_interval":{"confidence_level":0.95,"lower_bound":3610208.2356667724,"upper_bound":3806190.9499358153},"point_estimate":3649368.203991131,"standard_error":49483.844961292845},"StdDev":{"confidence_interval":{"confidence_level":0.95,"lower_bound":34001.60874623294,"upper_bound":289433.4108350018},"point_estimate":225752.79627438952,"standard_error":73330.84414739163}}