{"Mean":{"confidence_interval":{"confidence_level":0.95,"lower_bound":8785.75461800932,"upper_bound":8918.239669793717},"point_estimate":8851.736887746914,"standard_error":33.68122713624802},"Median":{"confidence_interval":{"confidence_level":0.95,"lower_bound":8765.472608340147,"upper_bound":8889.294364330137},"point_estimate":8812.331125027875,"standard_error":34.03676007928809},"MedianAbsDev":{"confidence_interval":{"confidence_level":0.95,"lower_bound":69.606818532772,"upper_bound":217.1022557407976},"point_estimate":116.84348663631111,"standard_error":36.6337576023845},"Slope":{"confidence_interval":{"confidence_level":0.95,"lower_bound":8778.603604179472,"upper_bound":8866.362290428138},"point_estimate":8819.77637325836,"standard_error":22.325224635951564},"StdDev":{"confidence_interval":{"confidence_level":0.95,"lower_bound":123.11041045926075,"upper_bound":240.86887285222446},"point_estimate":187.24881354132043,"standard_error":30.079047505866914}}