{"Mean":{"confidence_interval":{"confidence_level":0.95,"lower_bound":27467.790408264194,"upper_bound":28174.535702649602},"point_estimate":27783.46097440706,"standard_error":180.97732634030064},"Median":{"confidence_interval":{"confidence_level":0.95,"lower_bound":27434.93988269795,"upper_bound":27501.145789694176},"point_estimate":27451.53475935829,"standard_error":17.397488648485076},"MedianAbsDev":{"confidence_interval":{"confidence_level":0.95,"lower_bound":45.62170067606263,"upper_bound":164.24385778790133},"point_estimate":98.70320705284627,"standard_error":28.677296891259047},"Slope":{"confidence_interval":{"confidence_level":0.95,"lower_bound":27400.518121305005,"upper_bound":27462.219354948007},"point_estimate":27428.268379201443,"standard_error":15.858781754357699},"StdDev":{"confidence_interval":{"confidence_level":0.95,"lower_bound":89.83169006005598,"upper_bound":1488.9418766941506},"point_estimate":1040.6815380851278,"standard_error":323.1711698001957}}