{"Mean":{"confidence_interval":{"confidence_level":0.95,"lower_bound":-0.4319324391873874,"upper_bound":-0.3976914455732663},"point_estimate":-0.41463683028771847,"standard_error":0.008752695387288857},"Median":{"confidence_interval":{"confidence_level":0.95,"lower_bound":-0.42392601154019366,"upper_bound":-0.39449026722150315},"point_estimate":-0.39948504792347095,"standard_error":0.006647796370509726}}