{"Mean":{"confidence_interval":{"confidence_level":0.95,"lower_bound":8113480.5139356,"upper_bound":8752282.837146956},"point_estimate":8389042.889166027,"standard_error":165595.05025607787},"Median":{"confidence_interval":{"confidence_level":0.95,"lower_bound":8017620.134548611,"upper_bound":8215527.434952978},"point_estimate":8119859.572580645,"standard_error":49024.507661888994},"MedianAbsDev":{"confidence_interval":{"confidence_level":0.95,"lower_bound":142358.25324593898,"upper_bound":578818.2890545233},"point_estimate":291599.87811863114,"standard_error":120182.00349345521},"Slope":{"confidence_interval":{"confidence_level":0.95,"lower_bound":8054613.981247657,"upper_bound":8299931.3313573385},"point_estimate":8157115.428627622,"standard_error":64734.39283305304},"StdDev":{"confidence_interval":{"confidence_level":0.95,"lower_bound":395473.91450454347,"upper_bound":1437801.8739883283},"point_estimate":954014.8127058963,"standard_error":311244.4389324725}}