{"Mean":{"confidence_interval":{"confidence_level":0.95,"lower_bound":8094983.045587759,"upper_bound":9262286.906778937},"point_estimate":8537302.707293127,"standard_error":321425.0159216054},"Median":{"confidence_interval":{"confidence_level":0.95,"lower_bound":8064659.639583333,"upper_bound":8170868.810344827},"point_estimate":8117893.947192513,"standard_error":29056.254447608328},"MedianAbsDev":{"confidence_interval":{"confidence_level":0.95,"lower_bound":80227.56569852469,"upper_bound":523553.03878519556},"point_estimate":259461.6514035362,"standard_error":125190.64861919335},"Slope":{"confidence_interval":{"confidence_level":0.95,"lower_bound":8055156.249165277,"upper_bound":8159460.864530944},"point_estimate":8111127.614379371,"standard_error":26467.904241661723},"StdDev":{"confidence_interval":{"confidence_level":0.95,"lower_bound":356296.4689488425,"upper_bound":3037189.5444601094},"point_estimate":1849641.1466542284,"standard_error":896046.8607846913}}