{"Mean":{"confidence_interval":{"confidence_level":0.95,"lower_bound":1643.9752804594189,"upper_bound":1738.704389773352},"point_estimate":1688.672225794479,"standard_error":24.26280671351392},"Median":{"confidence_interval":{"confidence_level":0.95,"lower_bound":1601.6211452727657,"upper_bound":1673.10219478738},"point_estimate":1606.88727224953,"standard_error":20.855629660150232},"MedianAbsDev":{"confidence_interval":{"confidence_level":0.95,"lower_bound":10.112424567223826,"upper_bound":119.60403563531844},"point_estimate":29.462374559242924,"standard_error":29.514430874670435},"Slope":{"confidence_interval":{"confidence_level":0.95,"lower_bound":1635.5964632593775,"upper_bound":1758.7873012183602},"point_estimate":1689.1287339204007,"standard_error":31.553379848363864},"StdDev":{"confidence_interval":{"confidence_level":0.95,"lower_bound":90.51826964402258,"upper_bound":173.45717392131},"point_estimate":139.76189840650557,"standard_error":21.20694961775257}}