{"Mean":{"confidence_interval":{"confidence_level":0.95,"lower_bound":4049.8586838896076,"upper_bound":4150.847365892836},"point_estimate":4095.369158593109,"standard_error":26.023554035688537},"Median":{"confidence_interval":{"confidence_level":0.95,"lower_bound":4025.844747950294,"upper_bound":4062.4186318631864},"point_estimate":4037.5976424565533,"standard_error":10.110011378812047},"MedianAbsDev":{"confidence_interval":{"confidence_level":0.95,"lower_bound":20.62302618739438,"upper_bound":83.19120196797019},"point_estimate":43.950348418645255,"standard_error":15.890892564128036},"Slope":{"confidence_interval":{"confidence_level":0.95,"lower_bound":4055.72067456851,"upper_bound":4192.826818782675},"point_estimate":4115.790912552794,"standard_error":35.21110368844989},"StdDev":{"confidence_interval":{"confidence_level":0.95,"lower_bound":65.76920952680129,"upper_bound":203.5469865975789},"point_estimate":149.03179272419572,"standard_error":34.292750105496}}