{"Mean":{"confidence_interval":{"confidence_level":0.95,"lower_bound":127.88386547758861,"upper_bound":128.8097812137726},"point_estimate":128.32287565219391,"standard_error":0.23574711401870352},"Median":{"confidence_interval":{"confidence_level":0.95,"lower_bound":127.69639304681512,"upper_bound":128.63718503016955},"point_estimate":128.32067377093364,"standard_error":0.278793055961179},"MedianAbsDev":{"confidence_interval":{"confidence_level":0.95,"lower_bound":0.4977929085348148,"upper_bound":1.916760362561127},"point_estimate":1.0340971915524413,"standard_error":0.35033016093916675},"Slope":{"confidence_interval":{"confidence_level":0.95,"lower_bound":127.36671513744928,"upper_bound":128.134319138992},"point_estimate":127.72446306482044,"standard_error":0.195779647946169},"StdDev":{"confidence_interval":{"confidence_level":0.95,"lower_bound":0.9054742143329234,"upper_bound":1.740431226689407},"point_estimate":1.3576038223090188,"standard_error":0.21645059621961069}}