{"Mean":{"confidence_interval":{"confidence_level":0.95,"lower_bound":126.59091555302513,"upper_bound":128.71658895448138},"point_estimate":127.39167994370881,"standard_error":0.5963803085903034},"Median":{"confidence_interval":{"confidence_level":0.95,"lower_bound":126.75098324396092,"upper_bound":127.22362888858436},"point_estimate":127.10150247655592,"standard_error":0.11623899134428767},"MedianAbsDev":{"confidence_interval":{"confidence_level":0.95,"lower_bound":0.20681709295943304,"upper_bound":0.9137439020857109},"point_estimate":0.4793874220837088,"standard_error":0.1834243864937906},"Slope":{"confidence_interval":{"confidence_level":0.95,"lower_bound":126.40335262821228,"upper_bound":126.9439040709227},"point_estimate":126.68135581271545,"standard_error":0.1381582657149543},"StdDev":{"confidence_interval":{"confidence_level":0.95,"lower_bound":0.5672471837727027,"upper_bound":5.694849427227131},"point_estimate":3.4230949726324873,"standard_error":1.7391590795040028}}