{"Mean":{"confidence_interval":{"confidence_level":0.95,"lower_bound":36371.12436731743,"upper_bound":42746.651771511206},"point_estimate":39411.95328994938,"standard_error":1638.828103477529},"Median":{"confidence_interval":{"confidence_level":0.95,"lower_bound":35979.013015184384,"upper_bound":44859.132321041216},"point_estimate":37065.75921908893,"standard_error":3038.332963704311},"MedianAbsDev":{"confidence_interval":{"confidence_level":0.95,"lower_bound":0.0,"upper_bound":3141.9091407492488},"point_estimate":1611.2098933041914,"standard_error":1132.040755507944},"Slope":{"confidence_interval":{"confidence_level":0.95,"lower_bound":36487.816341287056,"upper_bound":43818.18812587288},"point_estimate":41786.000394399525,"standard_error":1814.2668444320843},"StdDev":{"confidence_interval":{"confidence_level":0.95,"lower_bound":388.6229319011718,"upper_bound":4707.686601039622},"point_estimate":4093.079835348274,"standard_error":1068.7949597155405}}