{"Mean":{"confidence_interval":{"confidence_level":0.95,"lower_bound":7029.221650032944,"upper_bound":7163.422010964167},"point_estimate":7091.436668013325,"standard_error":34.27311554223974},"Median":{"confidence_interval":{"confidence_level":0.95,"lower_bound":6987.549301819114,"upper_bound":7084.220333471294},"point_estimate":7022.256074654113,"standard_error":32.759772129311116},"MedianAbsDev":{"confidence_interval":{"confidence_level":0.95,"lower_bound":74.39400686085433,"upper_bound":208.4806311635756},"point_estimate":127.67408777944993,"standard_error":30.861742138228653},"Slope":{"confidence_interval":{"confidence_level":0.95,"lower_bound":6979.60622907915,"upper_bound":7026.6069312288755},"point_estimate":7002.153516660127,"standard_error":11.935652733082623},"StdDev":{"confidence_interval":{"confidence_level":0.95,"lower_bound":110.83309268023805,"upper_bound":259.5909141215699},"point_estimate":197.27811168141955,"standard_error":38.24708992817017}}