{"Mean":{"confidence_interval":{"confidence_level":0.95,"lower_bound":323.11947774272426,"upper_bound":327.7391941391547},"point_estimate":324.9325777200281,"standard_error":1.2441697539033851},"Median":{"confidence_interval":{"confidence_level":0.95,"lower_bound":323.1900108955189,"upper_bound":325.09261191088854},"point_estimate":324.11061342351115,"standard_error":0.42513701014954713},"MedianAbsDev":{"confidence_interval":{"confidence_level":0.95,"lower_bound":1.1114773987248159,"upper_bound":2.8940019271235045},"point_estimate":2.2620118993825167,"standard_error":0.4641268246053022},"Slope":{"confidence_interval":{"confidence_level":0.95,"lower_bound":322.4592355611475,"upper_bound":324.4646673750305},"point_estimate":323.5220792924997,"standard_error":0.5145310797457336},"StdDev":{"confidence_interval":{"confidence_level":0.95,"lower_bound":1.7925431284453923,"upper_bound":11.705137471206339},"point_estimate":7.147823928733473,"standard_error":3.2821453602241184}}