{"Mean":{"confidence_interval":{"confidence_level":0.95,"lower_bound":-0.09358946144334554,"upper_bound":-0.05694915257598737},"point_estimate":-0.0672670913043083,"standard_error":0.0159753161675815},"Median":{"confidence_interval":{"confidence_level":0.95,"lower_bound":-0.11055223975149969,"upper_bound":-0.04879484788254297},"point_estimate":-0.0594192069541154,"standard_error":0.029833954063103015}}