{"Mean":{"confidence_interval":{"confidence_level":0.95,"lower_bound":422765.9096612296,"upper_bound":425494.4291091593},"point_estimate":424065.2823086575,"standard_error":699.3912009801132},"Median":{"confidence_interval":{"confidence_level":0.95,"lower_bound":422171.01631116687,"upper_bound":426243.5382685069},"point_estimate":423170.3262233375,"standard_error":1248.9050307337466},"MedianAbsDev":{"confidence_interval":{"confidence_level":0.95,"lower_bound":0.0,"upper_bound":1481.576849480933},"point_estimate":1481.576849480933,"standard_error":658.1522041085186},"Slope":{"confidence_interval":{"confidence_level":0.95,"lower_bound":422592.2608718866,"upper_bound":425434.1996773615},"point_estimate":424155.90737994754,"standard_error":819.9964131306223},"StdDev":{"confidence_interval":{"confidence_level":0.95,"lower_bound":442.99924299036934,"upper_bound":2089.570720367066},"point_estimate":1750.6673165319182,"standard_error":415.47030612247954}}