{"Mean":{"confidence_interval":{"confidence_level":0.95,"lower_bound":79499.6248140584,"upper_bound":83311.57850675004},"point_estimate":80949.48066091508,"standard_error":1020.8013854972872},"Median":{"confidence_interval":{"confidence_level":0.95,"lower_bound":79334.0243697479,"upper_bound":79712.25525210085},"point_estimate":79544.39694339274,"standard_error":88.30879652101804},"MedianAbsDev":{"confidence_interval":{"confidence_level":0.95,"lower_bound":223.81653132057755,"upper_bound":578.0860791486934},"point_estimate":393.5916626729787,"standard_error":86.93678956375149},"Slope":{"confidence_interval":{"confidence_level":0.95,"lower_bound":79380.08840637306,"upper_bound":79649.48884078588},"point_estimate":79517.26308985133,"standard_error":68.7312824635905},"StdDev":{"confidence_interval":{"confidence_level":0.95,"lower_bound":354.71472614632376,"upper_bound":9407.430953635763},"point_estimate":5859.249301189141,"standard_error":2671.1090626695477}}