{"Mean":{"confidence_interval":{"confidence_level":0.95,"lower_bound":963431.6234770754,"upper_bound":1007747.4737829978},"point_estimate":982848.2824426555,"standard_error":11255.923332442328},"Median":{"confidence_interval":{"confidence_level":0.95,"lower_bound":959372.1615196078,"upper_bound":966245.6333333333},"point_estimate":962705.2816205535,"standard_error":1779.0084499937195},"MedianAbsDev":{"confidence_interval":{"confidence_level":0.95,"lower_bound":4046.1151856376355,"upper_bound":12060.75125262895},"point_estimate":7683.952975965134,"standard_error":2084.538933758764},"Slope":{"confidence_interval":{"confidence_level":0.95,"lower_bound":959722.1433427496,"upper_bound":966573.6437495614},"point_estimate":962969.8171153846,"standard_error":1751.032377811991},"StdDev":{"confidence_interval":{"confidence_level":0.95,"lower_bound":8288.573144466387,"upper_bound":94115.24568808488},"point_estimate":64584.796866560886,"standard_error":19966.16102355297}}