{"Mean":{"confidence_interval":{"confidence_level":0.95,"lower_bound":551.3994857355533,"upper_bound":555.3301266800756},"point_estimate":553.2747183848679,"standard_error":1.0012339383632765},"Median":{"confidence_interval":{"confidence_level":0.95,"lower_bound":551.8733238619415,"upper_bound":553.5891175944156},"point_estimate":552.6256861165801,"standard_error":0.5485420183534495},"MedianAbsDev":{"confidence_interval":{"confidence_level":0.95,"lower_bound":1.2655954336495496,"upper_bound":5.565523016360201},"point_estimate":2.6810777058169784,"standard_error":1.1425146951882996},"Slope":{"confidence_interval":{"confidence_level":0.95,"lower_bound":549.8887550384397,"upper_bound":553.28898384612},"point_estimate":551.5840810940149,"standard_error":0.861120305630655},"StdDev":{"confidence_interval":{"confidence_level":0.95,"lower_bound":3.467190429597497,"upper_bound":7.60174752233383},"point_estimate":5.756869755081611,"standard_error":1.0670582200168643}}