{"Mean":{"confidence_interval":{"confidence_level":0.95,"lower_bound":-0.04030415767884532,"upper_bound":0.01000382853804066},"point_estimate":-0.01760252661388151,"standard_error":0.012656275604849932},"Median":{"confidence_interval":{"confidence_level":0.95,"lower_bound":-0.040213654214918515,"upper_bound":-0.015977475822573695},"point_estimate":-0.023540313128152968,"standard_error":0.008488412885936122}}