{"Mean":{"confidence_interval":{"confidence_level":0.95,"lower_bound":109.1856940132575,"upper_bound":109.72612786648918},"point_estimate":109.43470442568928,"standard_error":0.13794076440714928},"Median":{"confidence_interval":{"confidence_level":0.95,"lower_bound":109.05184880759435,"upper_bound":109.47647425508042},"point_estimate":109.28005344389345,"standard_error":0.1266074118264611},"MedianAbsDev":{"confidence_interval":{"confidence_level":0.95,"lower_bound":0.29500581733549397,"upper_bound":0.7831594265347042},"point_estimate":0.5132245014389015,"standard_error":0.12540526499424898},"Slope":{"confidence_interval":{"confidence_level":0.95,"lower_bound":109.22551073616312,"upper_bound":109.65743916198637},"point_estimate":109.44099741324315,"standard_error":0.1105081999772288},"StdDev":{"confidence_interval":{"confidence_level":0.95,"lower_bound":0.4486039152757461,"upper_bound":1.0980427366629566},"point_estimate":0.7930181715829906,"standard_error":0.1732527944168446}}