{"Mean":{"confidence_interval":{"confidence_level":0.95,"lower_bound":38.19966475657639,"upper_bound":39.39109903263844},"point_estimate":38.63083035289998,"standard_error":0.3513462138621565},"Median":{"confidence_interval":{"confidence_level":0.95,"lower_bound":38.12156314090366,"upper_bound":38.41713662899601},"point_estimate":38.26882585885552,"standard_error":0.09040123777361361},"MedianAbsDev":{"confidence_interval":{"confidence_level":0.95,"lower_bound":0.16275933254030844,"upper_bound":0.42281746413602317},"point_estimate":0.2910056726209205,"standard_error":0.06708886200521413},"Slope":{"confidence_interval":{"confidence_level":0.95,"lower_bound":38.139017168130216,"upper_bound":38.28713067563496},"point_estimate":38.21181757175542,"standard_error":0.03794240651388885},"StdDev":{"confidence_interval":{"confidence_level":0.95,"lower_bound":0.23602039931184557,"upper_bound":3.3609366735172075},"point_estimate":2.0112131023042292,"standard_error":1.0978774729622864}}