{"Mean":{"confidence_interval":{"confidence_level":0.95,"lower_bound":38.455639159149605,"upper_bound":38.986717885420184},"point_estimate":38.686396535172214,"standard_error":0.1372840081103715},"Median":{"confidence_interval":{"confidence_level":0.95,"lower_bound":38.2231384668145,"upper_bound":38.83063410243141},"point_estimate":38.522312842515646,"standard_error":0.1485632541112492},"MedianAbsDev":{"confidence_interval":{"confidence_level":0.95,"lower_bound":0.28662173017304887,"upper_bound":0.7473335833475937},"point_estimate":0.5019341167199622,"standard_error":0.11352661700733753},"Slope":{"confidence_interval":{"confidence_level":0.95,"lower_bound":38.50060077788376,"upper_bound":38.8277703687995},"point_estimate":38.66253333868931,"standard_error":0.08366297482382223},"StdDev":{"confidence_interval":{"confidence_level":0.95,"lower_bound":0.36259567618589894,"upper_bound":1.1893612844461567},"point_estimate":0.7885995613239932,"standard_error":0.24984846845096853}}