{"Mean":{"confidence_interval":{"confidence_level":0.95,"lower_bound":28568.721124903623,"upper_bound":28914.02588669282},"point_estimate":28735.73592613801,"standard_error":87.9806369734405},"Median":{"confidence_interval":{"confidence_level":0.95,"lower_bound":28541.87104895105,"upper_bound":28914.693788254757},"point_estimate":28761.304681697613,"standard_error":104.75911649139195},"MedianAbsDev":{"confidence_interval":{"confidence_level":0.95,"lower_bound":248.93101658463848,"upper_bound":695.1159712438401},"point_estimate":460.60262405420804,"standard_error":119.26197121680362},"Slope":{"confidence_interval":{"confidence_level":0.95,"lower_bound":28467.463821609595,"upper_bound":28840.6304337241},"point_estimate":28658.853585260895,"standard_error":95.31045827594048},"StdDev":{"confidence_interval":{"confidence_level":0.95,"lower_bound":351.1615824474918,"upper_bound":653.3207357276683},"point_estimate":505.4380768608342,"standard_error":80.07236797244396}}