{"Mean":{"confidence_interval":{"confidence_level":0.95,"lower_bound":-0.003695181666568824,"upper_bound":0.032088467735656545},"point_estimate":0.01361125601861879,"standard_error":0.009221696031100502},"Median":{"confidence_interval":{"confidence_level":0.95,"lower_bound":-0.0150551765238226,"upper_bound":0.043966503466951634},"point_estimate":0.007856332986717396,"standard_error":0.016902662332200738}}