{"Mean":{"confidence_interval":{"confidence_level":0.95,"lower_bound":1709.955955835229,"upper_bound":1724.2213919486421},"point_estimate":1716.3208431495402,"standard_error":3.6802405537844773},"Median":{"confidence_interval":{"confidence_level":0.95,"lower_bound":1707.9045240119858,"upper_bound":1712.7599914965986},"point_estimate":1710.3425247346404,"standard_error":1.3309094588278287},"MedianAbsDev":{"confidence_interval":{"confidence_level":0.95,"lower_bound":3.6440408939001814,"upper_bound":12.72198527858322},"point_estimate":6.621783779435101,"standard_error":2.2512719938063},"Slope":{"confidence_interval":{"confidence_level":0.95,"lower_bound":1707.6332957056811,"upper_bound":1711.3079080604168},"point_estimate":1709.5432373111582,"standard_error":0.9415270866275938},"StdDev":{"confidence_interval":{"confidence_level":0.95,"lower_bound":8.089613256887976,"upper_bound":29.95187223061606},"point_estimate":21.16109309291774,"standard_error":5.690238989003738}}