{"Mean":{"confidence_interval":{"confidence_level":0.95,"lower_bound":-0.11230840622765637,"upper_bound":0.0384520318078612},"point_estimate":-0.040619180921934395,"standard_error":0.038989002441551124},"Median":{"confidence_interval":{"confidence_level":0.95,"lower_bound":-0.1511490474066689,"upper_bound":0.054784709026249656},"point_estimate":0.016773770272395794,"standard_error":0.07378725000790587}}