{"Mean":{"confidence_interval":{"confidence_level":0.95,"lower_bound":-0.19891793126815965,"upper_bound":-0.10171327256657761},"point_estimate":-0.1517314087498819,"standard_error":0.024894888011659587},"Median":{"confidence_interval":{"confidence_level":0.95,"lower_bound":-0.2523084176156659,"upper_bound":-0.022611401655460606},"point_estimate":-0.08258427881188435,"standard_error":0.06945045619848243}}