{"Mean":{"confidence_interval":{"confidence_level":0.95,"lower_bound":326.0231415993289,"upper_bound":330.7990721244828},"point_estimate":328.0888311449506,"standard_error":1.2313560000576766},"Median":{"confidence_interval":{"confidence_level":0.95,"lower_bound":325.35468162151994,"upper_bound":325.6591598476298},"point_estimate":325.52489240177056,"standard_error":0.11853308063152616},"MedianAbsDev":{"confidence_interval":{"confidence_level":0.95,"lower_bound":0.24210496228265357,"upper_bound":1.5528899354281924},"point_estimate":0.5390529728128689,"standard_error":0.3889360993374715},"Slope":{"confidence_interval":{"confidence_level":0.95,"lower_bound":324.8601465790673,"upper_bound":325.5826720892301},"point_estimate":325.23092711420566,"standard_error":0.18489798922883843},"StdDev":{"confidence_interval":{"confidence_level":0.95,"lower_bound":2.841077031456718,"upper_bound":10.485592650857102},"point_estimate":7.07651810128511,"standard_error":2.1556564200915393}}