{"Mean":{"confidence_interval":{"confidence_level":0.95,"lower_bound":323.3545435585722,"upper_bound":327.22717858909806},"point_estimate":324.884633507763,"standard_error":1.0328631600615923},"Median":{"confidence_interval":{"confidence_level":0.95,"lower_bound":323.23825703112834,"upper_bound":325.0097759079271},"point_estimate":324.35280320167044,"standard_error":0.6016554223181492},"MedianAbsDev":{"confidence_interval":{"confidence_level":0.95,"lower_bound":0.9149704147054979,"upper_bound":2.7418860496205775},"point_estimate":1.7377522041210756,"standard_error":0.45388887768213737},"Slope":{"confidence_interval":{"confidence_level":0.95,"lower_bound":322.73454583636016,"upper_bound":324.15045189774645},"point_estimate":323.44985741116375,"standard_error":0.360855158111142},"StdDev":{"confidence_interval":{"confidence_level":0.95,"lower_bound":1.5588846054450751,"upper_bound":9.615528728232404},"point_estimate":5.919322103774423,"standard_error":2.619884084546849}}