{"Mean":{"confidence_interval":{"confidence_level":0.95,"lower_bound":12910642.426174335,"upper_bound":14929314.311070055},"point_estimate":14051295.31712706,"standard_error":523719.4461166249},"Median":{"confidence_interval":{"confidence_level":0.95,"lower_bound":14642450.210526315,"upper_bound":15108616.27394636},"point_estimate":14858422.291666668,"standard_error":132544.52502032084},"MedianAbsDev":{"confidence_interval":{"confidence_level":0.95,"lower_bound":335168.6506819194,"upper_bound":965696.0480254042},"point_estimate":486573.52332710224,"standard_error":159714.91961168498},"Slope":{"confidence_interval":{"confidence_level":0.95,"lower_bound":14991749.929478303,"upper_bound":15315401.2221136},"point_estimate":15167944.974213287,"standard_error":82522.94534117216},"StdDev":{"confidence_interval":{"confidence_level":0.95,"lower_bound":616230.1553113511,"upper_bound":4397713.946384281},"point_estimate":3016683.0742580607,"standard_error":962366.5358056678}}