{"Mean":{"confidence_interval":{"confidence_level":0.95,"lower_bound":13319793.016600044,"upper_bound":15564273.150951803},"point_estimate":14579223.256723665,"standard_error":577798.8493882378},"Median":{"confidence_interval":{"confidence_level":0.95,"lower_bound":15410656.857142856,"upper_bound":16026396.290133778},"point_estimate":15647618.845905174,"standard_error":141009.86083952637},"MedianAbsDev":{"confidence_interval":{"confidence_level":0.95,"lower_bound":408117.52227392606,"upper_bound":1037575.925978062},"point_estimate":678033.5671432293,"standard_error":179467.843966557},"Slope":{"confidence_interval":{"confidence_level":0.95,"lower_bound":15737093.50287127,"upper_bound":16042995.544675035},"point_estimate":15905541.805332167,"standard_error":77873.45676598026},"StdDev":{"confidence_interval":{"confidence_level":0.95,"lower_bound":1028032.9244105575,"upper_bound":4739986.1589528425},"point_estimate":3315455.8481026758,"standard_error":957705.0900984886}}