{"Mean":{"confidence_interval":{"confidence_level":0.95,"lower_bound":715.1258449552528,"upper_bound":728.6456528880309},"point_estimate":720.501901439702,"standard_error":3.5948192803820787},"Median":{"confidence_interval":{"confidence_level":0.95,"lower_bound":714.5658518954808,"upper_bound":717.6384246188594},"point_estimate":716.8017006987577,"standard_error":0.9748374547962226},"MedianAbsDev":{"confidence_interval":{"confidence_level":0.95,"lower_bound":2.694928592898767,"upper_bound":10.44500362570542},"point_estimate":7.078619238761765,"standard_error":1.9571951610804135},"Slope":{"confidence_interval":{"confidence_level":0.95,"lower_bound":712.2113332390983,"upper_bound":717.5618275117408},"point_estimate":714.76528794575,"standard_error":1.366432707175936},"StdDev":{"confidence_interval":{"confidence_level":0.95,"lower_bound":5.919800695591915,"upper_bound":33.33368854674187},"point_estimate":20.64977971563665,"standard_error":8.937456412143204}}