{"Mean":{"confidence_interval":{"confidence_level":0.95,"lower_bound":-0.10490644994489218,"upper_bound":-0.039020840611736274},"point_estimate":-0.06587387500924191,"standard_error":0.017957787345077813},"Median":{"confidence_interval":{"confidence_level":0.95,"lower_bound":-0.1369568330288392,"upper_bound":-0.03149602034780152},"point_estimate":-0.04407630387191752,"standard_error":0.022673249004181394}}