{"Mean":{"confidence_interval":{"confidence_level":0.95,"lower_bound":48.82981315444174,"upper_bound":49.59905712843956},"point_estimate":49.16690663553363,"standard_error":0.19784840574948626},"Median":{"confidence_interval":{"confidence_level":0.95,"lower_bound":48.72772681752955,"upper_bound":49.05287067619665},"point_estimate":48.93363409221824,"standard_error":0.08483999130555346},"MedianAbsDev":{"confidence_interval":{"confidence_level":0.95,"lower_bound":0.22664024021746,"upper_bound":0.51731808580669},"point_estimate":0.36991178221555676,"standard_error":0.07390655485544173},"Slope":{"confidence_interval":{"confidence_level":0.95,"lower_bound":48.70845951900568,"upper_bound":49.84585898929472},"point_estimate":49.2246240448291,"standard_error":0.29962901339432585},"StdDev":{"confidence_interval":{"confidence_level":0.95,"lower_bound":0.34352986029580246,"upper_bound":1.649189280839036},"point_estimate":1.1327118490178372,"standard_error":0.3286148099848008}}