{"Mean":{"confidence_interval":{"confidence_level":0.95,"lower_bound":0.08946568433395097,"upper_bound":0.2678990065715767},"point_estimate":0.15893905368410777,"standard_error":0.04820429819320541},"Median":{"confidence_interval":{"confidence_level":0.95,"lower_bound":0.06766383014856969,"upper_bound":0.3778562474862459},"point_estimate":0.10897138770211057,"standard_error":0.06423756602249164}}