{"Mean":{"confidence_interval":{"confidence_level":0.95,"lower_bound":12770.620101044784,"upper_bound":15716.577524893315},"point_estimate":13910.134203168685,"standard_error":809.4349198478259},"Median":{"confidence_interval":{"confidence_level":0.95,"lower_bound":12548.063962328935,"upper_bound":17463.398243979005},"point_estimate":13032.187178103693,"standard_error":1068.329818232477},"MedianAbsDev":{"confidence_interval":{"confidence_level":0.95,"lower_bound":0.0,"upper_bound":1625.7671925034208},"point_estimate":717.7610669648502,"standard_error":467.5352938691047},"Slope":{"confidence_interval":{"confidence_level":0.95,"lower_bound":12647.174695949174,"upper_bound":13756.500659605063},"point_estimate":12887.845106284307,"standard_error":306.41939127034453},"StdDev":{"confidence_interval":{"confidence_level":0.95,"lower_bound":175.6805978873233,"upper_bound":2611.341207102525},"point_estimate":2026.0779210320072,"standard_error":869.8843656009375}}