{"Mean":{"confidence_interval":{"confidence_level":0.95,"lower_bound":15779.847233556135,"upper_bound":16251.733921738853},"point_estimate":16010.272860023944,"standard_error":121.15613821315087},"Median":{"confidence_interval":{"confidence_level":0.95,"lower_bound":15502.117654689324,"upper_bound":16363.352291890234},"point_estimate":15646.668479707958,"standard_error":249.83254136484757},"MedianAbsDev":{"confidence_interval":{"confidence_level":0.95,"lower_bound":177.11773366470396,"upper_bound":1075.8422676903126},"point_estimate":453.07320953028915,"standard_error":258.1273989465003},"Slope":{"confidence_interval":{"confidence_level":0.95,"lower_bound":15580.998626700168,"upper_bound":16368.174609396869},"point_estimate":15970.559212962416,"standard_error":201.3446272104996},"StdDev":{"confidence_interval":{"confidence_level":0.95,"lower_bound":536.0139330303133,"upper_bound":820.9688199299542},"point_estimate":697.8134746849695,"standard_error":72.93441982110639}}