{"Mean":{"confidence_interval":{"confidence_level":0.95,"lower_bound":2637755.9245677823,"upper_bound":2819655.43184214},"point_estimate":2702978.594679222,"standard_error":53005.668080193966},"Median":{"confidence_interval":{"confidence_level":0.95,"lower_bound":2624176.6118881116,"upper_bound":2653520.4791666665},"point_estimate":2642491.336601307,"standard_error":8467.478593372753},"MedianAbsDev":{"confidence_interval":{"confidence_level":0.95,"lower_bound":10537.646413350509,"upper_bound":41104.15662698617},"point_estimate":29223.91012979159,"standard_error":7541.03761300848},"Slope":{"confidence_interval":{"confidence_level":0.95,"lower_bound":2622710.0896012574,"upper_bound":2638827.2752320548},"point_estimate":2629815.923972902,"standard_error":4107.31098082427},"StdDev":{"confidence_interval":{"confidence_level":0.95,"lower_bound":21244.182400508776,"upper_bound":504753.4901020671},"point_estimate":303620.7009082067,"standard_error":163890.23906170172}}