{"Mean":{"confidence_interval":{"confidence_level":0.95,"lower_bound":-0.020504373488517302,"upper_bound":0.02734377516782227},"point_estimate":0.0007567979409537351,"standard_error":0.012395244721361333},"Median":{"confidence_interval":{"confidence_level":0.95,"lower_bound":-0.030432620727465998,"upper_bound":0.04942959687406456},"point_estimate":-0.007604451994263406,"standard_error":0.015031048198030183}}