{"Mean":{"confidence_interval":{"confidence_level":0.95,"lower_bound":43.5363523933218,"upper_bound":43.87205937763785},"point_estimate":43.69771671573575,"standard_error":0.08580081511528943},"Median":{"confidence_interval":{"confidence_level":0.95,"lower_bound":43.409374212405275,"upper_bound":43.79291360498775},"point_estimate":43.70236443583137,"standard_error":0.1073803261095839},"MedianAbsDev":{"confidence_interval":{"confidence_level":0.95,"lower_bound":0.20707972327232152,"upper_bound":0.7005272846926269},"point_estimate":0.4396957007538178,"standard_error":0.11551850993512845},"Slope":{"confidence_interval":{"confidence_level":0.95,"lower_bound":43.42818034648428,"upper_bound":43.81116961028637},"point_estimate":43.60498209664417,"standard_error":0.09774114856684583},"StdDev":{"confidence_interval":{"confidence_level":0.95,"lower_bound":0.33925365469741453,"upper_bound":0.6129762650977661},"point_estimate":0.49441205233669516,"standard_error":0.07000285941639174}}