{"Mean":{"confidence_interval":{"confidence_level":0.95,"lower_bound":1861500.8315414921,"upper_bound":1936960.0517909126},"point_estimate":1898157.701766512,"standard_error":19199.328967207042},"Median":{"confidence_interval":{"confidence_level":0.95,"lower_bound":1841428.3333333335,"upper_bound":1910641.111111111},"point_estimate":1878804.861111111,"standard_error":15372.488083009906},"MedianAbsDev":{"confidence_interval":{"confidence_level":0.95,"lower_bound":39806.79777282029,"upper_bound":117677.84291080067},"point_estimate":70142.68206354218,"standard_error":19314.32961822792},"Slope":{"confidence_interval":{"confidence_level":0.95,"lower_bound":1868728.268297123,"upper_bound":1949893.9344579144},"point_estimate":1910622.4960338445,"standard_error":20767.866957442933},"StdDev":{"confidence_interval":{"confidence_level":0.95,"lower_bound":72321.49911658083,"upper_bound":133040.74637860313},"point_estimate":107145.34870967577,"standard_error":15468.150900103456}}