{"Mean":{"confidence_interval":{"confidence_level":0.95,"lower_bound":18301.883356399117,"upper_bound":19240.995815837647},"point_estimate":18739.95280526386,"standard_error":240.2712900484486},"Median":{"confidence_interval":{"confidence_level":0.95,"lower_bound":17955.96772914335,"upper_bound":18769.041355361464},"point_estimate":18159.27273460933,"standard_error":188.5818653575468},"MedianAbsDev":{"confidence_interval":{"confidence_level":0.95,"lower_bound":320.8197551708827,"upper_bound":1303.8575525720903},"point_estimate":682.6744086126164,"standard_error":232.60767718651874},"Slope":{"confidence_interval":{"confidence_level":0.95,"lower_bound":17908.573522551324,"upper_bound":18229.897239090715},"point_estimate":18038.461141136482,"standard_error":82.18437561058285},"StdDev":{"confidence_interval":{"confidence_level":0.95,"lower_bound":820.0507193327762,"upper_bound":1677.1971477917832},"point_estimate":1340.348384932628,"standard_error":220.12387252095084}}