{"Mean":{"confidence_interval":{"confidence_level":0.95,"lower_bound":7843.252644269196,"upper_bound":7874.012560201914},"point_estimate":7857.583869014831,"standard_error":7.842667626830255},"Median":{"confidence_interval":{"confidence_level":0.95,"lower_bound":7833.546342382093,"upper_bound":7857.962734096595},"point_estimate":7849.453463712638,"standard_error":6.775559354928755},"MedianAbsDev":{"confidence_interval":{"confidence_level":0.95,"lower_bound":18.08631552989091,"upper_bound":51.002398342384964},"point_estimate":36.62975426952359,"standard_error":8.511986661142164},"Slope":{"confidence_interval":{"confidence_level":0.95,"lower_bound":7834.926538217611,"upper_bound":7860.171027040954},"point_estimate":7845.344987300023,"standard_error":6.496630892206778},"StdDev":{"confidence_interval":{"confidence_level":0.95,"lower_bound":26.47665206428067,"upper_bound":58.15104999805051},"point_estimate":45.148360048648605,"standard_error":7.9478304876819905}}