{"Mean":{"confidence_interval":{"confidence_level":0.95,"lower_bound":1236.1831268732344,"upper_bound":1295.0027465122798},"point_estimate":1262.0070401276494,"standard_error":15.680678851142801},"Median":{"confidence_interval":{"confidence_level":0.95,"lower_bound":1229.0512403777734,"upper_bound":1327.0839397761822},"point_estimate":1260.1381072514394,"standard_error":21.865006150784687},"MedianAbsDev":{"confidence_interval":{"confidence_level":0.95,"lower_bound":0.0,"upper_bound":46.328951446401675},"point_estimate":39.54966580280175,"standard_error":18.888776269885824},"Slope":{"confidence_interval":{"confidence_level":0.95,"lower_bound":1231.9740927614982,"upper_bound":1288.4023656803565},"point_estimate":1243.8644817082136,"standard_error":13.849844764764818},"StdDev":{"confidence_interval":{"confidence_level":0.95,"lower_bound":11.929818264199618,"upper_bound":52.11517893088865},"point_estimate":39.18642035906404,"standard_error":13.653043079088679}}