{"Mean":{"confidence_interval":{"confidence_level":0.95,"lower_bound":212.43787895389696,"upper_bound":216.99401230379792},"point_estimate":214.41868659255277,"standard_error":1.1733435007655708},"Median":{"confidence_interval":{"confidence_level":0.95,"lower_bound":210.92785661298427,"upper_bound":214.90389393212118},"point_estimate":213.18264844635587,"standard_error":1.243839517578721},"MedianAbsDev":{"confidence_interval":{"confidence_level":0.95,"lower_bound":2.4860431080092185,"upper_bound":6.169615556472038},"point_estimate":4.1952517637224345,"standard_error":0.921514985387535},"Slope":{"confidence_interval":{"confidence_level":0.95,"lower_bound":210.84273825178946,"upper_bound":213.1961065166703},"point_estimate":211.97118014167745,"standard_error":0.6031738694819967},"StdDev":{"confidence_interval":{"confidence_level":0.95,"lower_bound":3.104058858989558,"upper_bound":10.069059719916856},"point_estimate":6.740373584021875,"standard_error":2.0623392197380124}}