{"Mean":{"confidence_interval":{"confidence_level":0.95,"lower_bound":1984845.354842012,"upper_bound":2031448.2002857383},"point_estimate":2008258.1469717333,"standard_error":11909.127255506155},"Median":{"confidence_interval":{"confidence_level":0.95,"lower_bound":1975990.3333333335,"upper_bound":2054532.8260869565},"point_estimate":1990010.0,"standard_error":18072.83932280803},"MedianAbsDev":{"confidence_interval":{"confidence_level":0.95,"lower_bound":19041.525661945227,"upper_bound":101618.46119591173},"point_estimate":47453.08315753931,"standard_error":24780.11870897554},"Slope":{"confidence_interval":{"confidence_level":0.95,"lower_bound":2034194.8866446335,"upper_bound":2079487.1307586972},"point_estimate":2059182.7498677948,"standard_error":11557.299977052517},"StdDev":{"confidence_interval":{"confidence_level":0.95,"lower_bound":48746.78821657122,"upper_bound":82441.66517342339},"point_estimate":66644.59241535615,"standard_error":8701.084720100625}}