{"Mean":{"confidence_interval":{"confidence_level":0.95,"lower_bound":-0.016631419206068192,"upper_bound":0.004398775430041787},"point_estimate":-0.00714586817192342,"standard_error":0.0053233612455768605},"Median":{"confidence_interval":{"confidence_level":0.95,"lower_bound":-0.021958169184079668,"upper_bound":-0.005093248278611684},"point_estimate":-0.017638283501529295,"standard_error":0.0046010617562247495}}