{"Mean":{"confidence_interval":{"confidence_level":0.95,"lower_bound":-0.009929786722859999,"upper_bound":0.0055448825270029084},"point_estimate":-0.0025062347294442233,"standard_error":0.0039751364873420155},"Median":{"confidence_interval":{"confidence_level":0.95,"lower_bound":-0.012682205218055853,"upper_bound":0.004023240899517101},"point_estimate":-0.00367917044995969,"standard_error":0.004330490894002447}}