{"Mean":{"confidence_interval":{"confidence_level":0.95,"lower_bound":39850.547138024725,"upper_bound":40265.90103989969},"point_estimate":40046.76690714639,"standard_error":106.01959331570988},"Median":{"confidence_interval":{"confidence_level":0.95,"lower_bound":39803.953744493396,"upper_bound":40201.68163334463},"point_estimate":39928.67841409692,"standard_error":119.61375276834706},"MedianAbsDev":{"confidence_interval":{"confidence_level":0.95,"lower_bound":218.31883312847037,"upper_bound":545.6564091537359},"point_estimate":398.36438059282,"standard_error":77.47106052397919},"Slope":{"confidence_interval":{"confidence_level":0.95,"lower_bound":39900.14626178745,"upper_bound":40315.42835546736},"point_estimate":40104.68283569051,"standard_error":106.22427570171145},"StdDev":{"confidence_interval":{"confidence_level":0.95,"lower_bound":308.6468186163596,"upper_bound":803.3964786235334},"point_estimate":588.7487911314303,"standard_error":125.75386436514289}}