{"Mean":{"confidence_interval":{"confidence_level":0.95,"lower_bound":183.59110014847343,"upper_bound":188.81455343321568},"point_estimate":185.73905285929035,"standard_error":1.3647381783352535},"Median":{"confidence_interval":{"confidence_level":0.95,"lower_bound":182.28223582111804,"upper_bound":185.66464038600986},"point_estimate":183.60398335171647,"standard_error":0.9255475058557839},"MedianAbsDev":{"confidence_interval":{"confidence_level":0.95,"lower_bound":1.8006528418066603,"upper_bound":5.335679654154216},"point_estimate":3.416179896798107,"standard_error":0.8933086097363429},"Slope":{"confidence_interval":{"confidence_level":0.95,"lower_bound":182.43104301849323,"upper_bound":185.0793553146553},"point_estimate":183.62950881508146,"standard_error":0.6895574222144137},"StdDev":{"confidence_interval":{"confidence_level":0.95,"lower_bound":2.640210330772634,"upper_bound":12.275592630542546},"point_estimate":7.809697316685428,"standard_error":3.0202411952469412}}