{"Mean":{"confidence_interval":{"confidence_level":0.95,"lower_bound":2443986.672175289,"upper_bound":2547941.844227874},"point_estimate":2485815.668923593,"standard_error":27390.205092199685},"Median":{"confidence_interval":{"confidence_level":0.95,"lower_bound":2435046.7562217196,"upper_bound":2488345.1964285714},"point_estimate":2473481.614583333,"standard_error":14535.697893141969},"MedianAbsDev":{"confidence_interval":{"confidence_level":0.95,"lower_bound":27383.43953665313,"upper_bound":83292.64635514891},"point_estimate":56662.41860792989,"standard_error":13969.670208843525},"Slope":{"confidence_interval":{"confidence_level":0.95,"lower_bound":2437517.5797781576,"upper_bound":2481720.235311989},"point_estimate":2462025.5990821677,"standard_error":11300.324941289911},"StdDev":{"confidence_interval":{"confidence_level":0.95,"lower_bound":48738.62459132751,"upper_bound":253205.10148395383},"point_estimate":157398.0238236935,"standard_error":65990.21210727342}}