{"Mean":{"confidence_interval":{"confidence_level":0.95,"lower_bound":3570.48468728727,"upper_bound":3592.8095013482243},"point_estimate":3579.967172780983,"standard_error":5.792219681014823},"Median":{"confidence_interval":{"confidence_level":0.95,"lower_bound":3570.6811683971628,"upper_bound":3572.865341607313},"point_estimate":3571.8325634772036,"standard_error":0.502924109412005},"MedianAbsDev":{"confidence_interval":{"confidence_level":0.95,"lower_bound":1.4916641857034607,"upper_bound":5.214987486725671},"point_estimate":2.438483327924433,"standard_error":1.1046129177699913},"Slope":{"confidence_interval":{"confidence_level":0.95,"lower_bound":3564.4166802656587,"upper_bound":3572.3722545847604},"point_estimate":3568.4910158328075,"standard_error":2.0478931804603957},"StdDev":{"confidence_interval":{"confidence_level":0.95,"lower_bound":8.417566555413039,"upper_bound":50.382793967330294},"point_estimate":33.2224333149692,"standard_error":11.09119475983874}}