{"Mean":{"confidence_interval":{"confidence_level":0.95,"lower_bound":107155.30890112647,"upper_bound":108294.90895639834},"point_estimate":107716.40568395858,"standard_error":291.7088666782099},"Median":{"confidence_interval":{"confidence_level":0.95,"lower_bound":107285.27137254902,"upper_bound":108148.65588235293},"point_estimate":107870.36632352942,"standard_error":184.24716911030853},"MedianAbsDev":{"confidence_interval":{"confidence_level":0.95,"lower_bound":517.8119946893578,"upper_bound":2202.231963692903},"point_estimate":1220.2070106457988,"standard_error":444.72434461728506},"Slope":{"confidence_interval":{"confidence_level":0.95,"lower_bound":107151.13900629099,"upper_bound":108334.89984966953},"point_estimate":107792.35606334842,"standard_error":302.258075425794},"StdDev":{"confidence_interval":{"confidence_level":0.95,"lower_bound":1164.5746448945179,"upper_bound":2141.915088843178},"point_estimate":1672.200879235734,"standard_error":254.42686015852968}}