{"Mean":{"confidence_interval":{"confidence_level":0.95,"lower_bound":103500.97650767409,"upper_bound":105759.42252249904},"point_estimate":104506.40354816253,"standard_error":582.1298805545039},"Median":{"confidence_interval":{"confidence_level":0.95,"lower_bound":103094.4933788122,"upper_bound":104126.06866416978},"point_estimate":103717.31686072852,"standard_error":321.8467289206759},"MedianAbsDev":{"confidence_interval":{"confidence_level":0.95,"lower_bound":749.6619926864458,"upper_bound":1767.3158624477019},"point_estimate":1287.1206267241732,"standard_error":256.92423621546385},"Slope":{"confidence_interval":{"confidence_level":0.95,"lower_bound":102677.94083859363,"upper_bound":103657.5405264759},"point_estimate":103171.65128565255,"standard_error":250.74199961740894},"StdDev":{"confidence_interval":{"confidence_level":0.95,"lower_bound":1256.2264242966176,"upper_bound":4670.9161411446685},"point_estimate":3333.854307917395,"standard_error":867.6838285581321}}