{"Mean":{"confidence_interval":{"confidence_level":0.95,"lower_bound":14248.011866364739,"upper_bound":14960.027382442888},"point_estimate":14589.68782414741,"standard_error":182.6033913923577},"Median":{"confidence_interval":{"confidence_level":0.95,"lower_bound":14128.272292626729,"upper_bound":14499.1770609319},"point_estimate":14196.870120967742,"standard_error":143.99018663715788},"MedianAbsDev":{"confidence_interval":{"confidence_level":0.95,"lower_bound":409.1956189718857,"upper_bound":1438.6153217411081},"point_estimate":938.1485765360658,"standard_error":270.54647479960585},"Slope":{"confidence_interval":{"confidence_level":0.95,"lower_bound":14184.877764120949,"upper_bound":15067.873564587624},"point_estimate":14608.227762660727,"standard_error":225.55673602909974},"StdDev":{"confidence_interval":{"confidence_level":0.95,"lower_bound":760.842506053564,"upper_bound":1235.4362189819358},"point_estimate":1044.5194684475223,"standard_error":121.2781711454243}}