{"Mean":{"confidence_interval":{"confidence_level":0.95,"lower_bound":287735.56349000405,"upper_bound":297391.8069097937},"point_estimate":291837.0762070735,"standard_error":2515.595672378653},"Median":{"confidence_interval":{"confidence_level":0.95,"lower_bound":285986.3143939394,"upper_bound":290471.04},"point_estimate":287293.9390011224,"standard_error":1026.2780904003132},"MedianAbsDev":{"confidence_interval":{"confidence_level":0.95,"lower_bound":2099.22297658769,"upper_bound":6015.272485480325},"point_estimate":3657.7930657488137,"standard_error":1066.0393475700382},"Slope":{"confidence_interval":{"confidence_level":0.95,"lower_bound":286871.5448333402,"upper_bound":289903.6501814951},"point_estimate":288236.9303136258,"standard_error":775.193490908761},"StdDev":{"confidence_interval":{"confidence_level":0.95,"lower_bound":3313.003129048664,"upper_bound":22081.261062756028},"point_estimate":14540.819034816514,"standard_error":5054.220381543266}}