{"Mean":{"confidence_interval":{"confidence_level":0.95,"lower_bound":13460762.59194832,"upper_bound":15666999.28086014},"point_estimate":14705067.07714734,"standard_error":570198.4152528477},"Median":{"confidence_interval":{"confidence_level":0.95,"lower_bound":15425980.0,"upper_bound":15949415.461538462},"point_estimate":15737226.742424242,"standard_error":119435.20059950934},"MedianAbsDev":{"confidence_interval":{"confidence_level":0.95,"lower_bound":355824.6722789036,"upper_bound":1018579.9855731177},"point_estimate":622530.9502602733,"standard_error":175427.81850751583},"Slope":{"confidence_interval":{"confidence_level":0.95,"lower_bound":15810676.987331664,"upper_bound":16207956.130153358},"point_estimate":16025802.21451049,"standard_error":101397.2085491373},"StdDev":{"confidence_interval":{"confidence_level":0.95,"lower_bound":977534.647979116,"upper_bound":4688189.640256434},"point_estimate":3265007.9787947224,"standard_error":960523.4501051564}}