{"Mean":{"confidence_interval":{"confidence_level":0.95,"lower_bound":7366.327135596951,"upper_bound":7601.532894955995},"point_estimate":7463.665560000503,"standard_error":61.48239600118287},"Median":{"confidence_interval":{"confidence_level":0.95,"lower_bound":7332.725351449462,"upper_bound":7409.202597087378},"point_estimate":7369.261181787747,"standard_error":22.433501970241522},"MedianAbsDev":{"confidence_interval":{"confidence_level":0.95,"lower_bound":38.67823394621189,"upper_bound":114.41031924611627},"point_estimate":70.70545276852955,"standard_error":19.063479225375655},"Slope":{"confidence_interval":{"confidence_level":0.95,"lower_bound":7335.427023612559,"upper_bound":7382.582686125208},"point_estimate":7355.29206723697,"standard_error":12.142161217092614},"StdDev":{"confidence_interval":{"confidence_level":0.95,"lower_bound":60.27076870945606,"upper_bound":536.2628068032791},"point_estimate":352.04739266475076,"standard_error":129.60472155830513}}