{"Mean":{"confidence_interval":{"confidence_level":0.95,"lower_bound":22570.20364019781,"upper_bound":23360.49953781964},"point_estimate":22906.65003461884,"standard_error":204.83992204390253},"Median":{"confidence_interval":{"confidence_level":0.95,"lower_bound":22430.635323383085,"upper_bound":22842.015858208957},"point_estimate":22595.96355587653,"standard_error":116.09567092120807},"MedianAbsDev":{"confidence_interval":{"confidence_level":0.95,"lower_bound":236.9552102263007,"upper_bound":531.5319987020279},"point_estimate":412.8280154444865,"standard_error":72.83506771112904},"Slope":{"confidence_interval":{"confidence_level":0.95,"lower_bound":22469.2267128238,"upper_bound":22722.81997644224},"point_estimate":22589.705508950006,"standard_error":65.10103289731649},"StdDev":{"confidence_interval":{"confidence_level":0.95,"lower_bound":276.74156265488557,"upper_bound":1746.4220410157773},"point_estimate":1180.522880823174,"standard_error":397.7943951304893}}