{"Mean":{"confidence_interval":{"confidence_level":0.95,"lower_bound":60.99889347961222,"upper_bound":61.95092682350571},"point_estimate":61.39872798679064,"standard_error":0.24792310017959418},"Median":{"confidence_interval":{"confidence_level":0.95,"lower_bound":60.83952101957752,"upper_bound":61.180312800717715},"point_estimate":60.99513096872885,"standard_error":0.09772908769785926},"MedianAbsDev":{"confidence_interval":{"confidence_level":0.95,"lower_bound":0.14882169587613195,"upper_bound":0.5017371611694724},"point_estimate":0.30753013146511693,"standard_error":0.08910149510096259},"Slope":{"confidence_interval":{"confidence_level":0.95,"lower_bound":60.8911088052992,"upper_bound":61.057380670241265},"point_estimate":60.96792488591185,"standard_error":0.042539572878593356},"StdDev":{"confidence_interval":{"confidence_level":0.95,"lower_bound":0.27860785316387376,"upper_bound":2.1545237100312997},"point_estimate":1.4268677207061824,"standard_error":0.5026402482982202}}