{"Mean":{"confidence_interval":{"confidence_level":0.95,"lower_bound":2440400.7268606224,"upper_bound":2631145.5018305667},"point_estimate":2537416.7948355856,"standard_error":48610.771993947295},"Median":{"confidence_interval":{"confidence_level":0.95,"lower_bound":2472093.125,"upper_bound":2671784.348739496},"point_estimate":2587273.3333333335,"standard_error":51086.07315764933},"MedianAbsDev":{"confidence_interval":{"confidence_level":0.95,"lower_bound":98555.8332502842,"upper_bound":333214.73734685546},"point_estimate":180057.13367834687,"standard_error":60566.37098111605},"Slope":{"confidence_interval":{"confidence_level":0.95,"lower_bound":2524899.2632241035,"upper_bound":2711704.509613609},"point_estimate":2623212.8503437336,"standard_error":47631.31174286443},"StdDev":{"confidence_interval":{"confidence_level":0.95,"lower_bound":192751.6752998544,"upper_bound":329167.86612991523},"point_estimate":270621.10710243334,"standard_error":34800.594785170215}}