{"Mean":{"confidence_interval":{"confidence_level":0.95,"lower_bound":-0.1811213288022244,"upper_bound":-0.14892488462695488},"point_estimate":-0.1650980545752061,"standard_error":0.00839257844472235},"Median":{"confidence_interval":{"confidence_level":0.95,"lower_bound":-0.17340598365193083,"upper_bound":-0.1633151163193205},"point_estimate":-0.168544421311294,"standard_error":0.00247842027677831}}