{"Mean":{"confidence_interval":{"confidence_level":0.95,"lower_bound":49.46531128794673,"upper_bound":51.577856574326056},"point_estimate":50.34642369410579,"standard_error":0.5498146871867035},"Median":{"confidence_interval":{"confidence_level":0.95,"lower_bound":49.16925368966539,"upper_bound":49.803781685079684},"point_estimate":49.55793188456231,"standard_error":0.1729582220993972},"MedianAbsDev":{"confidence_interval":{"confidence_level":0.95,"lower_bound":0.41439750553494925,"upper_bound":1.5665173812896767},"point_estimate":1.1872356000630875,"standard_error":0.3016759043151376},"Slope":{"confidence_interval":{"confidence_level":0.95,"lower_bound":49.59740569654729,"upper_bound":51.76080014145744},"point_estimate":50.381314199594435,"standard_error":0.5814142023343558},"StdDev":{"confidence_interval":{"confidence_level":0.95,"lower_bound":1.0979992698382002,"upper_bound":4.85885644792765},"point_estimate":3.1593874294340125,"standard_error":1.1355455571013484}}