{"Mean":{"confidence_interval":{"confidence_level":0.95,"lower_bound":47.81893729488787,"upper_bound":48.787831764562235},"point_estimate":48.241680374554306,"standard_error":0.25057713418948474},"Median":{"confidence_interval":{"confidence_level":0.95,"lower_bound":47.63369420366952,"upper_bound":48.055222315412294},"point_estimate":47.865674715486335,"standard_error":0.11139248858067127},"MedianAbsDev":{"confidence_interval":{"confidence_level":0.95,"lower_bound":0.25354041699624597,"upper_bound":0.6325113614944403},"point_estimate":0.4468868752969999,"standard_error":0.10007870233472498},"Slope":{"confidence_interval":{"confidence_level":0.95,"lower_bound":47.658941642705166,"upper_bound":48.022368986677584},"point_estimate":47.837625543797714,"standard_error":0.09234119525857253},"StdDev":{"confidence_interval":{"confidence_level":0.95,"lower_bound":0.3735389620643977,"upper_bound":2.1314590705857923},"point_estimate":1.4449142370616699,"standard_error":0.4405327785980556}}