{"Mean":{"confidence_interval":{"confidence_level":0.95,"lower_bound":820334.3067421215,"upper_bound":839970.4696488958},"point_estimate":828109.4375550114,"standard_error":5203.99807555451},"Median":{"confidence_interval":{"confidence_level":0.95,"lower_bound":819643.7516980147,"upper_bound":825409.5177083333},"point_estimate":822712.081871345,"standard_error":1383.8154971549664},"MedianAbsDev":{"confidence_interval":{"confidence_level":0.95,"lower_bound":4075.0504297223265,"upper_bound":14050.5227318033},"point_estimate":8071.96120657381,"standard_error":2428.0578215269406},"Slope":{"confidence_interval":{"confidence_level":0.95,"lower_bound":816024.9766346621,"upper_bound":821400.8026773433},"point_estimate":818604.5468021561,"standard_error":1375.2679523103507},"StdDev":{"confidence_interval":{"confidence_level":0.95,"lower_bound":7186.885007531769,"upper_bound":48121.29397148831},"point_estimate":29902.550007940292,"standard_error":12874.113692510204}}