{"Mean":{"confidence_interval":{"confidence_level":0.95,"lower_bound":904740.0956085175,"upper_bound":1084910.9325546052},"point_estimate":985798.283902317,"standard_error":46373.5089089881},"Median":{"confidence_interval":{"confidence_level":0.95,"lower_bound":859081.935064935,"upper_bound":878874.4113636364},"point_estimate":860673.0048701299,"standard_error":6739.968857601992},"MedianAbsDev":{"confidence_interval":{"confidence_level":0.95,"lower_bound":5302.171940894489,"upper_bound":41682.17713734189},"point_estimate":16101.351161608882,"standard_error":11207.214937390132},"Slope":{"confidence_interval":{"confidence_level":0.95,"lower_bound":977307.8659880689,"upper_bound":1286974.3010202192},"point_estimate":1137401.1885251112,"standard_error":79047.85206510681},"StdDev":{"confidence_interval":{"confidence_level":0.95,"lower_bound":126192.32933778752,"upper_bound":358621.3673035829},"point_estimate":265545.6803263615,"standard_error":58985.170809257055}}