{"Mean":{"confidence_interval":{"confidence_level":0.95,"lower_bound":411312.73514618684,"upper_bound":420289.4331189781},"point_estimate":415080.03215211886,"standard_error":2338.3754784603525},"Median":{"confidence_interval":{"confidence_level":0.95,"lower_bound":410717.1876430206,"upper_bound":414757.8881987578},"point_estimate":412820.1552795031,"standard_error":945.9446625351297},"MedianAbsDev":{"confidence_interval":{"confidence_level":0.95,"lower_bound":2880.5037379912637,"upper_bound":7480.590534679018},"point_estimate":5399.918748306177,"standard_error":1113.2839374193657},"Slope":{"confidence_interval":{"confidence_level":0.95,"lower_bound":408643.169204502,"upper_bound":412461.61728291214},"point_estimate":410399.00744907267,"standard_error":978.1914302835927},"StdDev":{"confidence_interval":{"confidence_level":0.95,"lower_bound":3794.1279507339796,"upper_bound":20629.8254793838},"point_estimate":13403.88795324831,"standard_error":4731.92945374573}}