{"Mean":{"confidence_interval":{"confidence_level":0.95,"lower_bound":423923.61933918984,"upper_bound":433963.5798251118},"point_estimate":428018.05055827403,"standard_error":2630.725232028561},"Median":{"confidence_interval":{"confidence_level":0.95,"lower_bound":420437.8973063973,"upper_bound":429448.8039772727},"point_estimate":425448.60782467533,"standard_error":2244.796880912612},"MedianAbsDev":{"confidence_interval":{"confidence_level":0.95,"lower_bound":3003.813361547448,"upper_bound":10609.993906676282},"point_estimate":7989.042453767784,"standard_error":1833.486269769841},"Slope":{"confidence_interval":{"confidence_level":0.95,"lower_bound":421173.227317128,"upper_bound":424973.2132835804},"point_estimate":422872.2121106167,"standard_error":969.1262975701871},"StdDev":{"confidence_interval":{"confidence_level":0.95,"lower_bound":5109.590808611674,"upper_bound":24042.144567474763},"point_estimate":15142.572977969383,"standard_error":6061.090533564374}}