{"Mean":{"confidence_interval":{"confidence_level":0.95,"lower_bound":325.9525867811563,"upper_bound":331.4576584299054},"point_estimate":328.2348302667066,"standard_error":1.4326070005718612},"Median":{"confidence_interval":{"confidence_level":0.95,"lower_bound":325.3754244482173,"upper_bound":328.04904919177983},"point_estimate":326.48494682607054,"standard_error":0.6204970048973116},"MedianAbsDev":{"confidence_interval":{"confidence_level":0.95,"lower_bound":1.9109764286511572,"upper_bound":5.4604223555198965},"point_estimate":3.7752422463367266,"standard_error":1.0553479763916729},"Slope":{"confidence_interval":{"confidence_level":0.95,"lower_bound":325.2765841912165,"upper_bound":328.1372134461114},"point_estimate":326.76066947739935,"standard_error":0.7300891870266036},"StdDev":{"confidence_interval":{"confidence_level":0.95,"lower_bound":2.8734946643616506,"upper_bound":12.896004081629538},"point_estimate":8.21116605781066,"standard_error":3.1142736947791323}}