{"Mean":{"confidence_interval":{"confidence_level":0.95,"lower_bound":5795.274659688267,"upper_bound":5924.133785284564},"point_estimate":5851.442772943101,"standard_error":33.20777371822694},"Median":{"confidence_interval":{"confidence_level":0.95,"lower_bound":5807.703783524904,"upper_bound":5830.106042464879},"point_estimate":5815.886811003669,"standard_error":6.273581268502376},"MedianAbsDev":{"confidence_interval":{"confidence_level":0.95,"lower_bound":15.609689318545183,"upper_bound":74.09901563353587},"point_estimate":25.956769541303743,"standard_error":15.460335585756726},"Slope":{"confidence_interval":{"confidence_level":0.95,"lower_bound":5760.978840331611,"upper_bound":5804.834720357989},"point_estimate":5781.94330166162,"standard_error":11.204925808878603},"StdDev":{"confidence_interval":{"confidence_level":0.95,"lower_bound":51.09522667981376,"upper_bound":275.3308289616168},"point_estimate":190.9830157513968,"standard_error":56.035135636546656}}