{"Mean":{"confidence_interval":{"confidence_level":0.95,"lower_bound":4266.158420655331,"upper_bound":4519.0445971246645},"point_estimate":4368.323451767124,"standard_error":67.35868963122972},"Median":{"confidence_interval":{"confidence_level":0.95,"lower_bound":4249.51061298123,"upper_bound":4658.119986182013},"point_estimate":4293.497613838457,"standard_error":91.58587231514305},"MedianAbsDev":{"confidence_interval":{"confidence_level":0.95,"lower_bound":0.0,"upper_bound":180.64265112578616},"point_estimate":65.21512631312486,"standard_error":54.73841300361032},"Slope":{"confidence_interval":{"confidence_level":0.95,"lower_bound":4278.793793009079,"upper_bound":4479.271202225423},"point_estimate":4324.868886151656,"standard_error":50.295019365684155},"StdDev":{"confidence_interval":{"confidence_level":0.95,"lower_bound":15.605720790525952,"upper_bound":216.78627736759813},"point_estimate":168.48191885279266,"standard_error":66.87451525069642}}