{"Mean":{"confidence_interval":{"confidence_level":0.95,"lower_bound":-0.021629379496242107,"upper_bound":0.01969848244207295},"point_estimate":-0.0055314088691367225,"standard_error":0.011091611957619612},"Median":{"confidence_interval":{"confidence_level":0.95,"lower_bound":-0.0301390309428895,"upper_bound":0.04377856990630424},"point_estimate":-0.012532951273452109,"standard_error":0.015759181772015005}}