{"Mean":{"confidence_interval":{"confidence_level":0.95,"lower_bound":988048548.6666667,"upper_bound":1016106220.0},"point_estimate":1000459507.6666667,"standard_error":7149126.647316224},"Median":{"confidence_interval":{"confidence_level":0.95,"lower_bound":985816880.0,"upper_bound":1028542000.0},"point_estimate":991636933.3333334,"standard_error":11156681.906817518},"MedianAbsDev":{"confidence_interval":{"confidence_level":0.95,"lower_bound":0.0,"upper_bound":30728811.834454536},"point_estimate":8628810.918808043,"standard_error":10191456.938838566},"Slope":{"confidence_interval":{"confidence_level":0.95,"lower_bound":986926623.3766234,"upper_bound":1002333789.4736842},"point_estimate":989922465.4545455,"standard_error":3922824.1736148437},"StdDev":{"confidence_interval":{"confidence_level":0.95,"lower_bound":2061925.0213226594,"upper_bound":22464925.382699925},"point_estimate":17877000.52663693,"standard_error":5596385.338256473}}