{"Mean":{"confidence_interval":{"confidence_level":0.95,"lower_bound":189.13998393466431,"upper_bound":199.1657744595386},"point_estimate":193.89693300634656,"standard_error":2.5661963947786295},"Median":{"confidence_interval":{"confidence_level":0.95,"lower_bound":183.13126566179196,"upper_bound":199.03968722757247},"point_estimate":184.30242246672265,"standard_error":4.7616302224686},"MedianAbsDev":{"confidence_interval":{"confidence_level":0.95,"lower_bound":1.1477520226540974,"upper_bound":20.60184941385928},"point_estimate":4.287066882798135,"standard_error":5.872750982047342},"Slope":{"confidence_interval":{"confidence_level":0.95,"lower_bound":184.11275926841068,"upper_bound":190.69957334710625},"point_estimate":187.2580493440626,"standard_error":1.692906637002234},"StdDev":{"confidence_interval":{"confidence_level":0.95,"lower_bound":9.969061892174944,"upper_bound":18.341383748112733},"point_estimate":14.76767022268065,"standard_error":2.143640596432708}}