{"Mean":{"confidence_interval":{"confidence_level":0.95,"lower_bound":-0.0008522714256001535,"upper_bound":0.044229950344062324},"point_estimate":0.020832766566130756,"standard_error":0.011722390573593281},"Median":{"confidence_interval":{"confidence_level":0.95,"lower_bound":0.004401469548507064,"upper_bound":0.009065631946504116},"point_estimate":0.0068458234803390194,"standard_error":0.0012767236379672413}}