{"Mean":{"confidence_interval":{"confidence_level":0.95,"lower_bound":1.8749201488054041,"upper_bound":1.9217022884185775},"point_estimate":1.8929027684159383,"standard_error":0.012788770029877009},"Median":{"confidence_interval":{"confidence_level":0.95,"lower_bound":1.8695748238861918,"upper_bound":1.8898946233809264},"point_estimate":1.8730164963339335,"standard_error":0.005267421697544763},"MedianAbsDev":{"confidence_interval":{"confidence_level":0.95,"lower_bound":0.007308863805486398,"upper_bound":0.031146177885765233},"point_estimate":0.016449131403194334,"standard_error":0.006140898576026859},"Slope":{"confidence_interval":{"confidence_level":0.95,"lower_bound":1.8681134091205627,"upper_bound":1.8778173342079716},"point_estimate":1.872595453132094,"standard_error":0.002482818689128419},"StdDev":{"confidence_interval":{"confidence_level":0.95,"lower_bound":0.015481356146801828,"upper_bound":0.12059611496821257},"point_estimate":0.07360733017463725,"standard_error":0.03496451208942188}}