{"Mean":{"confidence_interval":{"confidence_level":0.95,"lower_bound":1074.0804869845126,"upper_bound":1108.9992817539633},"point_estimate":1087.7655236621113,"standard_error":9.339315394894129},"Median":{"confidence_interval":{"confidence_level":0.95,"lower_bound":1068.8816911012616,"upper_bound":1078.4059268098647},"point_estimate":1072.9983520854644,"standard_error":2.8754524206400003},"MedianAbsDev":{"confidence_interval":{"confidence_level":0.95,"lower_bound":6.535612005784568,"upper_bound":21.132641092919908},"point_estimate":9.829027142181623,"standard_error":3.556321962854524},"Slope":{"confidence_interval":{"confidence_level":0.95,"lower_bound":1074.676727524897,"upper_bound":1090.2864045238014},"point_estimate":1082.4601459101757,"standard_error":3.988053499323595},"StdDev":{"confidence_interval":{"confidence_level":0.95,"lower_bound":13.851882608476963,"upper_bound":86.38095242188955},"point_estimate":53.58513188791501,"standard_error":23.591448769626933}}