{"Mean":{"confidence_interval":{"confidence_level":0.95,"lower_bound":-0.17756876344115272,"upper_bound":-0.1442749432737154},"point_estimate":-0.16182094042711337,"standard_error":0.008429669144160956},"Median":{"confidence_interval":{"confidence_level":0.95,"lower_bound":-0.1710308684458283,"upper_bound":-0.15866890789509036},"point_estimate":-0.16676116687656017,"standard_error":0.0031424097730704975}}