{"Mean":{"confidence_interval":{"confidence_level":0.95,"lower_bound":395919.93570507225,"upper_bound":421959.1734862752},"point_estimate":407240.0048190494,"standard_error":6736.073921945069},"Median":{"confidence_interval":{"confidence_level":0.95,"lower_bound":388984.3561909582,"upper_bound":398168.24131944444},"point_estimate":395651.3111979166,"standard_error":3051.2653528639557},"MedianAbsDev":{"confidence_interval":{"confidence_level":0.95,"lower_bound":3734.0450944471245,"upper_bound":16629.85603267772},"point_estimate":12520.376102630476,"standard_error":3952.9178662944714},"Slope":{"confidence_interval":{"confidence_level":0.95,"lower_bound":395067.8698142064,"upper_bound":413267.08254107606},"point_estimate":403833.1309659091,"standard_error":4638.929492397633},"StdDev":{"confidence_interval":{"confidence_level":0.95,"lower_bound":11486.820709327916,"upper_bound":57474.794546167366},"point_estimate":38771.68127578199,"standard_error":12006.617329110411}}