{"Mean":{"confidence_interval":{"confidence_level":0.95,"lower_bound":189.6198979427891,"upper_bound":193.43473337652281},"point_estimate":191.2069785152023,"standard_error":0.9975894170470948},"Median":{"confidence_interval":{"confidence_level":0.95,"lower_bound":189.22655757449985,"upper_bound":190.7184321410558},"point_estimate":189.73144901647612,"standard_error":0.39675381062350656},"MedianAbsDev":{"confidence_interval":{"confidence_level":0.95,"lower_bound":0.915758556565677,"upper_bound":3.0944359011295233},"point_estimate":2.2468593107089623,"standard_error":0.608245625861318},"Slope":{"confidence_interval":{"confidence_level":0.95,"lower_bound":188.8462805003747,"upper_bound":189.7375378081475},"point_estimate":189.29153692064912,"standard_error":0.22752062349732952},"StdDev":{"confidence_interval":{"confidence_level":0.95,"lower_bound":1.608759517529428,"upper_bound":8.993877282354365},"point_estimate":5.748602417803708,"standard_error":2.201000207031926}}