{"Mean":{"confidence_interval":{"confidence_level":0.95,"lower_bound":3509761.925227785,"upper_bound":4030192.993536185},"point_estimate":3728659.191074259,"standard_error":134767.43118463297},"Median":{"confidence_interval":{"confidence_level":0.95,"lower_bound":3432361.162972085,"upper_bound":3559910.794871795},"point_estimate":3502890.226190476,"standard_error":35288.56225938919},"MedianAbsDev":{"confidence_interval":{"confidence_level":0.95,"lower_bound":83929.85426511924,"upper_bound":256811.16609761314},"point_estimate":129132.79354265203,"standard_error":42008.01221498595},"Slope":{"confidence_interval":{"confidence_level":0.95,"lower_bound":3444965.353030532,"upper_bound":3510647.202277673},"point_estimate":3476638.0585664334,"standard_error":16724.55745721223},"StdDev":{"confidence_interval":{"confidence_level":0.95,"lower_bound":197724.88316000358,"upper_bound":1180946.7630612338},"point_estimate":773757.2154671402,"standard_error":268264.19102566456}}