{"Mean":{"confidence_interval":{"confidence_level":0.95,"lower_bound":434130.37049224786,"upper_bound":452881.50475364114},"point_estimate":442491.7069917499,"standard_error":4800.403401233166},"Median":{"confidence_interval":{"confidence_level":0.95,"lower_bound":429540.6551724138,"upper_bound":439663.0568181818},"point_estimate":436468.5740641711,"standard_error":3655.8609217570433},"MedianAbsDev":{"confidence_interval":{"confidence_level":0.95,"lower_bound":3470.6804763996547,"upper_bound":14377.956843211257},"point_estimate":9940.216373679603,"standard_error":2984.836493645323},"Slope":{"confidence_interval":{"confidence_level":0.95,"lower_bound":428647.2548229604,"upper_bound":431728.2508852159},"point_estimate":429865.8271535283,"standard_error":788.4943314487216},"StdDev":{"confidence_interval":{"confidence_level":0.95,"lower_bound":6213.505108855163,"upper_bound":37986.41734654159},"point_estimate":27613.015346270608,"standard_error":7233.276967938518}}