{"Mean":{"confidence_interval":{"confidence_level":0.95,"lower_bound":6798.558078582934,"upper_bound":6847.042077629242},"point_estimate":6819.258541527955,"standard_error":12.53854416017649},"Median":{"confidence_interval":{"confidence_level":0.95,"lower_bound":6789.014558853844,"upper_bound":6813.728797576378},"point_estimate":6799.7811447811455,"standard_error":6.630606531496714},"MedianAbsDev":{"confidence_interval":{"confidence_level":0.95,"lower_bound":15.943316921494638,"upper_bound":42.55222379000249},"point_estimate":29.047946062579335,"standard_error":7.334805512424981},"Slope":{"confidence_interval":{"confidence_level":0.95,"lower_bound":6794.074353764208,"upper_bound":6811.55061678155},"point_estimate":6802.599054543941,"standard_error":4.456309595238315},"StdDev":{"confidence_interval":{"confidence_level":0.95,"lower_bound":24.17226978538339,"upper_bound":109.48096377373024},"point_estimate":72.07470350034224,"standard_error":23.93667627856152}}