{"Mean":{"confidence_interval":{"confidence_level":0.95,"lower_bound":35.7120052626922,"upper_bound":41.6823566788069},"point_estimate":38.531842014246365,"standard_error":1.5250431842091494},"Median":{"confidence_interval":{"confidence_level":0.95,"lower_bound":32.44573379571366,"upper_bound":38.4355426110372},"point_estimate":35.46542033438352,"standard_error":1.4554512397042147},"MedianAbsDev":{"confidence_interval":{"confidence_level":0.95,"lower_bound":1.6870334700519616,"upper_bound":9.79675394285068},"point_estimate":5.606398964791618,"standard_error":1.9334807503809452},"Slope":{"confidence_interval":{"confidence_level":0.95,"lower_bound":34.98005008533401,"upper_bound":40.61948179642584},"point_estimate":37.288630428175736,"standard_error":1.4399826152543462},"StdDev":{"confidence_interval":{"confidence_level":0.95,"lower_bound":5.8469093320521335,"upper_bound":10.757489039400495},"point_estimate":8.765799898033048,"standard_error":1.2544471125199368}}