{"Mean":{"confidence_interval":{"confidence_level":0.95,"lower_bound":60159.86441588805,"upper_bound":61549.515977482326},"point_estimate":60730.92275148719,"standard_error":362.48536006445124},"Median":{"confidence_interval":{"confidence_level":0.95,"lower_bound":59762.82389251997,"upper_bound":60943.92735760971},"point_estimate":59939.15419389978,"standard_error":278.34564809350223},"MedianAbsDev":{"confidence_interval":{"confidence_level":0.95,"lower_bound":244.24968545139663,"upper_bound":1463.514861786512},"point_estimate":527.8627735146658,"standard_error":312.83212031219716},"Slope":{"confidence_interval":{"confidence_level":0.95,"lower_bound":59801.59835103118,"upper_bound":60457.51372234732},"point_estimate":60094.77332373509,"standard_error":168.98476387475634},"StdDev":{"confidence_interval":{"confidence_level":0.95,"lower_bound":741.073598945457,"upper_bound":3267.186115004561},"point_estimate":2079.7178835428663,"standard_error":802.4570003527456}}