{"Mean":{"confidence_interval":{"confidence_level":0.95,"lower_bound":38366.02259020688,"upper_bound":42021.982390753525},"point_estimate":39998.64858267998,"standard_error":905.7694246994565},"Median":{"confidence_interval":{"confidence_level":0.95,"lower_bound":38347.93174653216,"upper_bound":38444.130737704916},"point_estimate":38394.357441952976,"standard_error":26.481954591107467},"MedianAbsDev":{"confidence_interval":{"confidence_level":0.95,"lower_bound":61.871113640301395,"upper_bound":216.5731468076694},"point_estimate":120.64515002711208,"standard_error":41.17769490831194},"Slope":{"confidence_interval":{"confidence_level":0.95,"lower_bound":38402.0122156671,"upper_bound":38499.35914097162},"point_estimate":38447.95409549467,"standard_error":24.77758348820581},"StdDev":{"confidence_interval":{"confidence_level":0.95,"lower_bound":154.33809755684,"upper_bound":7288.874656088378},"point_estimate":5200.224502271903,"standard_error":1557.300675712276}}