{"Mean":{"confidence_interval":{"confidence_level":0.95,"lower_bound":1529523.8834951457,"upper_bound":1787588.7135922331},"point_estimate":1641296.4320388348,"standard_error":66751.30372412916},"Median":{"confidence_interval":{"confidence_level":0.95,"lower_bound":1509663.9563106797,"upper_bound":1909482.0388349514},"point_estimate":1546713.8349514564,"standard_error":102486.13839187133},"MedianAbsDev":{"confidence_interval":{"confidence_level":0.95,"lower_bound":0.0,"upper_bound":281945.35327116825},"point_estimate":54930.1490976105,"standard_error":93849.6731537166},"Slope":{"confidence_interval":{"confidence_level":0.95,"lower_bound":1520003.9109727056,"upper_bound":1696383.8245492373},"point_estimate":1611161.7740511915,"standard_error":52207.4228688444},"StdDev":{"confidence_interval":{"confidence_level":0.95,"lower_bound":15529.529380182013,"upper_bound":210752.97046307416},"point_estimate":167126.34506576587,"standard_error":55648.550119301624}}