{"Mean":{"confidence_interval":{"confidence_level":0.95,"lower_bound":604.3166547947984,"upper_bound":615.6873959046395},"point_estimate":608.775330814114,"standard_error":3.0619118221595096},"Median":{"confidence_interval":{"confidence_level":0.95,"lower_bound":605.891223720269,"upper_bound":609.0528140787831},"point_estimate":608.1020427644139,"standard_error":1.0392156957065213},"MedianAbsDev":{"confidence_interval":{"confidence_level":0.95,"lower_bound":1.142052254725539,"upper_bound":6.5820592812481635},"point_estimate":2.5483559735782007,"standard_error":1.4191526209073133},"Slope":{"confidence_interval":{"confidence_level":0.95,"lower_bound":601.6749899278711,"upper_bound":605.8540302059112},"point_estimate":603.7375660585011,"standard_error":1.0710656443806772},"StdDev":{"confidence_interval":{"confidence_level":0.95,"lower_bound":4.445951592648928,"upper_bound":28.808175374536987},"point_estimate":17.63970467453107,"standard_error":8.050444302643776}}