{"Mean":{"confidence_interval":{"confidence_level":0.95,"lower_bound":812.9204853123475,"upper_bound":834.9073778047803},"point_estimate":822.8887729610334,"standard_error":5.619939909488892},"Median":{"confidence_interval":{"confidence_level":0.95,"lower_bound":805.1415366053893,"upper_bound":828.9501571621015},"point_estimate":823.0534752068766,"standard_error":5.709208824926065},"MedianAbsDev":{"confidence_interval":{"confidence_level":0.95,"lower_bound":10.639386000077023,"upper_bound":31.17072551973365},"point_estimate":26.360521847010563,"standard_error":5.166790820967669},"Slope":{"confidence_interval":{"confidence_level":0.95,"lower_bound":818.141532308563,"upper_bound":829.6955837037412},"point_estimate":824.659192177378,"standard_error":2.933490036107286},"StdDev":{"confidence_interval":{"confidence_level":0.95,"lower_bound":16.703870152287724,"upper_bound":47.59070861102432},"point_estimate":32.287396562057076,"standard_error":8.882522327600373}}