{"Mean":{"confidence_interval":{"confidence_level":0.95,"lower_bound":-0.01692176799496464,"upper_bound":0.025393405619892284},"point_estimate":0.004432478304022602,"standard_error":0.010835517843590551},"Median":{"confidence_interval":{"confidence_level":0.95,"lower_bound":-0.006813033728900075,"upper_bound":0.0077700101593649595},"point_estimate":-0.0031085753752575496,"standard_error":0.003916662041532135}}