{"Mean":{"confidence_interval":{"confidence_level":0.95,"lower_bound":328.7341780432812,"upper_bound":333.40173396195263},"point_estimate":330.6057110736076,"standard_error":1.2316802382033136},"Median":{"confidence_interval":{"confidence_level":0.95,"lower_bound":328.2286567856178,"upper_bound":330.34515717926934},"point_estimate":329.40775335126966,"standard_error":0.5895673758450198},"MedianAbsDev":{"confidence_interval":{"confidence_level":0.95,"lower_bound":1.5493903792839478,"upper_bound":3.8545730947900143},"point_estimate":2.599372080457438,"standard_error":0.5858533604614187},"Slope":{"confidence_interval":{"confidence_level":0.95,"lower_bound":327.75598277902924,"upper_bound":329.68155294624813},"point_estimate":328.70628973299426,"standard_error":0.49221297397718955},"StdDev":{"confidence_interval":{"confidence_level":0.95,"lower_bound":2.111803162659051,"upper_bound":11.31203371321856},"point_estimate":7.065215073100508,"standard_error":2.939371639928967}}