{"Mean":{"confidence_interval":{"confidence_level":0.95,"lower_bound":0.0008002285023702843,"upper_bound":0.05412781744455533},"point_estimate":0.027516955705250368,"standard_error":0.013731922791037639},"Median":{"confidence_interval":{"confidence_level":0.95,"lower_bound":0.013234144552834703,"upper_bound":0.02186069303698379},"point_estimate":0.0174960589392974,"standard_error":0.0022140570864761264}}