{"Mean":{"confidence_interval":{"confidence_level":0.95,"lower_bound":22075.13626246002,"upper_bound":22290.07903661385},"point_estimate":22173.019908702703,"standard_error":55.18904392339218},"Median":{"confidence_interval":{"confidence_level":0.95,"lower_bound":22009.505477308296,"upper_bound":22090.552582159624},"point_estimate":22045.79935801679,"standard_error":24.632879216044422},"MedianAbsDev":{"confidence_interval":{"confidence_level":0.95,"lower_bound":47.73460369088247,"upper_bound":178.87472546948348},"point_estimate":93.30975589302,"standard_error":34.76831903449849},"Slope":{"confidence_interval":{"confidence_level":0.95,"lower_bound":22040.204677021844,"upper_bound":22226.60772216988},"point_estimate":22124.101644013263,"standard_error":47.65611121143824},"StdDev":{"confidence_interval":{"confidence_level":0.95,"lower_bound":159.40839254877469,"upper_bound":421.0973351686425},"point_estimate":317.31642373365014,"standard_error":66.11812094375955}}