{"Mean":{"confidence_interval":{"confidence_level":0.95,"lower_bound":22726.477238274496,"upper_bound":23037.6247400919},"point_estimate":22844.11525429999,"standard_error":86.49675132965756},"Median":{"confidence_interval":{"confidence_level":0.95,"lower_bound":22711.832652018395,"upper_bound":22807.53954288026},"point_estimate":22742.059071120355,"standard_error":25.075465167290602},"MedianAbsDev":{"confidence_interval":{"confidence_level":0.95,"lower_bound":60.92763133907723,"upper_bound":165.0109707915317},"point_estimate":123.39799826271643,"standard_error":27.329464541660442},"Slope":{"confidence_interval":{"confidence_level":0.95,"lower_bound":22687.15393417084,"upper_bound":22760.052421625704},"point_estimate":22723.10265377826,"standard_error":18.560700980830045},"StdDev":{"confidence_interval":{"confidence_level":0.95,"lower_bound":90.35084674618106,"upper_bound":818.4053347138814},"point_estimate":496.21294919678047,"standard_error":244.17393254073025}}