{"Mean":{"confidence_interval":{"confidence_level":0.95,"lower_bound":0.0909719883550475,"upper_bound":0.1541674342360528},"point_estimate":0.1225987235866739,"standard_error":0.01614538474363216},"Median":{"confidence_interval":{"confidence_level":0.95,"lower_bound":0.06613427075011535,"upper_bound":0.17690496502048925},"point_estimate":0.15132535786792478,"standard_error":0.028299394072742685}}