{"Mean":{"confidence_interval":{"confidence_level":0.95,"lower_bound":1874.387788208252,"upper_bound":1904.3224684553638},"point_estimate":1886.2597152166559,"standard_error":7.95370286448715},"Median":{"confidence_interval":{"confidence_level":0.95,"lower_bound":1871.7945445007867,"upper_bound":1885.0446246430029},"point_estimate":1882.2063817489461,"standard_error":3.6618207632031377},"MedianAbsDev":{"confidence_interval":{"confidence_level":0.95,"lower_bound":4.640884598605491,"upper_bound":21.776105499769592},"point_estimate":14.496723042101499,"standard_error":4.153788271711148},"Slope":{"confidence_interval":{"confidence_level":0.95,"lower_bound":1871.3133365731055,"upper_bound":1881.697478507764},"point_estimate":1876.2485149132792,"standard_error":2.6499664123349183},"StdDev":{"confidence_interval":{"confidence_level":0.95,"lower_bound":12.726118125274883,"upper_bound":73.53782798943614},"point_estimate":45.491555388990946,"standard_error":19.589281490736234}}