{"Mean":{"confidence_interval":{"confidence_level":0.95,"lower_bound":2733.988143149995,"upper_bound":2747.434147990374},"point_estimate":2739.814950763698,"standard_error":3.4566566661749216},"Median":{"confidence_interval":{"confidence_level":0.95,"lower_bound":2730.7369949263402,"upper_bound":2740.5054039230868},"point_estimate":2735.6963913457816,"standard_error":2.6117804599614898},"MedianAbsDev":{"confidence_interval":{"confidence_level":0.95,"lower_bound":6.565637757324957,"upper_bound":15.451864420796614},"point_estimate":11.389413541221801,"standard_error":2.271221077610299},"Slope":{"confidence_interval":{"confidence_level":0.95,"lower_bound":2731.4562435703756,"upper_bound":2741.8552088445413},"point_estimate":2736.1063539610795,"standard_error":2.7200096766419737},"StdDev":{"confidence_interval":{"confidence_level":0.95,"lower_bound":8.290594274585981,"upper_bound":29.879235358912027},"point_estimate":19.913745825257717,"standard_error":6.264585977020152}}