{"Mean":{"confidence_interval":{"confidence_level":0.95,"lower_bound":214.08196998114724,"upper_bound":218.3183527460225},"point_estimate":215.83676045565323,"standard_error":1.104312962606621},"Median":{"confidence_interval":{"confidence_level":0.95,"lower_bound":213.43286488162875,"upper_bound":215.40004982447041},"point_estimate":214.2584962825865,"standard_error":0.45401061134963927},"MedianAbsDev":{"confidence_interval":{"confidence_level":0.95,"lower_bound":1.3478472595251318,"upper_bound":3.115981960163871},"point_estimate":2.062091147673517,"standard_error":0.4627013068024302},"Slope":{"confidence_interval":{"confidence_level":0.95,"lower_bound":213.62302186048484,"upper_bound":214.95460834810982},"point_estimate":214.25159733909277,"standard_error":0.3406512609741006},"StdDev":{"confidence_interval":{"confidence_level":0.95,"lower_bound":1.758827212150724,"upper_bound":9.855498812536768},"point_estimate":6.337795402143605,"standard_error":2.3595712497551573}}