{"Mean":{"confidence_interval":{"confidence_level":0.95,"lower_bound":196513.34335110305,"upper_bound":207502.8024514635},"point_estimate":200672.0674958195,"standard_error":2976.1129376757003},"Median":{"confidence_interval":{"confidence_level":0.95,"lower_bound":195120.49487785657,"upper_bound":197404.78132387708},"point_estimate":196305.14948372968,"standard_error":650.337277903035},"MedianAbsDev":{"confidence_interval":{"confidence_level":0.95,"lower_bound":394.69028919555876,"upper_bound":3541.1681620167146},"point_estimate":1927.5855107623452,"standard_error":855.1484268189532},"Slope":{"confidence_interval":{"confidence_level":0.95,"lower_bound":195735.69116673176,"upper_bound":196707.90685148793},"point_estimate":196216.4744327481,"standard_error":248.69866450074628},"StdDev":{"confidence_interval":{"confidence_level":0.95,"lower_bound":1868.2148816169874,"upper_bound":27780.220558996847},"point_estimate":17115.96241865427,"standard_error":8069.317206292286}}