{"Mean":{"confidence_interval":{"confidence_level":0.95,"lower_bound":8531.41403649218,"upper_bound":8703.173349511777},"point_estimate":8607.948685495288,"standard_error":44.02742278365339},"Median":{"confidence_interval":{"confidence_level":0.95,"lower_bound":8479.955024954626,"upper_bound":8612.445441729324},"point_estimate":8541.797901002506,"standard_error":39.16057314526345},"MedianAbsDev":{"confidence_interval":{"confidence_level":0.95,"lower_bound":92.78704365345287,"upper_bound":233.3423878260047},"point_estimate":161.7520605136248,"standard_error":33.966966582478925},"Slope":{"confidence_interval":{"confidence_level":0.95,"lower_bound":8513.027862183186,"upper_bound":8893.144539671484},"point_estimate":8686.593297409827,"standard_error":100.5011661018868},"StdDev":{"confidence_interval":{"confidence_level":0.95,"lower_bound":112.7166492745399,"upper_bound":363.5643970503952},"point_estimate":253.33344371772893,"standard_error":66.67793719480105}}