{"Mean":{"confidence_interval":{"confidence_level":0.95,"lower_bound":387.74803060107246,"upper_bound":407.3199382513861},"point_estimate":397.1106849165315,"standard_error":5.005914144167617},"Median":{"confidence_interval":{"confidence_level":0.95,"lower_bound":375.3562012909666,"upper_bound":409.5216449614866},"point_estimate":381.58902979225866,"standard_error":9.331460752279451},"MedianAbsDev":{"confidence_interval":{"confidence_level":0.95,"lower_bound":3.077307445384938,"upper_bound":43.323184045590835},"point_estimate":12.091166634524464,"standard_error":11.205536950243541},"Slope":{"confidence_interval":{"confidence_level":0.95,"lower_bound":389.33693018210255,"upper_bound":411.10557777138814},"point_estimate":399.44730970807956,"standard_error":5.569653257876017},"StdDev":{"confidence_interval":{"confidence_level":0.95,"lower_bound":20.775653709568086,"upper_bound":34.848182490073285},"point_estimate":28.76907378962233,"standard_error":3.613167312503609}}