{"Mean":{"confidence_interval":{"confidence_level":0.95,"lower_bound":-0.00958853849848477,"upper_bound":-0.0005273938025385427},"point_estimate":-0.004489750983091123,"standard_error":0.0023392006630315884},"Median":{"confidence_interval":{"confidence_level":0.95,"lower_bound":-0.004851677373382546,"upper_bound":-0.00011140001677623079},"point_estimate":-0.00395890001498489,"standard_error":0.001278861006524882}}