{"Mean":{"confidence_interval":{"confidence_level":0.95,"lower_bound":21926.883395952806,"upper_bound":23825.32023817371},"point_estimate":22692.313053413312,"standard_error":505.5055963514155},"Median":{"confidence_interval":{"confidence_level":0.95,"lower_bound":21648.16689736998,"upper_bound":24850.982136971856},"point_estimate":22388.761452771734,"standard_error":659.721668459456},"MedianAbsDev":{"confidence_interval":{"confidence_level":0.95,"lower_bound":0.0,"upper_bound":1377.2247172275777},"point_estimate":581.4741265167945,"standard_error":405.427745172654},"Slope":{"confidence_interval":{"confidence_level":0.95,"lower_bound":21699.502104579224,"upper_bound":24443.207906061376},"point_estimate":22770.70415445737,"standard_error":795.0407085232109},"StdDev":{"confidence_interval":{"confidence_level":0.95,"lower_bound":212.70640127859727,"upper_bound":1647.0295052380104},"point_estimate":1258.926290240938,"standard_error":488.57736666621327}}