{"Mean":{"confidence_interval":{"confidence_level":0.95,"lower_bound":-0.10728413781488119,"upper_bound":-0.04822447397929026},"point_estimate":-0.07826181690540956,"standard_error":0.01510470939414003},"Median":{"confidence_interval":{"confidence_level":0.95,"lower_bound":-0.12271863013768347,"upper_bound":-0.06949938517609522},"point_estimate":-0.10010033046181777,"standard_error":0.01469912844261201}}