{"Mean":{"confidence_interval":{"confidence_level":0.95,"lower_bound":85.39702260207444,"upper_bound":88.35555747144382},"point_estimate":86.48715577875099,"standard_error":0.8380614247303629},"Median":{"confidence_interval":{"confidence_level":0.95,"lower_bound":85.1638413415082,"upper_bound":85.57487085210622},"point_estimate":85.40212859859851,"standard_error":0.09735910781747975},"MedianAbsDev":{"confidence_interval":{"confidence_level":0.95,"lower_bound":0.2555072835142346,"upper_bound":0.7283569115235073},"point_estimate":0.47658302760193927,"standard_error":0.12075945481602245},"Slope":{"confidence_interval":{"confidence_level":0.95,"lower_bound":85.1623413741818,"upper_bound":85.40264755224857},"point_estimate":85.26983431350091,"standard_error":0.061526709333942886},"StdDev":{"confidence_interval":{"confidence_level":0.95,"lower_bound":0.49868817303129925,"upper_bound":7.955375472870829},"point_estimate":4.8167045812449265,"standard_error":2.4784137071280514}}