{"Mean":{"confidence_interval":{"confidence_level":0.95,"lower_bound":9896335.92857143,"upper_bound":10912277.92857143},"point_estimate":10416543.607142858,"standard_error":264341.55090950534},"Median":{"confidence_interval":{"confidence_level":0.95,"lower_bound":9575869.642857144,"upper_bound":10972656.25},"point_estimate":10780121.42857143,"standard_error":502164.2435347259},"MedianAbsDev":{"confidence_interval":{"confidence_level":0.95,"lower_bound":0.0,"upper_bound":385806.9306505554},"point_estimate":285452.12118221103,"standard_error":147938.34341891255},"Slope":{"confidence_interval":{"confidence_level":0.95,"lower_bound":10173696.616541354,"upper_bound":10927193.714285715},"point_estimate":10794047.467532467,"standard_error":194484.38112322477},"StdDev":{"confidence_interval":{"confidence_level":0.95,"lower_bound":75507.07562567039,"upper_bound":745420.1144485881},"point_estimate":658889.6338266343,"standard_error":168253.68036138068}}