{"Mean":{"confidence_interval":{"confidence_level":0.95,"lower_bound":2872413.440677966,"upper_bound":2985683.559322034},"point_estimate":2922071.6694915257,"standard_error":28876.57781633986},"Median":{"confidence_interval":{"confidence_level":0.95,"lower_bound":2844040.338983051,"upper_bound":3038536.440677966},"point_estimate":2914973.093220339,"standard_error":37164.69774142415},"MedianAbsDev":{"confidence_interval":{"confidence_level":0.95,"lower_bound":0.0,"upper_bound":119236.72079837878},"point_estimate":39480.19239230688,"standard_error":36788.5463298825},"Slope":{"confidence_interval":{"confidence_level":0.95,"lower_bound":2853213.8093914976,"upper_bound":2966430.0409117476},"point_estimate":2887532.4499229584,"standard_error":29115.201363420456},"StdDev":{"confidence_interval":{"confidence_level":0.95,"lower_bound":14585.317908954861,"upper_bound":97957.55387291944},"point_estimate":72191.75430984388,"standard_error":23862.259362825876}}