{"Mean":{"confidence_interval":{"confidence_level":0.95,"lower_bound":91194.80722155121,"upper_bound":94451.83113761187},"point_estimate":92676.24933694514,"standard_error":838.8759345426126},"Median":{"confidence_interval":{"confidence_level":0.95,"lower_bound":90406.89225589225,"upper_bound":91920.30653907495},"point_estimate":91012.18355973528,"standard_error":479.2850136804647},"MedianAbsDev":{"confidence_interval":{"confidence_level":0.95,"lower_bound":977.3744971262305,"upper_bound":2898.3200499604504},"point_estimate":1591.8485473162732,"standard_error":497.99841817545223},"Slope":{"confidence_interval":{"confidence_level":0.95,"lower_bound":90245.71450906563,"upper_bound":91244.12298018047},"point_estimate":90722.9074662711,"standard_error":254.50779677774432},"StdDev":{"confidence_interval":{"confidence_level":0.95,"lower_bound":2153.6526226272676,"upper_bound":6368.7583260579595},"point_estimate":4822.9077084203545,"standard_error":1022.2778157250683}}