{"Mean":{"confidence_interval":{"confidence_level":0.95,"lower_bound":0.018067802082167746,"upper_bound":0.025317229252909804},"point_estimate":0.021346797759518754,"standard_error":0.0018366194914459502},"Median":{"confidence_interval":{"confidence_level":0.95,"lower_bound":0.018447429957551442,"upper_bound":0.022580438332415742},"point_estimate":0.020513747413607453,"standard_error":0.0010373549693955813}}