{"Mean":{"confidence_interval":{"confidence_level":0.95,"lower_bound":2840380.941055867,"upper_bound":5036465.783802985},"point_estimate":3729869.061222877,"standard_error":575484.3202418276},"Median":{"confidence_interval":{"confidence_level":0.95,"lower_bound":2484150.0,"upper_bound":2949740.5844155843},"point_estimate":2663251.3157894737,"standard_error":139858.34059827292},"MedianAbsDev":{"confidence_interval":{"confidence_level":0.95,"lower_bound":246038.74373538748,"upper_bound":878021.8679414077},"point_estimate":444630.1275607828,"standard_error":168006.98878244887},"Slope":{"confidence_interval":{"confidence_level":0.95,"lower_bound":2432903.739301414,"upper_bound":2632626.852997094},"point_estimate":2513785.8699101005,"standard_error":51125.30005834741},"StdDev":{"confidence_interval":{"confidence_level":0.95,"lower_bound":793766.9164437565,"upper_bound":5033539.6833865605},"point_estimate":3211267.164889676,"standard_error":1276933.1280045218}}