{"Mean":{"confidence_interval":{"confidence_level":0.95,"lower_bound":33106.51021301924,"upper_bound":34160.54847683092},"point_estimate":33533.44909853397,"standard_error":278.42121645057495},"Median":{"confidence_interval":{"confidence_level":0.95,"lower_bound":33083.0394265233,"upper_bound":33300.97286226319},"point_estimate":33138.72166480862,"standard_error":61.96131934081996},"MedianAbsDev":{"confidence_interval":{"confidence_level":0.95,"lower_bound":138.79215498903898,"upper_bound":470.9095485311811},"point_estimate":241.4912923603659,"standard_error":81.6374320382922},"Slope":{"confidence_interval":{"confidence_level":0.95,"lower_bound":33136.58014535446,"upper_bound":33442.724860136324},"point_estimate":33296.2699889716,"standard_error":78.1384363273578},"StdDev":{"confidence_interval":{"confidence_level":0.95,"lower_bound":265.72181641610723,"upper_bound":2519.7261269662126},"point_estimate":1603.3009897232407,"standard_error":643.1595503191288}}