{"Mean":{"confidence_interval":{"confidence_level":0.95,"lower_bound":8430.623347741153,"upper_bound":8987.00758365146},"point_estimate":8671.857714350666,"standard_error":143.12444277596586},"Median":{"confidence_interval":{"confidence_level":0.95,"lower_bound":8290.80722819594,"upper_bound":8446.538888888888},"point_estimate":8346.452100840335,"standard_error":53.01825314922147},"MedianAbsDev":{"confidence_interval":{"confidence_level":0.95,"lower_bound":40.649736068445605,"upper_bound":267.3264267663531},"point_estimate":121.66958516927009,"standard_error":67.21785319934426},"Slope":{"confidence_interval":{"confidence_level":0.95,"lower_bound":8312.89045799889,"upper_bound":8568.100691604688},"point_estimate":8405.061546231545,"standard_error":66.46489733705492},"StdDev":{"confidence_interval":{"confidence_level":0.95,"lower_bound":273.38165153706393,"upper_bound":1207.3886918997582},"point_estimate":824.6212132582357,"standard_error":245.77724081916517}}