{"Mean":{"confidence_interval":{"confidence_level":0.95,"lower_bound":17254.432775145477,"upper_bound":17426.68461084033},"point_estimate":17340.953601014164,"standard_error":43.94889918403403},"Median":{"confidence_interval":{"confidence_level":0.95,"lower_bound":17275.86576064837,"upper_bound":17411.634658861047},"point_estimate":17359.546728693265,"standard_error":37.17534269863125},"MedianAbsDev":{"confidence_interval":{"confidence_level":0.95,"lower_bound":101.13182654593419,"upper_bound":276.7880908992307},"point_estimate":176.0571291227724,"standard_error":48.51231651261033},"Slope":{"confidence_interval":{"confidence_level":0.95,"lower_bound":17230.70960036973,"upper_bound":17422.9918000568},"point_estimate":17329.86643231648,"standard_error":48.57284829667344},"StdDev":{"confidence_interval":{"confidence_level":0.95,"lower_bound":164.59674114114878,"upper_bound":307.7169856533001},"point_estimate":244.38235953771223,"standard_error":36.63693523776007}}