{"Mean":{"confidence_interval":{"confidence_level":0.95,"lower_bound":237851.35457374147,"upper_bound":258413.48428993748},"point_estimate":246242.9778453127,"standard_error":5491.267655781999},"Median":{"confidence_interval":{"confidence_level":0.95,"lower_bound":236834.41199066216,"upper_bound":238251.42942583733},"point_estimate":237682.0346491228,"standard_error":352.92432927088566},"MedianAbsDev":{"confidence_interval":{"confidence_level":0.95,"lower_bound":966.6418314970978,"upper_bound":2923.444252386154},"point_estimate":1440.6336421238727,"standard_error":489.59429129259524},"Slope":{"confidence_interval":{"confidence_level":0.95,"lower_bound":237133.3616294204,"upper_bound":237954.10678774348},"point_estimate":237508.051465311,"standard_error":208.45407027489404},"StdDev":{"confidence_interval":{"confidence_level":0.95,"lower_bound":2082.4792143127156,"upper_bound":47621.11455858068},"point_estimate":31609.48225415035,"standard_error":12364.1647252837}}