{"Mean":{"confidence_interval":{"confidence_level":0.95,"lower_bound":181.80068215645227,"upper_bound":185.62054867660285},"point_estimate":183.21413582155964,"standard_error":1.0898353646491754},"Median":{"confidence_interval":{"confidence_level":0.95,"lower_bound":181.7679365038939,"upper_bound":182.51050674507093},"point_estimate":182.20023234285645,"standard_error":0.19543841324254657},"MedianAbsDev":{"confidence_interval":{"confidence_level":0.95,"lower_bound":0.5412840355121207,"upper_bound":1.745957714719066},"point_estimate":0.903501796029056,"standard_error":0.294101587804281},"Slope":{"confidence_interval":{"confidence_level":0.95,"lower_bound":181.2505906131969,"upper_bound":182.18658197174892},"point_estimate":181.718351264578,"standard_error":0.23897357655920298},"StdDev":{"confidence_interval":{"confidence_level":0.95,"lower_bound":0.980835565067976,"upper_bound":10.411837385300515},"point_estimate":6.257448601832388,"standard_error":3.2599694954095884}}