{"Mean":{"confidence_interval":{"confidence_level":0.95,"lower_bound":52121.308854997274,"upper_bound":53171.06094091079},"point_estimate":52561.884749102304,"standard_error":272.90114885404347},"Median":{"confidence_interval":{"confidence_level":0.95,"lower_bound":51927.05539772727,"upper_bound":52499.074300014254},"point_estimate":52170.016193181815,"standard_error":145.88863929682142},"MedianAbsDev":{"confidence_interval":{"confidence_level":0.95,"lower_bound":376.81218113842783,"upper_bound":890.5204960960963},"point_estimate":621.7382204013378,"standard_error":131.06288793837663},"Slope":{"confidence_interval":{"confidence_level":0.95,"lower_bound":51836.43306032084,"upper_bound":52166.900291470985},"point_estimate":51995.0024296726,"standard_error":84.43161466748717},"StdDev":{"confidence_interval":{"confidence_level":0.95,"lower_bound":481.3645443809844,"upper_bound":2402.949842574633},"point_estimate":1563.730889634463,"standard_error":552.30484342723}}