{"Mean":{"confidence_interval":{"confidence_level":0.95,"lower_bound":4.886526284752217,"upper_bound":4.98747936057125},"point_estimate":4.929534500146733,"standard_error":0.02614156133792761},"Median":{"confidence_interval":{"confidence_level":0.95,"lower_bound":4.860177760569549,"upper_bound":4.900382445361871},"point_estimate":4.874332479650754,"standard_error":0.011107675556161229},"MedianAbsDev":{"confidence_interval":{"confidence_level":0.95,"lower_bound":0.01600065344963575,"upper_bound":0.07298444362941978},"point_estimate":0.034845692056144566,"standard_error":0.015220212635801401},"Slope":{"confidence_interval":{"confidence_level":0.95,"lower_bound":4.860384703978423,"upper_bound":4.876243174688013},"point_estimate":4.867245270369162,"standard_error":0.004045704413214033},"StdDev":{"confidence_interval":{"confidence_level":0.95,"lower_bound":0.05674770641627207,"upper_bound":0.22640468849264392},"point_estimate":0.15018757826030193,"standard_error":0.04959650877974598}}