{"Mean":{"confidence_interval":{"confidence_level":0.95,"lower_bound":323.93704257360565,"upper_bound":327.56642307475755},"point_estimate":325.4724900996638,"standard_error":0.9406444187842719},"Median":{"confidence_interval":{"confidence_level":0.95,"lower_bound":323.59171267766544,"upper_bound":325.3763133483153},"point_estimate":324.447309953405,"standard_error":0.5102221111233756},"MedianAbsDev":{"confidence_interval":{"confidence_level":0.95,"lower_bound":1.3897625715555426,"upper_bound":4.257434977256909},"point_estimate":2.4911942870609214,"standard_error":0.7455952114803618},"Slope":{"confidence_interval":{"confidence_level":0.95,"lower_bound":323.1276922755563,"upper_bound":325.72043334126624},"point_estimate":324.37805702523974,"standard_error":0.6630804503122083},"StdDev":{"confidence_interval":{"confidence_level":0.95,"lower_bound":2.1843225853414774,"upper_bound":8.330496479858814},"point_estimate":5.371842731754003,"standard_error":1.8979514571261271}}