{"Mean":{"confidence_interval":{"confidence_level":0.95,"lower_bound":196546.771511261,"upper_bound":207493.23236398102},"point_estimate":200847.45450784048,"standard_error":2901.622191135551},"Median":{"confidence_interval":{"confidence_level":0.95,"lower_bound":194932.37723007798,"upper_bound":198552.46564716313},"point_estimate":196666.05451333284,"standard_error":942.6265279054307},"MedianAbsDev":{"confidence_interval":{"confidence_level":0.95,"lower_bound":459.4952549912921,"upper_bound":4065.2433534858715},"point_estimate":2955.3973166491933,"standard_error":1055.3826276788293},"Slope":{"confidence_interval":{"confidence_level":0.95,"lower_bound":195399.8177114936,"upper_bound":196604.5337087479},"point_estimate":195952.16110325843,"standard_error":308.29924309227283},"StdDev":{"confidence_interval":{"confidence_level":0.95,"lower_bound":2117.6100441806398,"upper_bound":26497.61130205783},"point_estimate":16663.79727448142,"standard_error":7113.530824783974}}