{"Mean":{"confidence_interval":{"confidence_level":0.95,"lower_bound":233.67167050429873,"upper_bound":238.8081035440026},"point_estimate":235.7441357021092,"standard_error":1.3524951043957663},"Median":{"confidence_interval":{"confidence_level":0.95,"lower_bound":233.01526345492792,"upper_bound":234.26902010329553},"point_estimate":233.79686460906254,"standard_error":0.32688409286493997},"MedianAbsDev":{"confidence_interval":{"confidence_level":0.95,"lower_bound":0.9164763902312913,"upper_bound":2.5167302945501966},"point_estimate":1.674801800918925,"standard_error":0.4202906580483885},"Slope":{"confidence_interval":{"confidence_level":0.95,"lower_bound":233.0053138668027,"upper_bound":234.60138896949533},"point_estimate":233.69924740681822,"standard_error":0.41606920331130476},"StdDev":{"confidence_interval":{"confidence_level":0.95,"lower_bound":1.528096536066513,"upper_bound":12.256728701015586},"point_estimate":7.773416764492751,"standard_error":3.114586587961362}}