{"Mean":{"confidence_interval":{"confidence_level":0.95,"lower_bound":188.66831981387134,"upper_bound":193.6214101573059},"point_estimate":190.63969265595844,"standard_error":1.3137261299591236},"Median":{"confidence_interval":{"confidence_level":0.95,"lower_bound":188.17591867877073,"upper_bound":189.8883957631484},"point_estimate":189.40726402282584,"standard_error":0.4523871745269444},"MedianAbsDev":{"confidence_interval":{"confidence_level":0.95,"lower_bound":1.1358316212528614,"upper_bound":3.5044208305676476},"point_estimate":2.128962798171781,"standard_error":0.6105298823310267},"Slope":{"confidence_interval":{"confidence_level":0.95,"lower_bound":188.13563788521233,"upper_bound":189.643710559005},"point_estimate":188.8520140443269,"standard_error":0.38492846848028367},"StdDev":{"confidence_interval":{"confidence_level":0.95,"lower_bound":2.041154458296825,"upper_bound":12.158404008428619},"point_estimate":7.559908985533952,"standard_error":3.236462793329043}}