{"Mean":{"confidence_interval":{"confidence_level":0.95,"lower_bound":330.23009224883646,"upper_bound":335.15734679437827},"point_estimate":332.39788361504617,"standard_error":1.2702513061653211},"Median":{"confidence_interval":{"confidence_level":0.95,"lower_bound":329.23240598076217,"upper_bound":332.10643967745875},"point_estimate":330.03706971716593,"standard_error":0.9516620673873256},"MedianAbsDev":{"confidence_interval":{"confidence_level":0.95,"lower_bound":2.0804736220203837,"upper_bound":5.115462445234441},"point_estimate":3.421723176832004,"standard_error":0.787694690681631},"Slope":{"confidence_interval":{"confidence_level":0.95,"lower_bound":328.55887683603027,"upper_bound":331.02525561675316},"point_estimate":329.6713053460621,"standard_error":0.6257926858564486},"StdDev":{"confidence_interval":{"confidence_level":0.95,"lower_bound":2.8909575408134702,"upper_bound":10.605224397814572},"point_estimate":7.299545367365176,"standard_error":2.0550032461275434}}