{"Mean":{"confidence_interval":{"confidence_level":0.95,"lower_bound":1796.5420074597143,"upper_bound":1849.6488301800048},"point_estimate":1821.8622439620517,"standard_error":13.612350380886717},"Median":{"confidence_interval":{"confidence_level":0.95,"lower_bound":1761.8549663794229,"upper_bound":1824.144124970212},"point_estimate":1786.2937230708972,"standard_error":17.761839023397254},"MedianAbsDev":{"confidence_interval":{"confidence_level":0.95,"lower_bound":3.198334315716782,"upper_bound":92.92763833079798},"point_estimate":39.350439106325794,"standard_error":25.16326638299448},"Slope":{"confidence_interval":{"confidence_level":0.95,"lower_bound":1812.6909033505508,"upper_bound":1886.4322981180844},"point_estimate":1849.6341249599402,"standard_error":18.80650930849651},"StdDev":{"confidence_interval":{"confidence_level":0.95,"lower_bound":55.77195300468526,"upper_bound":92.03956334361499},"point_estimate":77.94243948015205,"standard_error":9.258849003413278}}