{"Mean":{"confidence_interval":{"confidence_level":0.95,"lower_bound":-0.08752013297144996,"upper_bound":-0.02632108902311903},"point_estimate":-0.056759546066737276,"standard_error":0.01567035761534727},"Median":{"confidence_interval":{"confidence_level":0.95,"lower_bound":-0.09992376231604017,"upper_bound":-0.03709462507086325},"point_estimate":-0.0725337862298131,"standard_error":0.014552864862364076}}