{"Mean":{"confidence_interval":{"confidence_level":0.95,"lower_bound":-0.22940903712551625,"upper_bound":-0.18151043585887483},"point_estimate":-0.21071385880310556,"standard_error":0.011959531420332337},"Median":{"confidence_interval":{"confidence_level":0.95,"lower_bound":-0.23316151723255618,"upper_bound":-0.21615918311630178},"point_estimate":-0.22430986946976683,"standard_error":0.004462688973064487}}