{"Mean":{"confidence_interval":{"confidence_level":0.95,"lower_bound":16340.77556871343,"upper_bound":17924.54908611532},"point_estimate":17113.794672203105,"standard_error":405.5788362830551},"Median":{"confidence_interval":{"confidence_level":0.95,"lower_bound":15744.76769741886,"upper_bound":17817.798399275143},"point_estimate":16224.972111710964,"standard_error":541.1149230763996},"MedianAbsDev":{"confidence_interval":{"confidence_level":0.95,"lower_bound":1183.3802912831575,"upper_bound":3623.473784367638},"point_estimate":2195.54474270434,"standard_error":647.1005026274274},"Slope":{"confidence_interval":{"confidence_level":0.95,"lower_bound":15285.726396355556,"upper_bound":15979.669155744872},"point_estimate":15601.816822131357,"standard_error":177.03206604119396},"StdDev":{"confidence_interval":{"confidence_level":0.95,"lower_bound":1860.2046865125253,"upper_bound":2622.7125229443036},"point_estimate":2332.536226396342,"standard_error":194.05732268789092}}