{"Mean":{"confidence_interval":{"confidence_level":0.95,"lower_bound":14318.015976726108,"upper_bound":14436.229795409847},"point_estimate":14372.296611734775,"standard_error":30.203029319057872},"Median":{"confidence_interval":{"confidence_level":0.95,"lower_bound":14291.525565843622,"upper_bound":14405.201697530863},"point_estimate":14327.297086056646,"standard_error":29.043500516750353},"MedianAbsDev":{"confidence_interval":{"confidence_level":0.95,"lower_bound":56.82436765088713,"upper_bound":184.27041603796005},"point_estimate":112.84818470179066,"standard_error":33.43113526214193},"Slope":{"confidence_interval":{"confidence_level":0.95,"lower_bound":14299.502574779124,"upper_bound":14365.08523967611},"point_estimate":14330.397297494172,"standard_error":16.63288925136099},"StdDev":{"confidence_interval":{"confidence_level":0.95,"lower_bound":99.08613452849104,"upper_bound":247.797770573896},"point_estimate":173.76513206819874,"standard_error":42.03823676818964}}