{"Mean":{"confidence_interval":{"confidence_level":0.95,"lower_bound":3490.2166559164334,"upper_bound":3508.8304820614467},"point_estimate":3498.356553603963,"standard_error":4.833270490623158},"Median":{"confidence_interval":{"confidence_level":0.95,"lower_bound":3485.5600505050506,"upper_bound":3499.1183333333333},"point_estimate":3493.042260348584,"standard_error":4.364571175113823},"MedianAbsDev":{"confidence_interval":{"confidence_level":0.95,"lower_bound":8.24618222422904,"upper_bound":21.98606334300294},"point_estimate":14.54911523051314,"standard_error":3.549809287419072},"Slope":{"confidence_interval":{"confidence_level":0.95,"lower_bound":3482.013091315955,"upper_bound":3490.5704878360957},"point_estimate":3485.5389018712767,"standard_error":2.1771352470831706},"StdDev":{"confidence_interval":{"confidence_level":0.95,"lower_bound":11.348228621300997,"upper_bound":41.53706054161255},"point_estimate":27.789787112814356,"standard_error":8.651752209291903}}