{"Mean":{"confidence_interval":{"confidence_level":0.95,"lower_bound":-0.034091127442984884,"upper_bound":0.07267611963158117},"point_estimate":0.018403865348391335,"standard_error":0.027450909432784602},"Median":{"confidence_interval":{"confidence_level":0.95,"lower_bound":0.0015998591483885605,"upper_bound":0.00504180818451716},"point_estimate":0.0027235348756453615,"standard_error":0.0008920783713861844}}