{"Mean":{"confidence_interval":{"confidence_level":0.95,"lower_bound":0.011982783646428326,"upper_bound":0.08454674825402213},"point_estimate":0.04002850576389805,"standard_error":0.019451247840706447},"Median":{"confidence_interval":{"confidence_level":0.95,"lower_bound":0.02469932322014068,"upper_bound":0.028537378446533035},"point_estimate":0.026605224985842835,"standard_error":0.0010431384322235023}}