{"Mean":{"confidence_interval":{"confidence_level":0.95,"lower_bound":-0.20732857190371107,"upper_bound":-0.16402506050102136},"point_estimate":-0.18608574320409677,"standard_error":0.011040941189725576},"Median":{"confidence_interval":{"confidence_level":0.95,"lower_bound":-0.201555372724334,"upper_bound":-0.16976822059381647},"point_estimate":-0.18633528931594323,"standard_error":0.008477356067445494}}