{"Mean":{"confidence_interval":{"confidence_level":0.95,"lower_bound":0.014633050049766989,"upper_bound":0.028462246251673543},"point_estimate":0.020632965008169135,"standard_error":0.003552285539868277},"Median":{"confidence_interval":{"confidence_level":0.95,"lower_bound":0.01788148611922913,"upper_bound":0.02162116173544293},"point_estimate":0.019738892825195586,"standard_error":0.0009519616080432585}}