{"Mean":{"confidence_interval":{"confidence_level":0.95,"lower_bound":19053.739009290442,"upper_bound":19854.129958426834},"point_estimate":19437.98322481144,"standard_error":204.38001951452668},"Median":{"confidence_interval":{"confidence_level":0.95,"lower_bound":18624.92043740573,"upper_bound":19507.013464930133},"point_estimate":18968.65454851219,"standard_error":236.98036365059372},"MedianAbsDev":{"confidence_interval":{"confidence_level":0.95,"lower_bound":275.4388753818559,"upper_bound":1469.4319726730516},"point_estimate":754.7181691238485,"standard_error":296.77386750512073},"Slope":{"confidence_interval":{"confidence_level":0.95,"lower_bound":18721.44363295051,"upper_bound":19641.717905676513},"point_estimate":19173.543673233817,"standard_error":233.98472030814767},"StdDev":{"confidence_interval":{"confidence_level":0.95,"lower_bound":873.5559623883873,"upper_bound":1361.0385736273001},"point_estimate":1173.8529040642845,"standard_error":124.6273536695265}}