{"Mean":{"confidence_interval":{"confidence_level":0.95,"lower_bound":54635.528319791694,"upper_bound":55158.57866988225},"point_estimate":54882.162496670004,"standard_error":133.76541014418888},"Median":{"confidence_interval":{"confidence_level":0.95,"lower_bound":54501.23635912698,"upper_bound":55239.66021825397},"point_estimate":54780.07326505017,"standard_error":175.7747739596813},"MedianAbsDev":{"confidence_interval":{"confidence_level":0.95,"lower_bound":352.5575188917131,"upper_bound":907.7471225197942},"point_estimate":697.6850463780136,"standard_error":131.88294274899826},"Slope":{"confidence_interval":{"confidence_level":0.95,"lower_bound":54422.28910208952,"upper_bound":54747.78116276824},"point_estimate":54577.59827932484,"standard_error":82.6416741081474},"StdDev":{"confidence_interval":{"confidence_level":0.95,"lower_bound":471.4366361245651,"upper_bound":1051.4632212876093},"point_estimate":769.2806590980181,"standard_error":156.30507263320607}}