{"Mean":{"confidence_interval":{"confidence_level":0.95,"lower_bound":112357.85636865917,"upper_bound":114106.7167094527},"point_estimate":113181.83686766181,"standard_error":447.6985574166112},"Median":{"confidence_interval":{"confidence_level":0.95,"lower_bound":111872.99634146341,"upper_bound":113376.97343205575},"point_estimate":112432.64834724006,"standard_error":407.312336407919},"MedianAbsDev":{"confidence_interval":{"confidence_level":0.95,"lower_bound":976.2816882170553,"upper_bound":2834.6774443224695},"point_estimate":1832.4506465846446,"standard_error":466.7063257933287},"Slope":{"confidence_interval":{"confidence_level":0.95,"lower_bound":111763.06570958851,"upper_bound":113272.62839413919},"point_estimate":112418.07908920349,"standard_error":385.5592175180095},"StdDev":{"confidence_interval":{"confidence_level":0.95,"lower_bound":1627.4220447937282,"upper_bound":3278.4591266765055},"point_estimate":2569.9746740830738,"standard_error":421.6495863045411}}