{"Mean":{"confidence_interval":{"confidence_level":0.95,"lower_bound":43.49820822959392,"upper_bound":44.41981765479573},"point_estimate":43.905307156618306,"standard_error":0.2363280057032329},"Median":{"confidence_interval":{"confidence_level":0.95,"lower_bound":43.41947523733717,"upper_bound":43.96774601777611},"point_estimate":43.76994122925659,"standard_error":0.1565400325857527},"MedianAbsDev":{"confidence_interval":{"confidence_level":0.95,"lower_bound":0.4329824026145666,"upper_bound":1.079803755743654},"point_estimate":0.8288479429834354,"standard_error":0.1898314839378846},"Slope":{"confidence_interval":{"confidence_level":0.95,"lower_bound":43.62731994260114,"upper_bound":44.40779483438456},"point_estimate":44.01080767065352,"standard_error":0.1988962467679791},"StdDev":{"confidence_interval":{"confidence_level":0.95,"lower_bound":0.6428490584088914,"upper_bound":2.0428379006882627},"point_estimate":1.3600569443037291,"standard_error":0.4110160093107271}}