{"Mean":{"confidence_interval":{"confidence_level":0.95,"lower_bound":127.47882124305231,"upper_bound":129.0765938066561},"point_estimate":128.2191538164464,"standard_error":0.4088890830671207},"Median":{"confidence_interval":{"confidence_level":0.95,"lower_bound":126.89927041085218,"upper_bound":128.3959099732558},"point_estimate":126.98999660869366,"standard_error":0.34916238941920236},"MedianAbsDev":{"confidence_interval":{"confidence_level":0.95,"lower_bound":0.31758007489664636,"upper_bound":2.525051891092907},"point_estimate":0.8241053459680058,"standard_error":0.5081529198979265},"Slope":{"confidence_interval":{"confidence_level":0.95,"lower_bound":126.90734124068608,"upper_bound":127.82118770709637},"point_estimate":127.33630948706892,"standard_error":0.23429447814161422},"StdDev":{"confidence_interval":{"confidence_level":0.95,"lower_bound":1.4452717955651144,"upper_bound":3.1364101931133384},"point_estimate":2.3517254941496497,"standard_error":0.4569830784356382}}