{"Mean":{"confidence_interval":{"confidence_level":0.95,"lower_bound":10804.000616301195,"upper_bound":10938.927844666861},"point_estimate":10860.403642462948,"standard_error":35.31197024247857},"Median":{"confidence_interval":{"confidence_level":0.95,"lower_bound":10789.308917936592,"upper_bound":10813.806502890173},"point_estimate":10804.410087637516,"standard_error":7.633648868219369},"MedianAbsDev":{"confidence_interval":{"confidence_level":0.95,"lower_bound":18.385727318794654,"upper_bound":45.99639297530876},"point_estimate":33.25403519307863,"standard_error":7.37347499568335},"Slope":{"confidence_interval":{"confidence_level":0.95,"lower_bound":10796.768935987739,"upper_bound":10825.544302596423},"point_estimate":10809.286025809452,"standard_error":7.398021855826396},"StdDev":{"confidence_interval":{"confidence_level":0.95,"lower_bound":29.455052888851448,"upper_bound":306.24870281722133},"point_estimate":203.17225696631118,"standard_error":73.3101916723136}}