{"Mean":{"confidence_interval":{"confidence_level":0.95,"lower_bound":14902.247131421422,"upper_bound":15257.655403351166},"point_estimate":15041.079838681362,"standard_error":95.07250842057216},"Median":{"confidence_interval":{"confidence_level":0.95,"lower_bound":14868.915938583588,"upper_bound":14963.584334283387},"point_estimate":14906.374971724574,"standard_error":29.55837364626091},"MedianAbsDev":{"confidence_interval":{"confidence_level":0.95,"lower_bound":69.5484267131498,"upper_bound":177.19714394443858},"point_estimate":124.67444719260277,"standard_error":27.001269889158838},"Slope":{"confidence_interval":{"confidence_level":0.95,"lower_bound":14850.573921628942,"upper_bound":14933.680403967719},"point_estimate":14891.006712831142,"standard_error":21.2432433042663},"StdDev":{"confidence_interval":{"confidence_level":0.95,"lower_bound":102.00225066500923,"upper_bound":881.3552298467739},"point_estimate":547.0425726065085,"standard_error":243.10505639589505}}