{"Mean":{"confidence_interval":{"confidence_level":0.95,"lower_bound":14956.639886845329,"upper_bound":15367.548371003471},"point_estimate":15115.413753149907,"standard_error":111.08568331694758},"Median":{"confidence_interval":{"confidence_level":0.95,"lower_bound":14953.260953800298,"upper_bound":15053.216961748632},"point_estimate":15010.322073190926,"standard_error":28.19207039573544},"MedianAbsDev":{"confidence_interval":{"confidence_level":0.95,"lower_bound":77.47963079827274,"upper_bound":322.48373453706387},"point_estimate":206.0006219463352,"standard_error":69.6674789035086},"Slope":{"confidence_interval":{"confidence_level":0.95,"lower_bound":14879.305078419884,"upper_bound":15046.41756185422},"point_estimate":14961.800565745729,"standard_error":42.92790448199395},"StdDev":{"confidence_interval":{"confidence_level":0.95,"lower_bound":157.6165893277741,"upper_bound":1043.7757396257205},"point_estimate":637.659637691352,"standard_error":295.7610477284919}}