{"Mean":{"confidence_interval":{"confidence_level":0.95,"lower_bound":1405.7823841978125,"upper_bound":1580.2894989945996},"point_estimate":1494.1729407974674,"standard_error":44.68932792405068},"Median":{"confidence_interval":{"confidence_level":0.95,"lower_bound":1345.0569645446863,"upper_bound":1663.2266393713267},"point_estimate":1586.563622139571,"standard_error":90.18472120582005},"MedianAbsDev":{"confidence_interval":{"confidence_level":0.95,"lower_bound":122.01055759966818,"upper_bound":400.48620507627237},"point_estimate":265.4307860201498,"standard_error":78.81700643560676},"Slope":{"confidence_interval":{"confidence_level":0.95,"lower_bound":1250.3714304639063,"upper_bound":1483.5558098691847},"point_estimate":1357.2842616605478,"standard_error":59.437936354322474},"StdDev":{"confidence_interval":{"confidence_level":0.95,"lower_bound":209.02020770775798,"upper_bound":288.5102768654856},"point_estimate":256.41840161725725,"standard_error":20.2232579193834}}