{"Mean":{"confidence_interval":{"confidence_level":0.95,"lower_bound":3607.1683016059515,"upper_bound":3699.5913137436423},"point_estimate":3645.718421033625,"standard_error":23.981215344519875},"Median":{"confidence_interval":{"confidence_level":0.95,"lower_bound":3578.891232006049,"upper_bound":3633.21347247123},"point_estimate":3601.6070595959777,"standard_error":12.26094943609879},"MedianAbsDev":{"confidence_interval":{"confidence_level":0.95,"lower_bound":20.918001746056795,"upper_bound":89.36444207225156},"point_estimate":54.257960172510046,"standard_error":15.49531320735911},"Slope":{"confidence_interval":{"confidence_level":0.95,"lower_bound":3585.783982525289,"upper_bound":3606.858173926801},"point_estimate":3595.7907915522624,"standard_error":5.378638737068868},"StdDev":{"confidence_interval":{"confidence_level":0.95,"lower_bound":52.96300008921668,"upper_bound":212.00209904361134},"point_estimate":137.28034664035096,"standard_error":49.568078520153726}}