{"Mean":{"confidence_interval":{"confidence_level":0.95,"lower_bound":881.7270220616025,"upper_bound":897.6362078425216},"point_estimate":888.8577248776327,"standard_error":4.079372120679387},"Median":{"confidence_interval":{"confidence_level":0.95,"lower_bound":877.6110957990664,"upper_bound":886.4406682966585},"point_estimate":882.6365705132066,"standard_error":2.5523483413626185},"MedianAbsDev":{"confidence_interval":{"confidence_level":0.95,"lower_bound":6.621502961021792,"upper_bound":16.65663749149272},"point_estimate":12.190119438838838,"standard_error":2.6033833203012784},"Slope":{"confidence_interval":{"confidence_level":0.95,"lower_bound":881.3687092167856,"upper_bound":907.7413397386453},"point_estimate":893.5711475883529,"standard_error":6.699842295682853},"StdDev":{"confidence_interval":{"confidence_level":0.95,"lower_bound":10.397019114832737,"upper_bound":32.482617103253105},"point_estimate":23.375652404870376,"standard_error":5.595896287082112}}