{"Mean":{"confidence_interval":{"confidence_level":0.95,"lower_bound":207763067.6666667,"upper_bound":224124763.0},"point_estimate":215759942.1666667,"standard_error":4205740.136544327},"Median":{"confidence_interval":{"confidence_level":0.95,"lower_bound":206190662.5,"upper_bound":229709000.0},"point_estimate":211403233.33333334,"standard_error":7547738.257382092},"MedianAbsDev":{"confidence_interval":{"confidence_level":0.95,"lower_bound":0.0,"upper_bound":8491702.544242144},"point_estimate":7728157.380297795,"standard_error":3510387.5646245335},"Slope":{"confidence_interval":{"confidence_level":0.95,"lower_bound":207166654.2682927,"upper_bound":218626236.84210527},"point_estimate":209367257.27272728,"standard_error":2803370.3754331386},"StdDev":{"confidence_interval":{"confidence_level":0.95,"lower_bound":2129459.493712749,"upper_bound":12409592.061697124},"point_estimate":10496352.462197112,"standard_error":2593346.9509418793}}