{"Mean":{"confidence_interval":{"confidence_level":0.95,"lower_bound":415.71110684720145,"upper_bound":427.08502598491407},"point_estimate":420.7191371668726,"standard_error":2.921093590176152},"Median":{"confidence_interval":{"confidence_level":0.95,"lower_bound":413.28287136922614,"upper_bound":417.42575743824784},"point_estimate":415.7979564671537,"standard_error":1.1410427714833797},"MedianAbsDev":{"confidence_interval":{"confidence_level":0.95,"lower_bound":2.765518147412831,"upper_bound":11.785873652489501},"point_estimate":6.194645448096459,"standard_error":2.273219278549678},"Slope":{"confidence_interval":{"confidence_level":0.95,"lower_bound":412.96012456540836,"upper_bound":419.8874170526998},"point_estimate":415.80844662552585,"standard_error":1.783809018952765},"StdDev":{"confidence_interval":{"confidence_level":0.95,"lower_bound":7.08996755775837,"upper_bound":24.562842630859123},"point_estimate":16.772116217399233,"standard_error":4.857380440033875}}