{"Mean":{"confidence_interval":{"confidence_level":0.95,"lower_bound":5051.287525903672,"upper_bound":5072.229059742414},"point_estimate":5060.971454200415,"standard_error":5.357540257302092},"Median":{"confidence_interval":{"confidence_level":0.95,"lower_bound":5046.483551182258,"upper_bound":5065.101285675821},"point_estimate":5054.105801660857,"standard_error":5.378882927046993},"MedianAbsDev":{"confidence_interval":{"confidence_level":0.95,"lower_bound":10.517812924047233,"upper_bound":30.72534423776891},"point_estimate":20.201108442890437,"standard_error":5.215137734784598},"Slope":{"confidence_interval":{"confidence_level":0.95,"lower_bound":5037.055441278959,"upper_bound":5049.381690486631},"point_estimate":5042.642851938046,"standard_error":3.1506722847205872},"StdDev":{"confidence_interval":{"confidence_level":0.95,"lower_bound":16.783810249599167,"upper_bound":41.901441345077245},"point_estimate":30.939391155589657,"standard_error":6.5776993992964625}}