{"Mean":{"confidence_interval":{"confidence_level":0.95,"lower_bound":4723429.339002891,"upper_bound":4967398.845649463},"point_estimate":4826924.833003577,"standard_error":63351.83956281542},"Median":{"confidence_interval":{"confidence_level":0.95,"lower_bound":4651130.968571428,"upper_bound":4872382.6875},"point_estimate":4774208.934210526,"standard_error":57314.58253547092},"MedianAbsDev":{"confidence_interval":{"confidence_level":0.95,"lower_bound":110530.05035372508,"upper_bound":244198.67893634218},"point_estimate":198286.2470402406,"standard_error":35602.10230438991},"Slope":{"confidence_interval":{"confidence_level":0.95,"lower_bound":4637645.812336432,"upper_bound":4731594.949998119},"point_estimate":4676899.234003496,"standard_error":23968.913883268182},"StdDev":{"confidence_interval":{"confidence_level":0.95,"lower_bound":134211.67272085592,"upper_bound":562173.1797002895},"point_estimate":364574.80057043256,"standard_error":126863.4023208586}}