{"Mean":{"confidence_interval":{"confidence_level":0.95,"lower_bound":8037104.596969203,"upper_bound":13053513.762266142},"point_estimate":10449416.7175712,"standard_error":1287182.0305627345},"Median":{"confidence_interval":{"confidence_level":0.95,"lower_bound":5155461.7105263155,"upper_bound":12530945.3625},"point_estimate":5729024.24754902,"standard_error":1931303.277640655},"MedianAbsDev":{"confidence_interval":{"confidence_level":0.95,"lower_bound":535551.096346222,"upper_bound":9906793.597060915},"point_estimate":1457607.2331773643,"standard_error":2179958.4343916974},"Slope":{"confidence_interval":{"confidence_level":0.95,"lower_bound":5405085.998102849,"upper_bound":7573828.747312293},"point_estimate":6207042.78562063,"standard_error":557674.0625551469},"StdDev":{"confidence_interval":{"confidence_level":0.95,"lower_bound":5635889.748007332,"upper_bound":8585029.05268344},"point_estimate":7381547.090840072,"standard_error":747828.1210815111}}