{"Mean":{"confidence_interval":{"confidence_level":0.95,"lower_bound":27979.650587016764,"upper_bound":28108.44147500722},"point_estimate":28038.968260336715,"standard_error":32.986033100454975},"Median":{"confidence_interval":{"confidence_level":0.95,"lower_bound":27960.25056895767,"upper_bound":28052.94349733107},"point_estimate":27997.22935718128,"standard_error":22.341848739842163},"MedianAbsDev":{"confidence_interval":{"confidence_level":0.95,"lower_bound":59.6647633161479,"upper_bound":166.9904430617893},"point_estimate":107.30743091882634,"standard_error":28.439122328300016},"Slope":{"confidence_interval":{"confidence_level":0.95,"lower_bound":28000.28737849905,"upper_bound":28087.20420787397},"point_estimate":28042.95185790541,"standard_error":22.09431998109298},"StdDev":{"confidence_interval":{"confidence_level":0.95,"lower_bound":101.87940699602699,"upper_bound":257.20465646680515},"point_estimate":189.74908435410964,"standard_error":39.88503136304393}}