{"Mean":{"confidence_interval":{"confidence_level":0.95,"lower_bound":139.74922913159514,"upper_bound":140.42402313410767},"point_estimate":140.06688179035012,"standard_error":0.17226634007566177},"Median":{"confidence_interval":{"confidence_level":0.95,"lower_bound":139.80045471169962,"upper_bound":140.21752543436367},"point_estimate":140.00792305583212,"standard_error":0.12283946124425611},"MedianAbsDev":{"confidence_interval":{"confidence_level":0.95,"lower_bound":0.3485463849651832,"upper_bound":1.0911633396073248},"point_estimate":0.594036885687366,"standard_error":0.1948038853085077},"Slope":{"confidence_interval":{"confidence_level":0.95,"lower_bound":139.15245785222533,"upper_bound":139.71584903756997},"point_estimate":139.40631007566765,"standard_error":0.14364268956484028},"StdDev":{"confidence_interval":{"confidence_level":0.95,"lower_bound":0.5981159930791146,"upper_bound":1.3579149230421024},"point_estimate":0.9915338062828143,"standard_error":0.2030749340817823}}