{"Mean":{"confidence_interval":{"confidence_level":0.95,"lower_bound":1255502.3032768553,"upper_bound":1335030.083416354},"point_estimate":1286863.175995769,"standard_error":21123.896138381064},"Median":{"confidence_interval":{"confidence_level":0.95,"lower_bound":1240329.4275042089,"upper_bound":1289164.915521978},"point_estimate":1255923.871875,"standard_error":12875.10682012519},"MedianAbsDev":{"confidence_interval":{"confidence_level":0.95,"lower_bound":18363.22970183421,"upper_bound":58750.62973006569},"point_estimate":44011.43233017932,"standard_error":10205.949641647916},"Slope":{"confidence_interval":{"confidence_level":0.95,"lower_bound":1234608.0447272507,"upper_bound":1247703.4623404248},"point_estimate":1240227.2971590909,"standard_error":3334.6070857938726},"StdDev":{"confidence_interval":{"confidence_level":0.95,"lower_bound":28910.362375443237,"upper_bound":194203.7776489912},"point_estimate":120926.01686329869,"standard_error":52138.75772578719}}