{"Mean":{"confidence_interval":{"confidence_level":0.95,"lower_bound":14398.347100005481,"upper_bound":14574.378226663544},"point_estimate":14482.993172702481,"standard_error":45.02802073150527},"Median":{"confidence_interval":{"confidence_level":0.95,"lower_bound":14323.719072529337,"upper_bound":14556.148436149992},"point_estimate":14435.773820632452,"standard_error":51.6308386788308},"MedianAbsDev":{"confidence_interval":{"confidence_level":0.95,"lower_bound":136.7868569434807,"upper_bound":341.69995733865983},"point_estimate":229.88768606739472,"standard_error":50.63140070348552},"Slope":{"confidence_interval":{"confidence_level":0.95,"lower_bound":14301.664508197679,"upper_bound":14410.46961146566},"point_estimate":14351.793315859879,"standard_error":27.788564400012163},"StdDev":{"confidence_interval":{"confidence_level":0.95,"lower_bound":183.2072308751717,"upper_bound":316.12126405981735},"point_estimate":259.19486500734354,"standard_error":33.883364094402594}}