{"Mean":{"confidence_interval":{"confidence_level":0.95,"lower_bound":124354157.33333334,"upper_bound":127736753.33333334},"point_estimate":125793651.33333334,"standard_error":885004.1938872582},"Median":{"confidence_interval":{"confidence_level":0.95,"lower_bound":123873540.0,"upper_bound":129511200.0},"point_estimate":125433350.0,"standard_error":1187829.2662019192},"MedianAbsDev":{"confidence_interval":{"confidence_level":0.95,"lower_bound":0.0,"upper_bound":2771957.8667879105},"point_estimate":1521715.9029841349,"standard_error":872533.4759126954},"Slope":{"confidence_interval":{"confidence_level":0.95,"lower_bound":124037493.75,"upper_bound":125842369.23076923},"point_estimate":124653069.0909091,"standard_error":516169.2150306875},"StdDev":{"confidence_interval":{"confidence_level":0.95,"lower_bound":511562.74441384024,"upper_bound":2901278.1687823944},"point_estimate":2211461.754927922,"standard_error":796725.7236548422}}