{"Mean":{"confidence_interval":{"confidence_level":0.95,"lower_bound":80.79178122062574,"upper_bound":81.61278177055108},"point_estimate":81.11714005987503,"standard_error":0.21782937820849055},"Median":{"confidence_interval":{"confidence_level":0.95,"lower_bound":80.77089901438478,"upper_bound":80.99188256773152},"point_estimate":80.85707852661403,"standard_error":0.06523250794964777},"MedianAbsDev":{"confidence_interval":{"confidence_level":0.95,"lower_bound":0.15033670326096077,"upper_bound":0.4110193470171802},"point_estimate":0.2720505438444775,"standard_error":0.07136139415191914},"Slope":{"confidence_interval":{"confidence_level":0.95,"lower_bound":80.63357197483933,"upper_bound":81.03411435011897},"point_estimate":80.84277457970082,"standard_error":0.10338736111148546},"StdDev":{"confidence_interval":{"confidence_level":0.95,"lower_bound":0.2538116981232968,"upper_bound":2.008662377477021},"point_estimate":1.2533218739325622,"standard_error":0.5356694546759797}}