{"Mean":{"confidence_interval":{"confidence_level":0.95,"lower_bound":15735.018642117377,"upper_bound":17237.012105868816},"point_estimate":16318.876900652092,"standard_error":402.1510308237304},"Median":{"confidence_interval":{"confidence_level":0.95,"lower_bound":15557.500575373993,"upper_bound":18076.216340621402},"point_estimate":15978.20575373993,"standard_error":513.654379956955},"MedianAbsDev":{"confidence_interval":{"confidence_level":0.95,"lower_bound":0.0,"upper_bound":847.4500503172395},"point_estimate":223.7125639454551,"standard_error":241.58309193309444},"Slope":{"confidence_interval":{"confidence_level":0.95,"lower_bound":15874.664365170695,"upper_bound":17738.692508024953},"point_estimate":16571.432241866303,"standard_error":551.7009233370667},"StdDev":{"confidence_interval":{"confidence_level":0.95,"lower_bound":97.74731239478149,"upper_bound":1314.0205280733758},"point_estimate":1004.5783929461958,"standard_error":426.112318703298}}