{"Mean":{"confidence_interval":{"confidence_level":0.95,"lower_bound":-0.021071503360124283,"upper_bound":-0.012341415463779513},"point_estimate":-0.0167471348626389,"standard_error":0.0022112928260822166},"Median":{"confidence_interval":{"confidence_level":0.95,"lower_bound":-0.018585765951184996,"upper_bound":-0.013178331221294748},"point_estimate":-0.014856961393718393,"standard_error":0.0015359731960844483}}