{"Mean":{"confidence_interval":{"confidence_level":0.95,"lower_bound":32462.412524383282,"upper_bound":33678.7982155318},"point_estimate":33005.095025770075,"standard_error":309.9527117637142},"Median":{"confidence_interval":{"confidence_level":0.95,"lower_bound":32351.09969702649,"upper_bound":32531.224030172412},"point_estimate":32417.63912899106,"standard_error":52.56551810147393},"MedianAbsDev":{"confidence_interval":{"confidence_level":0.95,"lower_bound":102.25928936180846,"upper_bound":357.5668642036434},"point_estimate":180.10266118736723,"standard_error":63.92875245755353},"Slope":{"confidence_interval":{"confidence_level":0.95,"lower_bound":32422.964363377385,"upper_bound":32530.05028973085},"point_estimate":32477.226928201108,"standard_error":27.117292215972192},"StdDev":{"confidence_interval":{"confidence_level":0.95,"lower_bound":247.03072715707154,"upper_bound":2504.6552376796917},"point_estimate":1776.3119003991872,"standard_error":512.7128246396577}}