{"Mean":{"confidence_interval":{"confidence_level":0.95,"lower_bound":195367.69286540587,"upper_bound":197536.0782000333},"point_estimate":196329.7155610945,"standard_error":558.4839687803602},"Median":{"confidence_interval":{"confidence_level":0.95,"lower_bound":195176.0817819149,"upper_bound":195483.45390070922},"point_estimate":195285.82174593242,"standard_error":89.64435700072656},"MedianAbsDev":{"confidence_interval":{"confidence_level":0.95,"lower_bound":166.4357045996118,"upper_bound":740.8687196058243},"point_estimate":325.4303624691513,"standard_error":159.45596677874985},"Slope":{"confidence_interval":{"confidence_level":0.95,"lower_bound":194814.2968616055,"upper_bound":196030.6041329001},"point_estimate":195381.42488468977,"standard_error":307.7843199796228},"StdDev":{"confidence_interval":{"confidence_level":0.95,"lower_bound":1190.9597085559403,"upper_bound":4639.219377466345},"point_estimate":3214.084259918397,"standard_error":896.117975064322}}