{"Mean":{"confidence_interval":{"confidence_level":0.95,"lower_bound":3104.457430829352,"upper_bound":3154.9089417664445},"point_estimate":3126.67364579192,"standard_error":13.049496049822062},"Median":{"confidence_interval":{"confidence_level":0.95,"lower_bound":3106.9822258200434,"upper_bound":3128.59227003643},"point_estimate":3117.693206397996,"standard_error":6.575630613559493},"MedianAbsDev":{"confidence_interval":{"confidence_level":0.95,"lower_bound":15.586008391752257,"upper_bound":51.52577271969856},"point_estimate":29.433881123050096,"standard_error":9.613241857301928},"Slope":{"confidence_interval":{"confidence_level":0.95,"lower_bound":3085.677467522825,"upper_bound":3108.999827508155},"point_estimate":3097.285748613579,"standard_error":5.961910290176214},"StdDev":{"confidence_interval":{"confidence_level":0.95,"lower_bound":28.34802431173444,"upper_bound":109.19302570691433},"point_estimate":74.8351549986346,"standard_error":21.560058929629417}}