{"Mean":{"confidence_interval":{"confidence_level":0.95,"lower_bound":197.5374855919384,"upper_bound":200.7163385210345},"point_estimate":198.83307096689464,"standard_error":0.8329229481120863},"Median":{"confidence_interval":{"confidence_level":0.95,"lower_bound":196.81809235100675,"upper_bound":198.57088811689124},"point_estimate":197.14546815369056,"standard_error":0.39995586655968657},"MedianAbsDev":{"confidence_interval":{"confidence_level":0.95,"lower_bound":0.447942809068053,"upper_bound":2.6287597407972685},"point_estimate":0.9307928600785595,"standard_error":0.5509857928432831},"Slope":{"confidence_interval":{"confidence_level":0.95,"lower_bound":197.12048546261508,"upper_bound":198.13583039049527},"point_estimate":197.6044996273945,"standard_error":0.259135126967873},"StdDev":{"confidence_interval":{"confidence_level":0.95,"lower_bound":1.461138344273143,"upper_bound":7.538323188473066},"point_estimate":4.7994654446801475,"standard_error":1.8677692858826236}}