{"Mean":{"confidence_interval":{"confidence_level":0.95,"lower_bound":27459.349812381446,"upper_bound":28245.855719407227},"point_estimate":27781.59985492222,"standard_error":207.07585519552572},"Median":{"confidence_interval":{"confidence_level":0.95,"lower_bound":27305.13773773774,"upper_bound":27750.222889556222},"point_estimate":27468.016119966123,"standard_error":125.0032115311451},"MedianAbsDev":{"confidence_interval":{"confidence_level":0.95,"lower_bound":318.07580796136995,"upper_bound":830.6924440701373},"point_estimate":501.86188716920464,"standard_error":125.7306650777874},"Slope":{"confidence_interval":{"confidence_level":0.95,"lower_bound":27238.893931083217,"upper_bound":27459.759253136013},"point_estimate":27341.696561509063,"standard_error":56.3522398611229},"StdDev":{"confidence_interval":{"confidence_level":0.95,"lower_bound":410.25202912323704,"upper_bound":1891.5581459526518},"point_estimate":1193.3256685640422,"standard_error":475.7318232118767}}