{"Mean":{"confidence_interval":{"confidence_level":0.95,"lower_bound":27487.95805882524,"upper_bound":27958.613931043627},"point_estimate":27701.40415306013,"standard_error":119.9338896219599},"Median":{"confidence_interval":{"confidence_level":0.95,"lower_bound":27416.421607142856,"upper_bound":27770.642261904763},"point_estimate":27705.14818483615,"standard_error":93.89567402531648},"MedianAbsDev":{"confidence_interval":{"confidence_level":0.95,"lower_bound":123.35998452866966,"upper_bound":761.231019387661},"point_estimate":331.5285327302658,"standard_error":170.96531485528706},"Slope":{"confidence_interval":{"confidence_level":0.95,"lower_bound":27388.382280206803,"upper_bound":28085.92273596243},"point_estimate":27686.781539554195,"standard_error":181.73690727521267},"StdDev":{"confidence_interval":{"confidence_level":0.95,"lower_bound":345.7021973953673,"upper_bound":973.2629764270146},"point_estimate":687.6802830421084,"standard_error":167.31248693297138}}