{"Mean":{"confidence_interval":{"confidence_level":0.95,"lower_bound":1665253.3109634768,"upper_bound":1703413.7816782633},"point_estimate":1684433.330543255,"standard_error":9731.957619773115},"Median":{"confidence_interval":{"confidence_level":0.95,"lower_bound":1651389.7359068627,"upper_bound":1719757.826388889},"point_estimate":1685166.861111111,"standard_error":16108.930651820325},"MedianAbsDev":{"confidence_interval":{"confidence_level":0.95,"lower_bound":40875.19417540713,"upper_bound":88187.23912711703},"point_estimate":71894.82767705996,"standard_error":12124.408399711525},"Slope":{"confidence_interval":{"confidence_level":0.95,"lower_bound":1698357.4299931638,"upper_bound":1734506.014402215},"point_estimate":1719589.398951049,"standard_error":9249.778271601064},"StdDev":{"confidence_interval":{"confidence_level":0.95,"lower_bound":44864.97028921609,"upper_bound":65102.93509557147},"point_estimate":55891.76748925848,"standard_error":5190.611338051142}}