{"Mean":{"confidence_interval":{"confidence_level":0.95,"lower_bound":350976151.8632397,"upper_bound":389738570.6828032},"point_estimate":379017674.04274666,"standard_error":15910294.91339952},"Median":{"confidence_interval":{"confidence_level":0.95,"lower_bound":349871328.3115942,"upper_bound":371701672.0588235},"point_estimate":357251444.4746377,"standard_error":8677892.118505033},"MedianAbsDev":{"confidence_interval":{"confidence_level":0.95,"lower_bound":22191126.657137882,"upper_bound":40703793.6447985},"point_estimate":34863041.86105728,"standard_error":7714113.293263593},"Slope":{"confidence_interval":{"confidence_level":0.95,"lower_bound":361007468.509565,"upper_bound":370122205.6574751},"point_estimate":364275908.9597902,"standard_error":3947296.055029805},"StdDev":{"confidence_interval":{"confidence_level":0.95,"lower_bound":27224231.696576152,"upper_bound":53282943.81529888},"point_estimate":50897892.48745965,"standard_error":11056461.448091852}}