{"Mean":{"confidence_interval":{"confidence_level":0.95,"lower_bound":2638878.0868977807,"upper_bound":2752110.3832991435},"point_estimate":2685136.1238778336,"standard_error":29714.51382142384},"Median":{"confidence_interval":{"confidence_level":0.95,"lower_bound":2623135.6029411764,"upper_bound":2679051.15},"point_estimate":2667713.44921875,"standard_error":16171.364245986048},"MedianAbsDev":{"confidence_interval":{"confidence_level":0.95,"lower_bound":41779.41391056859,"upper_bound":108874.46497896673},"point_estimate":68530.34745429891,"standard_error":17525.191566273297},"Slope":{"confidence_interval":{"confidence_level":0.95,"lower_bound":2626843.8952269224,"upper_bound":2669959.2215324966},"point_estimate":2650619.628103147,"standard_error":11000.040142866654},"StdDev":{"confidence_interval":{"confidence_level":0.95,"lower_bound":57406.618574350825,"upper_bound":270814.9112321875},"point_estimate":170535.598504787,"standard_error":68181.50025150232}}