{"Mean":{"confidence_interval":{"confidence_level":0.95,"lower_bound":64981.047580957325,"upper_bound":90478.20744092035},"point_estimate":76591.00821747453,"standard_error":6521.741767121252},"Median":{"confidence_interval":{"confidence_level":0.95,"lower_bound":55215.62704761905,"upper_bound":67735.97733333333},"point_estimate":58366.71728627451,"standard_error":3281.873244175946},"MedianAbsDev":{"confidence_interval":{"confidence_level":0.95,"lower_bound":1114.6159237958834,"upper_bound":19676.516813318325},"point_estimate":5590.540855930118,"standard_error":4658.976198591668},"Slope":{"confidence_interval":{"confidence_level":0.95,"lower_bound":55812.055852424855,"upper_bound":58496.8826169864},"point_estimate":56786.74906713287,"standard_error":689.030821266468},"StdDev":{"confidence_interval":{"confidence_level":0.95,"lower_bound":19984.21057009933,"upper_bound":50544.54554427295},"point_estimate":37368.47169432292,"standard_error":7926.149952447142}}