{"Mean":{"confidence_interval":{"confidence_level":0.95,"lower_bound":50.265380492682866,"upper_bound":51.72758407319371},"point_estimate":50.80109122272258,"standard_error":0.41523114075538586},"Median":{"confidence_interval":{"confidence_level":0.95,"lower_bound":50.1509527372922,"upper_bound":50.42231187539101},"point_estimate":50.24449606148572,"standard_error":0.062249277600016424},"MedianAbsDev":{"confidence_interval":{"confidence_level":0.95,"lower_bound":0.10767542279831308,"upper_bound":0.37396784028484004},"point_estimate":0.22477764316693968,"standard_error":0.07075742077668587},"Slope":{"confidence_interval":{"confidence_level":0.95,"lower_bound":50.21400613279619,"upper_bound":50.403351692677326},"point_estimate":50.30374953619451,"standard_error":0.048445471792025296},"StdDev":{"confidence_interval":{"confidence_level":0.95,"lower_bound":0.22201303291966887,"upper_bound":3.951684062057466},"point_estimate":2.3892499585042817,"standard_error":1.2371077525918577}}