{"Mean":{"confidence_interval":{"confidence_level":0.95,"lower_bound":228519105.98284185,"upper_bound":229551091.72764304},"point_estimate":228966487.06227142,"standard_error":267337.87857706513},"Median":{"confidence_interval":{"confidence_level":0.95,"lower_bound":228319213.796875,"upper_bound":228844199.89814815},"point_estimate":228593120.76153845,"standard_error":132781.31826841694},"MedianAbsDev":{"confidence_interval":{"confidence_level":0.95,"lower_bound":328272.49623353494,"upper_bound":1170559.618076986},"point_estimate":721019.086481245,"standard_error":223758.27406787555},"Slope":{"confidence_interval":{"confidence_level":0.95,"lower_bound":228440649.25738785,"upper_bound":229092353.71986195},"point_estimate":228748378.39685315,"standard_error":165666.20287139548},"StdDev":{"confidence_interval":{"confidence_level":0.95,"lower_bound":637001.5577069202,"upper_bound":2310700.447364781},"point_estimate":1541709.4759386722,"standard_error":487178.3701507682}}