{"Mean":{"confidence_interval":{"confidence_level":0.95,"lower_bound":5365556.7,"upper_bound":5659931.625},"point_estimate":5495042.575,"standard_error":77285.43866310424},"Median":{"confidence_interval":{"confidence_level":0.95,"lower_bound":5325765.0,"upper_bound":5804436.875},"point_estimate":5392603.5,"standard_error":115577.04824611796},"MedianAbsDev":{"confidence_interval":{"confidence_level":0.95,"lower_bound":0.0,"upper_bound":348140.41931927204},"point_estimate":99094.75834071636,"standard_error":108915.46400011201},"Slope":{"confidence_interval":{"confidence_level":0.95,"lower_bound":5375917.105263158,"upper_bound":5741215.921052632},"point_estimate":5510475.363636363,"standard_error":108140.42763064947},"StdDev":{"confidence_interval":{"confidence_level":0.95,"lower_bound":29719.557208595827,"upper_bound":251461.25778699428},"point_estimate":193534.7797652353,"standard_error":62669.39112705087}}