{"Mean":{"confidence_interval":{"confidence_level":0.95,"lower_bound":2220637.5657213624,"upper_bound":2475295.448022331},"point_estimate":2339582.7351401225,"standard_error":65053.51168918087},"Median":{"confidence_interval":{"confidence_level":0.95,"lower_bound":2141002.5,"upper_bound":2466415.238095238},"point_estimate":2324262.5,"standard_error":85575.86390729909},"MedianAbsDev":{"confidence_interval":{"confidence_level":0.95,"lower_bound":174693.51939857018,"upper_bound":428407.1463942529},"point_estimate":312407.8001950322,"standard_error":62589.28567881501},"Slope":{"confidence_interval":{"confidence_level":0.95,"lower_bound":2317879.4267610116,"upper_bound":2520045.9601896815},"point_estimate":2423166.176626124,"standard_error":51324.51442158975},"StdDev":{"confidence_interval":{"confidence_level":0.95,"lower_bound":220039.02277134886,"upper_bound":502601.5871969643},"point_estimate":361943.288995711,"standard_error":78462.73675043583}}