{"Mean":{"confidence_interval":{"confidence_level":0.95,"lower_bound":-0.015754426033292464,"upper_bound":0.006437899002996318},"point_estimate":-0.0034189031179431284,"standard_error":0.00568056276515786},"Median":{"confidence_interval":{"confidence_level":0.95,"lower_bound":-0.004770055126270064,"upper_bound":0.009671195726073112},"point_estimate":0.0022193653390092383,"standard_error":0.0035836192657690055}}