{"Mean":{"confidence_interval":{"confidence_level":0.95,"lower_bound":-0.04072070854349063,"upper_bound":-0.007050233555995855},"point_estimate":-0.024944510204479853,"standard_error":0.008547682332582414},"Median":{"confidence_interval":{"confidence_level":0.95,"lower_bound":-0.04955230262786503,"upper_bound":-0.020351420547584764},"point_estimate":-0.04384123256075956,"standard_error":0.00768169923593817}}