{"Mean":{"confidence_interval":{"confidence_level":0.95,"lower_bound":0.009886196547779426,"upper_bound":0.034744731042636944},"point_estimate":0.022934410384753967,"standard_error":0.006356224584899924},"Median":{"confidence_interval":{"confidence_level":0.95,"lower_bound":0.014041983709462302,"upper_bound":0.03314078956497357},"point_estimate":0.02248159709590758,"standard_error":0.004929935147005059}}