{"Mean":{"confidence_interval":{"confidence_level":0.95,"lower_bound":957.6500697599226,"upper_bound":972.1995394487514},"point_estimate":963.9480911412452,"standard_error":3.742843271413195},"Median":{"confidence_interval":{"confidence_level":0.95,"lower_bound":954.0381043724118,"upper_bound":955.9075606729734},"point_estimate":954.3966741662389,"standard_error":0.8310516992351877},"MedianAbsDev":{"confidence_interval":{"confidence_level":0.95,"lower_bound":0.7741412314027932,"upper_bound":3.7031295438329526},"point_estimate":1.5597740619131848,"standard_error":1.1503504816435095},"Slope":{"confidence_interval":{"confidence_level":0.95,"lower_bound":954.1924986540447,"upper_bound":955.4092829157371},"point_estimate":954.6722317884041,"standard_error":0.3116680258958642},"StdDev":{"confidence_interval":{"confidence_level":0.95,"lower_bound":9.118516617437368,"upper_bound":32.03319608308781},"point_estimate":21.52692928504628,"standard_error":6.7369548968484905}}