{"Mean":{"confidence_interval":{"confidence_level":0.95,"lower_bound":16148734.961648792,"upper_bound":16361250.733186716},"point_estimate":16226572.971096331,"standard_error":60309.969427582546},"Median":{"confidence_interval":{"confidence_level":0.95,"lower_bound":16139064.142857144,"upper_bound":16162749.82142857},"point_estimate":16151716.284457479,"standard_error":6814.57981304894},"MedianAbsDev":{"confidence_interval":{"confidence_level":0.95,"lower_bound":15374.806170053153,"upper_bound":38418.41768430035},"point_estimate":26768.587761419923,"standard_error":5803.644954199969},"Slope":{"confidence_interval":{"confidence_level":0.95,"lower_bound":16138576.288822023,"upper_bound":16169747.1211351},"point_estimate":16152537.146853147,"standard_error":7949.240825161035},"StdDev":{"confidence_interval":{"confidence_level":0.95,"lower_bound":26541.736456232713,"upper_bound":571700.2193602249},"point_estimate":346188.0460436307,"standard_error":179928.03464952574}}