{"Mean":{"confidence_interval":{"confidence_level":0.95,"lower_bound":3954.4761644058776,"upper_bound":3990.621478926695},"point_estimate":3972.5209720515727,"standard_error":9.238778392406411},"Median":{"confidence_interval":{"confidence_level":0.95,"lower_bound":3941.3052306829336,"upper_bound":3997.026681984402},"point_estimate":3978.344281507302,"standard_error":17.29740374224007},"MedianAbsDev":{"confidence_interval":{"confidence_level":0.95,"lower_bound":37.63467938526098,"upper_bound":82.60989429259116},"point_estimate":64.82105470952457,"standard_error":10.999756927546752},"Slope":{"confidence_interval":{"confidence_level":0.95,"lower_bound":3979.6401084651075,"upper_bound":4023.6873191436916},"point_estimate":4004.1502438873704,"standard_error":11.239863792698287},"StdDev":{"confidence_interval":{"confidence_level":0.95,"lower_bound":41.73537095640593,"upper_bound":61.97740458445133},"point_estimate":53.00756365011919,"standard_error":5.166676520811259}}