{"Mean":{"confidence_interval":{"confidence_level":0.95,"lower_bound":2657180.034542737,"upper_bound":2699917.1595970728},"point_estimate":2675292.3862819644,"standard_error":11105.623208202089},"Median":{"confidence_interval":{"confidence_level":0.95,"lower_bound":2652504.954861111,"upper_bound":2662148.9423076925},"point_estimate":2655356.1509287925,"standard_error":2354.823566042665},"MedianAbsDev":{"confidence_interval":{"confidence_level":0.95,"lower_bound":4299.302033762771,"upper_bound":15671.770071770514},"point_estimate":10963.13540055788,"standard_error":2933.892414867969},"Slope":{"confidence_interval":{"confidence_level":0.95,"lower_bound":2653066.8046729304,"upper_bound":2664035.656023205},"point_estimate":2658012.374125874,"standard_error":2838.0199005388313},"StdDev":{"confidence_interval":{"confidence_level":0.95,"lower_bound":11399.577091435556,"upper_bound":97168.41125636509},"point_estimate":64127.88135831866,"standard_error":22440.616565094482}}