{"Mean":{"confidence_interval":{"confidence_level":0.95,"lower_bound":3504.847481080305,"upper_bound":3592.2677178665435},"point_estimate":3545.435578559992,"standard_error":22.43860655536435},"Median":{"confidence_interval":{"confidence_level":0.95,"lower_bound":3468.3436246998153,"upper_bound":3546.828137284332},"point_estimate":3485.502169627702,"standard_error":18.58322530216704},"MedianAbsDev":{"confidence_interval":{"confidence_level":0.95,"lower_bound":25.85889847871523,"upper_bound":121.3545180068272},"point_estimate":51.272755074870126,"standard_error":24.008914875824644},"Slope":{"confidence_interval":{"confidence_level":0.95,"lower_bound":3501.7368001504037,"upper_bound":3625.673026336611},"point_estimate":3557.4043489027376,"standard_error":31.870901074225813},"StdDev":{"confidence_interval":{"confidence_level":0.95,"lower_bound":75.51055315038478,"upper_bound":166.53198941019826},"point_estimate":128.85351560894142,"standard_error":23.23751958981894}}