{"Mean":{"confidence_interval":{"confidence_level":0.95,"lower_bound":679049.294511459,"upper_bound":692328.8580668546},"point_estimate":684518.3119144723,"standard_error":3499.0992556592028},"Median":{"confidence_interval":{"confidence_level":0.95,"lower_bound":677760.2333333334,"upper_bound":681991.0389610389},"point_estimate":679853.4944341374,"standard_error":1187.0955080317253},"MedianAbsDev":{"confidence_interval":{"confidence_level":0.95,"lower_bound":2329.566950551791,"upper_bound":5826.516351753409},"point_estimate":4016.939702985918,"standard_error":874.0059904959966},"Slope":{"confidence_interval":{"confidence_level":0.95,"lower_bound":678720.9520462963,"upper_bound":682103.8398614645},"point_estimate":680353.3801573426,"standard_error":865.4199615430095},"StdDev":{"confidence_interval":{"confidence_level":0.95,"lower_bound":3217.809088249273,"upper_bound":31279.365076248025},"point_estimate":20140.206041821624,"standard_error":7738.914293408783}}