{"Mean":{"confidence_interval":{"confidence_level":0.95,"lower_bound":28288452.727272727,"upper_bound":29371404.242424242},"point_estimate":28708872.424242426,"standard_error":295455.13684262376},"Median":{"confidence_interval":{"confidence_level":0.95,"lower_bound":28229790.90909091,"upper_bound":30006590.90909091},"point_estimate":28418363.636363637,"standard_error":389957.2428587069},"MedianAbsDev":{"confidence_interval":{"confidence_level":0.95,"lower_bound":0.0,"upper_bound":559928.5900592767},"point_estimate":279577.9204910442,"standard_error":172746.1000821805},"Slope":{"confidence_interval":{"confidence_level":0.95,"lower_bound":28314000.22172949,"upper_bound":28661107.575757574},"point_estimate":28424845.61983471,"standard_error":92241.27723447213},"StdDev":{"confidence_interval":{"confidence_level":0.95,"lower_bound":74602.30198019303,"upper_bound":954310.790968155},"point_estimate":739992.729736207,"standard_error":316774.4919628839}}