{"Mean":{"confidence_interval":{"confidence_level":0.95,"lower_bound":-0.2828503914557741,"upper_bound":-0.22874341141444005},"point_estimate":-0.2566606487054778,"standard_error":0.013808581074133106},"Median":{"confidence_interval":{"confidence_level":0.95,"lower_bound":-0.2983857521317026,"upper_bound":-0.21937159848712473},"point_estimate":-0.2570617250034086,"standard_error":0.022662808107173315}}