{"Mean":{"confidence_interval":{"confidence_level":0.95,"lower_bound":11649.40562135247,"upper_bound":12099.666921804057},"point_estimate":11864.183147089472,"standard_error":115.18174477559029},"Median":{"confidence_interval":{"confidence_level":0.95,"lower_bound":11398.731919368975,"upper_bound":11991.797992191856},"point_estimate":11570.623268427136,"standard_error":150.958649154827},"MedianAbsDev":{"confidence_interval":{"confidence_level":0.95,"lower_bound":154.10741411067355,"upper_bound":858.1291073173093},"point_estimate":386.3362714872377,"standard_error":178.76348519393534},"Slope":{"confidence_interval":{"confidence_level":0.95,"lower_bound":11569.136681204604,"upper_bound":12136.53782163093},"point_estimate":11823.81248766571,"standard_error":145.2887453286413},"StdDev":{"confidence_interval":{"confidence_level":0.95,"lower_bound":459.5588774618644,"upper_bound":806.066549224239},"point_estimate":665.8834318090537,"standard_error":88.88982516251052}}