{"Mean":{"confidence_interval":{"confidence_level":0.95,"lower_bound":0.13248362447791856,"upper_bound":0.24261772271607285},"point_estimate":0.18382348165925455,"standard_error":0.02848394836101812},"Median":{"confidence_interval":{"confidence_level":0.95,"lower_bound":0.11819900081901835,"upper_bound":0.30593517932108294},"point_estimate":0.162295969677404,"standard_error":0.0408142931665722}}