{"Mean":{"confidence_interval":{"confidence_level":0.95,"lower_bound":11881.91159620908,"upper_bound":14205.090703321524},"point_estimate":12909.530370050086,"standard_error":597.2772492407614},"Median":{"confidence_interval":{"confidence_level":0.95,"lower_bound":11212.511081060777,"upper_bound":11701.296798029556},"point_estimate":11438.699324940704,"standard_error":172.39535459342318},"MedianAbsDev":{"confidence_interval":{"confidence_level":0.95,"lower_bound":166.30453694649466,"upper_bound":917.9670817560717},"point_estimate":394.42374599429456,"standard_error":229.29598897639758},"Slope":{"confidence_interval":{"confidence_level":0.95,"lower_bound":12438.400547144614,"upper_bound":16840.84227083165},"point_estimate":14582.938040551402,"standard_error":1127.0781189884176},"StdDev":{"confidence_interval":{"confidence_level":0.95,"lower_bound":1408.3829381457133,"upper_bound":4816.783811356548},"point_estimate":3429.9714102594594,"standard_error":873.6421744924871}}