{"Mean":{"confidence_interval":{"confidence_level":0.95,"lower_bound":185.65597835212847,"upper_bound":189.76365346770146},"point_estimate":187.36438533337815,"standard_error":1.0697018719873865},"Median":{"confidence_interval":{"confidence_level":0.95,"lower_bound":184.49335979815433,"upper_bound":187.6556374439508},"point_estimate":185.35625971071175,"standard_error":0.8330368851014915},"MedianAbsDev":{"confidence_interval":{"confidence_level":0.95,"lower_bound":1.1691946822349693,"upper_bound":4.142966099795194},"point_estimate":2.498700472144791,"standard_error":0.7788129376716579},"Slope":{"confidence_interval":{"confidence_level":0.95,"lower_bound":184.61207977389643,"upper_bound":185.91367742626284},"point_estimate":185.2225750135853,"standard_error":0.33394240264799774},"StdDev":{"confidence_interval":{"confidence_level":0.95,"lower_bound":2.1316775205034872,"upper_bound":9.57900157296143},"point_estimate":6.1416270140359535,"standard_error":2.2948197085962527}}