{"Mean":{"confidence_interval":{"confidence_level":0.95,"lower_bound":4352.292710939408,"upper_bound":4385.820264085511},"point_estimate":4369.381649470445,"standard_error":8.562365270554658},"Median":{"confidence_interval":{"confidence_level":0.95,"lower_bound":4343.675239955041,"upper_bound":4408.258428657436},"point_estimate":4375.322177546515,"standard_error":17.457508974532093},"MedianAbsDev":{"confidence_interval":{"confidence_level":0.95,"lower_bound":28.582441861384172,"upper_bound":74.23975093933363},"point_estimate":63.34241287241172,"standard_error":11.992007898196894},"Slope":{"confidence_interval":{"confidence_level":0.95,"lower_bound":4344.864024615197,"upper_bound":4382.687186010701},"point_estimate":4363.56801807464,"standard_error":9.696714851649133},"StdDev":{"confidence_interval":{"confidence_level":0.95,"lower_bound":38.72204838130774,"upper_bound":59.04699352879792},"point_estimate":49.30463356913878,"standard_error":5.3058147082802}}