{"Mean":{"confidence_interval":{"confidence_level":0.95,"lower_bound":-0.20406125907792366,"upper_bound":-0.1712723492057438},"point_estimate":-0.18721189756830792,"standard_error":0.008339243363866905},"Median":{"confidence_interval":{"confidence_level":0.95,"lower_bound":-0.18811811514412446,"upper_bound":-0.16821934379142978},"point_estimate":-0.17535359781910953,"standard_error":0.005021345793089496}}