{"Mean":{"confidence_interval":{"confidence_level":0.95,"lower_bound":9556.488692892537,"upper_bound":9731.119126193744},"point_estimate":9635.314321038131,"standard_error":44.4207819703977},"Median":{"confidence_interval":{"confidence_level":0.95,"lower_bound":9538.7673646603,"upper_bound":9808.992874039894},"point_estimate":9594.307409246225,"standard_error":68.43804229843931},"MedianAbsDev":{"confidence_interval":{"confidence_level":0.95,"lower_bound":0.0,"upper_bound":192.4260275115914},"point_estimate":82.34366864120004,"standard_error":62.10757767343295},"Slope":{"confidence_interval":{"confidence_level":0.95,"lower_bound":9548.867450435746,"upper_bound":9775.457400254236},"point_estimate":9646.37969897863,"standard_error":59.98750376480239},"StdDev":{"confidence_interval":{"confidence_level":0.95,"lower_bound":21.364874842458406,"upper_bound":142.13185843053972},"point_estimate":111.23797556135139,"standard_error":33.65654072780725}}