{"Mean":{"confidence_interval":{"confidence_level":0.95,"lower_bound":17.8357713375576,"upper_bound":18.075170759457073},"point_estimate":17.934241731014506,"standard_error":0.06285083666764889},"Median":{"confidence_interval":{"confidence_level":0.95,"lower_bound":17.827108056441286,"upper_bound":17.875751861949635},"point_estimate":17.848034836827818,"standard_error":0.012210567961385557},"MedianAbsDev":{"confidence_interval":{"confidence_level":0.95,"lower_bound":0.03320168980430188,"upper_bound":0.1287731545650023},"point_estimate":0.0566882016642636,"standard_error":0.02414160224891089},"Slope":{"confidence_interval":{"confidence_level":0.95,"lower_bound":17.843735310389246,"upper_bound":17.881463186658575},"point_estimate":17.862361273759618,"standard_error":0.009598652317179475},"StdDev":{"confidence_interval":{"confidence_level":0.95,"lower_bound":0.07229522715008836,"upper_bound":0.563883527163758},"point_estimate":0.36076892790425774,"standard_error":0.13975239661407457}}