{"Mean":{"confidence_interval":{"confidence_level":0.95,"lower_bound":126.31941767458349,"upper_bound":129.32101349435166},"point_estimate":127.73824898699233,"standard_error":0.7695148545929221},"Median":{"confidence_interval":{"confidence_level":0.95,"lower_bound":124.65242674236646,"upper_bound":127.73951951402444},"point_estimate":125.00500950439955,"standard_error":0.9000975047948432},"MedianAbsDev":{"confidence_interval":{"confidence_level":0.95,"lower_bound":0.10540874002628635,"upper_bound":4.5673550083054675},"point_estimate":0.6348539317631747,"standard_error":1.2852470098539943},"Slope":{"confidence_interval":{"confidence_level":0.95,"lower_bound":126.50608364891764,"upper_bound":131.46115232777524},"point_estimate":128.94357435965682,"standard_error":1.2714114468920672},"StdDev":{"confidence_interval":{"confidence_level":0.95,"lower_bound":3.0557215805010234,"upper_bound":5.249247548581696},"point_estimate":4.424876896573245,"standard_error":0.5709175143516193}}