{"Mean":{"confidence_interval":{"confidence_level":0.95,"lower_bound":27462.76136192912,"upper_bound":27817.156279819308},"point_estimate":27628.53798337897,"standard_error":90.57578011074345},"Median":{"confidence_interval":{"confidence_level":0.95,"lower_bound":27317.01223740233,"upper_bound":27775.642985074628},"point_estimate":27596.850773908234,"standard_error":119.1499942849997},"MedianAbsDev":{"confidence_interval":{"confidence_level":0.95,"lower_bound":256.04374443630405,"upper_bound":659.3153972772236},"point_estimate":436.90103506955313,"standard_error":99.9213197762036},"Slope":{"confidence_interval":{"confidence_level":0.95,"lower_bound":27353.627298265747,"upper_bound":27655.87510177434},"point_estimate":27497.959455954493,"standard_error":76.95967652239149},"StdDev":{"confidence_interval":{"confidence_level":0.95,"lower_bound":324.07866997244173,"upper_bound":705.8064787369418},"point_estimate":519.8224619041949,"standard_error":103.57270197450774}}