{"Mean":{"confidence_interval":{"confidence_level":0.95,"lower_bound":4331630.40439716,"upper_bound":4459475.561081111},"point_estimate":4391717.733287835,"standard_error":32686.287637517722},"Median":{"confidence_interval":{"confidence_level":0.95,"lower_bound":4284361.509523809,"upper_bound":4413853.435897436},"point_estimate":4345643.224580018,"standard_error":32082.656238539614},"MedianAbsDev":{"confidence_interval":{"confidence_level":0.95,"lower_bound":85042.7209127986,"upper_bound":244934.49361820938},"point_estimate":155744.73704155823,"standard_error":43162.52825886374},"Slope":{"confidence_interval":{"confidence_level":0.95,"lower_bound":4278322.116989848,"upper_bound":4340115.070042425},"point_estimate":4310208.378758742,"standard_error":15727.936659360961},"StdDev":{"confidence_interval":{"confidence_level":0.95,"lower_bound":125252.5600475059,"upper_bound":248007.23577240043},"point_estimate":188061.4265457403,"standard_error":33173.14394683624}}