{"Mean":{"confidence_interval":{"confidence_level":0.95,"lower_bound":1863065.2133016067,"upper_bound":1904851.5562798225},"point_estimate":1884817.182824378,"standard_error":10661.07938530276},"Median":{"confidence_interval":{"confidence_level":0.95,"lower_bound":1871055.0,"upper_bound":1910631.6666666665},"point_estimate":1885309.5959595959,"standard_error":9590.30638026599},"MedianAbsDev":{"confidence_interval":{"confidence_level":0.95,"lower_bound":24708.146311342658,"upper_bound":69477.28226653162},"point_estimate":42870.51870043464,"standard_error":11116.075576258174},"Slope":{"confidence_interval":{"confidence_level":0.95,"lower_bound":1887108.301033181,"upper_bound":1923003.7700772258},"point_estimate":1906250.9465891062,"standard_error":9116.670991853849},"StdDev":{"confidence_interval":{"confidence_level":0.95,"lower_bound":38441.696779973674,"upper_bound":77780.29532930454},"point_estimate":59352.2604580264,"standard_error":10324.191780250385}}