{"Mean":{"confidence_interval":{"confidence_level":0.95,"lower_bound":6141.518645556784,"upper_bound":6707.056178904326},"point_estimate":6400.361193470664,"standard_error":146.74976341590573},"Median":{"confidence_interval":{"confidence_level":0.95,"lower_bound":5993.382813660704,"upper_bound":6968.103598627987},"point_estimate":6409.349456426952,"standard_error":201.12443953563687},"MedianAbsDev":{"confidence_interval":{"confidence_level":0.95,"lower_bound":0.0,"upper_bound":680.5648066296498},"point_estimate":342.17940802893327,"standard_error":218.74749025899428},"Slope":{"confidence_interval":{"confidence_level":0.95,"lower_bound":6062.497335426235,"upper_bound":6857.851593695593},"point_estimate":6487.8266767436,"standard_error":191.23286921993625},"StdDev":{"confidence_interval":{"confidence_level":0.95,"lower_bound":109.6284882285349,"upper_bound":488.4051245242526},"point_estimate":367.407314240164,"standard_error":108.53677891968752}}