{"Mean":{"confidence_interval":{"confidence_level":0.95,"lower_bound":3503.6871685818187,"upper_bound":3527.638959838772},"point_estimate":3514.4941655064927,"standard_error":6.151697638330644},"Median":{"confidence_interval":{"confidence_level":0.95,"lower_bound":3501.2904265873017,"upper_bound":3513.8582093253967},"point_estimate":3508.6624540441176,"standard_error":3.552535833472929},"MedianAbsDev":{"confidence_interval":{"confidence_level":0.95,"lower_bound":8.737193143126587,"upper_bound":26.18476603438347},"point_estimate":14.219406584093392,"standard_error":4.404930141112264},"Slope":{"confidence_interval":{"confidence_level":0.95,"lower_bound":3491.0625652849144,"upper_bound":3504.7400092461467},"point_estimate":3497.7078577347133,"standard_error":3.4963445570113403},"StdDev":{"confidence_interval":{"confidence_level":0.95,"lower_bound":14.626856118624682,"upper_bound":48.879495927288076},"point_estimate":35.20511019453271,"standard_error":8.66405518031016}}