{"Mean":{"confidence_interval":{"confidence_level":0.95,"lower_bound":-0.187651075962306,"upper_bound":-0.09292693433511856},"point_estimate":-0.1397655302466828,"standard_error":0.024230136008455035},"Median":{"confidence_interval":{"confidence_level":0.95,"lower_bound":-0.14687220765404463,"upper_bound":-0.045341308026197624},"point_estimate":-0.08501236529532541,"standard_error":0.029146394652741152}}