{"Mean":{"confidence_interval":{"confidence_level":0.95,"lower_bound":27236.62860493652,"upper_bound":27485.31967499749},"point_estimate":27356.91401939371,"standard_error":63.51861527343829},"Median":{"confidence_interval":{"confidence_level":0.95,"lower_bound":27052.09136904762,"upper_bound":27458.868430304814},"point_estimate":27316.231584821428,"standard_error":142.33089047496037},"MedianAbsDev":{"confidence_interval":{"confidence_level":0.95,"lower_bound":64.53148863105402,"upper_bound":567.1521131696728},"point_estimate":422.4680126096474,"standard_error":163.970732821067},"Slope":{"confidence_interval":{"confidence_level":0.95,"lower_bound":27181.28426542383,"upper_bound":27406.43092056045},"point_estimate":27291.051535183567,"standard_error":57.46847392404523},"StdDev":{"confidence_interval":{"confidence_level":0.95,"lower_bound":266.7053369449595,"upper_bound":439.8524665458709},"point_estimate":364.74655661757555,"standard_error":44.33011961992546}}