{"Mean":{"confidence_interval":{"confidence_level":0.95,"lower_bound":241.30574000837183,"upper_bound":247.71848035170916},"point_estimate":243.8578104632245,"standard_error":1.699399221920427},"Median":{"confidence_interval":{"confidence_level":0.95,"lower_bound":241.14988818915361,"upper_bound":242.7819552183405},"point_estimate":241.71304021937567,"standard_error":0.42311455439955986},"MedianAbsDev":{"confidence_interval":{"confidence_level":0.95,"lower_bound":1.1893352834167192,"upper_bound":4.0267012178396975},"point_estimate":2.296030279360331,"standard_error":0.6943081387759094},"Slope":{"confidence_interval":{"confidence_level":0.95,"lower_bound":240.12557684043688,"upper_bound":241.7508544185393},"point_estimate":240.9359526320555,"standard_error":0.41386437861332104},"StdDev":{"confidence_interval":{"confidence_level":0.95,"lower_bound":2.446418322901334,"upper_bound":15.711995804440985},"point_estimate":9.785475069403764,"standard_error":4.173078190422794}}