{"Mean":{"confidence_interval":{"confidence_level":0.95,"lower_bound":7599.612010924504,"upper_bound":7685.718007879036},"point_estimate":7635.526097847769,"standard_error":22.47280416526491},"Median":{"confidence_interval":{"confidence_level":0.95,"lower_bound":7586.440200055348,"upper_bound":7620.448399751418},"point_estimate":7608.221783238173,"standard_error":7.870844810954346},"MedianAbsDev":{"confidence_interval":{"confidence_level":0.95,"lower_bound":23.12125485052741,"upper_bound":55.2623510921589},"point_estimate":36.84081753262915,"standard_error":7.970961704365595},"Slope":{"confidence_interval":{"confidence_level":0.95,"lower_bound":7581.940084294202,"upper_bound":7597.4366637385165},"point_estimate":7588.964531879214,"standard_error":3.9426978750306847},"StdDev":{"confidence_interval":{"confidence_level":0.95,"lower_bound":26.573907557481494,"upper_bound":197.477687244524},"point_estimate":129.12112539262168,"standard_error":46.69434712140309}}