{"Mean":{"confidence_interval":{"confidence_level":0.95,"lower_bound":65.18120357172897,"upper_bound":67.37345344795729},"point_estimate":66.24928754907094,"standard_error":0.5619412899053304},"Median":{"confidence_interval":{"confidence_level":0.95,"lower_bound":64.29686311381505,"upper_bound":67.02713245448254},"point_estimate":65.45122544861485,"standard_error":0.710596364017236},"MedianAbsDev":{"confidence_interval":{"confidence_level":0.95,"lower_bound":1.9352430820083275,"upper_bound":4.854669125648803},"point_estimate":3.261958613954221,"standard_error":0.7921751794501772},"Slope":{"confidence_interval":{"confidence_level":0.95,"lower_bound":63.75716079893236,"upper_bound":65.32734336790666},"point_estimate":64.47834304134801,"standard_error":0.402090791001966},"StdDev":{"confidence_interval":{"confidence_level":0.95,"lower_bound":2.4684646528713485,"upper_bound":3.7750455355000145},"point_estimate":3.2285934903840046,"standard_error":0.33339461549302934}}