{"Mean":{"confidence_interval":{"confidence_level":0.95,"lower_bound":-0.19322069322867458,"upper_bound":-0.1670000345600453},"point_estimate":-0.18129319625141382,"standard_error":0.006579926606092536},"Median":{"confidence_interval":{"confidence_level":0.95,"lower_bound":-0.1823979399046166,"upper_bound":-0.17163943775323587},"point_estimate":-0.17630796283801453,"standard_error":0.0026899166869248313}}