{"Mean":{"confidence_interval":{"confidence_level":0.95,"lower_bound":686639.6041745308,"upper_bound":705528.0255420721},"point_estimate":695034.9311867408,"standard_error":4863.699063763773},"Median":{"confidence_interval":{"confidence_level":0.95,"lower_bound":681688.7978479853,"upper_bound":687705.513546798},"point_estimate":684477.3231684982,"standard_error":1406.5512552684859},"MedianAbsDev":{"confidence_interval":{"confidence_level":0.95,"lower_bound":2545.452307991011,"upper_bound":9558.0683115603},"point_estimate":5396.025459576429,"standard_error":1806.2590462337503},"Slope":{"confidence_interval":{"confidence_level":0.95,"lower_bound":682632.5730529696,"upper_bound":711246.4078902515},"point_estimate":692715.3499812688,"standard_error":8307.333996042329},"StdDev":{"confidence_interval":{"confidence_level":0.95,"lower_bound":11625.184849306916,"upper_bound":37904.077322409656},"point_estimate":27911.099596106527,"standard_error":6668.455691813524}}