{"Mean":{"confidence_interval":{"confidence_level":0.95,"lower_bound":830.6294285298218,"upper_bound":848.4834500405666},"point_estimate":839.5016530404209,"standard_error":4.665469012992113},"Median":{"confidence_interval":{"confidence_level":0.95,"lower_bound":827.7057563086397,"upper_bound":853.3081195781065},"point_estimate":834.0014978468452,"standard_error":8.731188895052309},"MedianAbsDev":{"confidence_interval":{"confidence_level":0.95,"lower_bound":0.0,"upper_bound":9.334066238830596},"point_estimate":9.334066238830596,"standard_error":3.20717463663554},"Slope":{"confidence_interval":{"confidence_level":0.95,"lower_bound":829.8008317588921,"upper_bound":849.5341696311552},"point_estimate":840.2579019931576,"standard_error":5.866100278063983},"StdDev":{"confidence_interval":{"confidence_level":0.95,"lower_bound":2.2792432373828455,"upper_bound":13.322211556818345},"point_estimate":11.640957146366182,"standard_error":2.749722592356119}}