{"Mean":{"confidence_interval":{"confidence_level":0.95,"lower_bound":61.21792792940698,"upper_bound":61.82026931844069},"point_estimate":61.474399090860715,"standard_error":0.15677472645185123},"Median":{"confidence_interval":{"confidence_level":0.95,"lower_bound":61.20037897926372,"upper_bound":61.37547576439479},"point_estimate":61.253147136631114,"standard_error":0.04376613164544938},"MedianAbsDev":{"confidence_interval":{"confidence_level":0.95,"lower_bound":0.09622580515346515,"upper_bound":0.6144576470463385},"point_estimate":0.250095752925385,"standard_error":0.12341067775609663},"Slope":{"confidence_interval":{"confidence_level":0.95,"lower_bound":61.06850606484481,"upper_bound":61.45967299327063},"point_estimate":61.25041132578184,"standard_error":0.10000517277164825},"StdDev":{"confidence_interval":{"confidence_level":0.95,"lower_bound":0.3597162461981935,"upper_bound":1.3878644044112123},"point_estimate":0.9015302616916593,"standard_error":0.3141249242409647}}