{"Mean":{"confidence_interval":{"confidence_level":0.95,"lower_bound":865.2489596066825,"upper_bound":870.5638265673343},"point_estimate":867.5739757916484,"standard_error":1.3623009421872996},"Median":{"confidence_interval":{"confidence_level":0.95,"lower_bound":863.9080694534025,"upper_bound":867.0224638348843},"point_estimate":865.2116394616164,"standard_error":0.9539782775643052},"MedianAbsDev":{"confidence_interval":{"confidence_level":0.95,"lower_bound":1.9665371452062088,"upper_bound":5.5821098556379365},"point_estimate":3.61425477432857,"standard_error":0.9432588887434933},"Slope":{"confidence_interval":{"confidence_level":0.95,"lower_bound":863.7902742365782,"upper_bound":865.7986008697477},"point_estimate":864.7577787376633,"standard_error":0.5124839090193112},"StdDev":{"confidence_interval":{"confidence_level":0.95,"lower_bound":3.433126485594554,"upper_bound":11.500259863315446},"point_estimate":7.818136843867044,"standard_error":2.272701613145413}}