{"Mean":{"confidence_interval":{"confidence_level":0.95,"lower_bound":189.41499453014134,"upper_bound":191.92292240471366},"point_estimate":190.39960920583243,"standard_error":0.6702909157969712},"Median":{"confidence_interval":{"confidence_level":0.95,"lower_bound":188.97140822353953,"upper_bound":190.1595693429128},"point_estimate":189.2099713542708,"standard_error":0.3058376095760247},"MedianAbsDev":{"confidence_interval":{"confidence_level":0.95,"lower_bound":0.4569230881022017,"upper_bound":1.881917030884063},"point_estimate":1.0299384309053006,"standard_error":0.32276332131136953},"Slope":{"confidence_interval":{"confidence_level":0.95,"lower_bound":189.01909640990323,"upper_bound":189.6933874153425},"point_estimate":189.33046077919275,"standard_error":0.1734530793219311},"StdDev":{"confidence_interval":{"confidence_level":0.95,"lower_bound":0.9500031166312526,"upper_bound":6.215080384750654},"point_estimate":3.8557534658842654,"standard_error":1.6930339474561527}}