{"Mean":{"confidence_interval":{"confidence_level":0.95,"lower_bound":10.967651633716613,"upper_bound":11.323690996481822},"point_estimate":11.140748553385556,"standard_error":0.09155248468440177},"Median":{"confidence_interval":{"confidence_level":0.95,"lower_bound":10.75619314545003,"upper_bound":11.337834350299193},"point_estimate":10.919471452914852,"standard_error":0.14210384727714997},"MedianAbsDev":{"confidence_interval":{"confidence_level":0.95,"lower_bound":0.20419431638584698,"upper_bound":0.7901185133943727},"point_estimate":0.4347935731001491,"standard_error":0.15632978537412728},"Slope":{"confidence_interval":{"confidence_level":0.95,"lower_bound":10.95132011362781,"upper_bound":11.40108721693724},"point_estimate":11.16990516432393,"standard_error":0.11528920148253705},"StdDev":{"confidence_interval":{"confidence_level":0.95,"lower_bound":0.41228008880951644,"upper_bound":0.6117021069751177},"point_estimate":0.5280669579897326,"standard_error":0.05072286172785182}}