{"Mean":{"confidence_interval":{"confidence_level":0.95,"lower_bound":5421130.308075476,"upper_bound":5500151.605571415},"point_estimate":5454713.787203641,"standard_error":20490.328705697313},"Median":{"confidence_interval":{"confidence_level":0.95,"lower_bound":5419644.814903846,"upper_bound":5441045.34375},"point_estimate":5433781.324404762,"standard_error":6736.6057429331795},"MedianAbsDev":{"confidence_interval":{"confidence_level":0.95,"lower_bound":16039.94641773412,"upper_bound":62974.83950013992},"point_estimate":38403.91949319384,"standard_error":13316.253656950748},"Slope":{"confidence_interval":{"confidence_level":0.95,"lower_bound":5410336.692248279,"upper_bound":5431997.183055426},"point_estimate":5422089.987281469,"standard_error":5547.892065103309},"StdDev":{"confidence_interval":{"confidence_level":0.95,"lower_bound":36096.68729611805,"upper_bound":179602.45982468847},"point_estimate":118192.18687749135,"standard_error":39796.1148463709}}