{"Mean":{"confidence_interval":{"confidence_level":0.95,"lower_bound":-0.1900155625137161,"upper_bound":-0.09457850292378137},"point_estimate":-0.14123299403347045,"standard_error":0.024441262781920985},"Median":{"confidence_interval":{"confidence_level":0.95,"lower_bound":-0.12346090986285596,"upper_bound":-0.073756651342333},"point_estimate":-0.09000281239088426,"standard_error":0.014788976205600515}}