{"Mean":{"confidence_interval":{"confidence_level":0.95,"lower_bound":4645.271778933794,"upper_bound":4804.981882585355},"point_estimate":4725.629280127279,"standard_error":40.758760093725265},"Median":{"confidence_interval":{"confidence_level":0.95,"lower_bound":4546.997638217928,"upper_bound":4912.775802469136},"point_estimate":4753.6325782975955,"standard_error":112.49052694592775},"MedianAbsDev":{"confidence_interval":{"confidence_level":0.95,"lower_bound":114.24717633015771,"upper_bound":374.55581077387956},"point_estimate":334.70816101693714,"standard_error":76.33778400678688},"Slope":{"confidence_interval":{"confidence_level":0.95,"lower_bound":4562.981936231724,"upper_bound":4758.580618841011},"point_estimate":4659.552858542692,"standard_error":50.05429822135557},"StdDev":{"confidence_interval":{"confidence_level":0.95,"lower_bound":202.47252597638825,"upper_bound":253.31243699339964},"point_estimate":233.85378388936695,"standard_error":12.97162541938927}}