{"Mean":{"confidence_interval":{"confidence_level":0.95,"lower_bound":16906.80624440503,"upper_bound":17130.17019457304},"point_estimate":17022.218467328497,"standard_error":56.819215495974625},"Median":{"confidence_interval":{"confidence_level":0.95,"lower_bound":16935.843848580444,"upper_bound":17173.45125431876},"point_estimate":17010.05257623554,"standard_error":61.98765590605103},"MedianAbsDev":{"confidence_interval":{"confidence_level":0.95,"lower_bound":116.33448434571291,"upper_bound":365.08613422271856},"point_estimate":259.4670421385956,"standard_error":62.658835186755084},"Slope":{"confidence_interval":{"confidence_level":0.95,"lower_bound":16980.418036533407,"upper_bound":17147.55322411718},"point_estimate":17059.091429267308,"standard_error":42.73835583562097},"StdDev":{"confidence_interval":{"confidence_level":0.95,"lower_bound":204.1969410337732,"upper_bound":414.58696701459496},"point_estimate":316.7232757405451,"standard_error":54.836440930801544}}