{"Mean":{"confidence_interval":{"confidence_level":0.95,"lower_bound":128.11749378649031,"upper_bound":129.6588457976211},"point_estimate":128.80216922712407,"standard_error":0.3958018829446291},"Median":{"confidence_interval":{"confidence_level":0.95,"lower_bound":127.99409932092988,"upper_bound":128.7867371811613},"point_estimate":128.1585006054705,"standard_error":0.23226376830378248},"MedianAbsDev":{"confidence_interval":{"confidence_level":0.95,"lower_bound":0.45585641303249025,"upper_bound":1.9697175541945633},"point_estimate":0.9485780201102371,"standard_error":0.395917538505707},"Slope":{"confidence_interval":{"confidence_level":0.95,"lower_bound":127.56464735908237,"upper_bound":128.66331104544096},"point_estimate":128.0770703553413,"standard_error":0.28163541822391946},"StdDev":{"confidence_interval":{"confidence_level":0.95,"lower_bound":1.0477026416249442,"upper_bound":3.3553975592704157},"point_estimate":2.283099931993835,"standard_error":0.6479758560721575}}