{"Mean":{"confidence_interval":{"confidence_level":0.95,"lower_bound":4304455.776436637,"upper_bound":4431703.716036424},"point_estimate":4364549.176974475,"standard_error":32501.560985052904},"Median":{"confidence_interval":{"confidence_level":0.95,"lower_bound":4259803.833333333,"upper_bound":4359411.182795699},"point_estimate":4317675.535714285,"standard_error":28735.375715878527},"MedianAbsDev":{"confidence_interval":{"confidence_level":0.95,"lower_bound":73838.92684554872,"upper_bound":234858.03950450988},"point_estimate":157695.2567364606,"standard_error":42024.03213353892},"Slope":{"confidence_interval":{"confidence_level":0.95,"lower_bound":4266644.252962248,"upper_bound":4321780.592014525},"point_estimate":4295042.64516317,"standard_error":14050.214978972885},"StdDev":{"confidence_interval":{"confidence_level":0.95,"lower_bound":124451.22918272961,"upper_bound":245479.71242193773},"point_estimate":187308.56465230125,"standard_error":32383.09433927093}}