{"Mean":{"confidence_interval":{"confidence_level":0.95,"lower_bound":1137.3186908004723,"upper_bound":1144.5075606001262},"point_estimate":1140.7181816319473,"standard_error":1.8331398107993728},"Median":{"confidence_interval":{"confidence_level":0.95,"lower_bound":1135.2045121663573,"upper_bound":1143.483677184466},"point_estimate":1139.6599661261068,"standard_error":1.9525751001473237},"MedianAbsDev":{"confidence_interval":{"confidence_level":0.95,"lower_bound":5.011749540877971,"upper_bound":12.100312855564919},"point_estimate":7.873937912710409,"standard_error":1.837134847538086},"Slope":{"confidence_interval":{"confidence_level":0.95,"lower_bound":1131.315252491315,"upper_bound":1136.9601273843045},"point_estimate":1133.9698443016327,"standard_error":1.4470759475787007},"StdDev":{"confidence_interval":{"confidence_level":0.95,"lower_bound":6.70817492583432,"upper_bound":14.040965211990695},"point_estimate":10.507373227382564,"standard_error":1.950830684665492}}