{"Mean":{"confidence_interval":{"confidence_level":0.95,"lower_bound":-0.01740999423928992,"upper_bound":0.03240525563015871},"point_estimate":0.004030116613176649,"standard_error":0.013122457890666446},"Median":{"confidence_interval":{"confidence_level":0.95,"lower_bound":-0.0066937939178616235,"upper_bound":0.00587515842299946},"point_estimate":0.0003772004899522674,"standard_error":0.003335712682839003}}