{"Mean":{"confidence_interval":{"confidence_level":0.95,"lower_bound":82420060.00000001,"upper_bound":92999771.33333333},"point_estimate":86518979.33333334,"standard_error":2886261.0166031765},"Median":{"confidence_interval":{"confidence_level":0.95,"lower_bound":81901416.66666667,"upper_bound":99179613.33333333},"point_estimate":83613066.66666667,"standard_error":3828667.325431217},"MedianAbsDev":{"confidence_interval":{"confidence_level":0.95,"lower_bound":0.0,"upper_bound":5422139.913737766},"point_estimate":2537692.2449469566,"standard_error":1681442.7451371062},"Slope":{"confidence_interval":{"confidence_level":0.95,"lower_bound":82758596.49122807,"upper_bound":97344120.23809524},"point_estimate":91107152.72727273,"standard_error":4533851.626416522},"StdDev":{"confidence_interval":{"confidence_level":0.95,"lower_bound":696082.3409147349,"upper_bound":9304447.03093084},"point_estimate":7218477.691869969,"standard_error":3101121.6235550256}}