{"Mean":{"confidence_interval":{"confidence_level":0.95,"lower_bound":9878502.290297879,"upper_bound":11271205.611150445},"point_estimate":10675053.528975159,"standard_error":360732.60198823444},"Median":{"confidence_interval":{"confidence_level":0.95,"lower_bound":10921553.155172415,"upper_bound":11252829.925714284},"point_estimate":11139467.742857143,"standard_error":76861.96517018286},"MedianAbsDev":{"confidence_interval":{"confidence_level":0.95,"lower_bound":224340.64687003483,"upper_bound":647671.3000459811},"point_estimate":440130.206742506,"standard_error":112046.98746851306},"Slope":{"confidence_interval":{"confidence_level":0.95,"lower_bound":11039443.369370533,"upper_bound":11281000.120073989},"point_estimate":11163380.753583916,"standard_error":61777.378658199836},"StdDev":{"confidence_interval":{"confidence_level":0.95,"lower_bound":487143.45457354013,"upper_bound":3038693.0800566226},"point_estimate":2069131.5320114195,"standard_error":671939.5766723097}}