{"Mean":{"confidence_interval":{"confidence_level":0.95,"lower_bound":547.6641557720981,"upper_bound":565.013302249302},"point_estimate":554.1607626595368,"standard_error":4.8469833362906725},"Median":{"confidence_interval":{"confidence_level":0.95,"lower_bound":546.5097755249819,"upper_bound":551.7606672566847},"point_estimate":548.8296675114651,"standard_error":1.6354378962857996},"MedianAbsDev":{"confidence_interval":{"confidence_level":0.95,"lower_bound":3.1737070043054225,"upper_bound":7.615211797813233},"point_estimate":5.110225658195888,"standard_error":1.109888058957816},"Slope":{"confidence_interval":{"confidence_level":0.95,"lower_bound":544.7255724859068,"upper_bound":547.4489499531924},"point_estimate":545.961006770203,"standard_error":0.6928868889895206},"StdDev":{"confidence_interval":{"confidence_level":0.95,"lower_bound":4.513032447606303,"upper_bound":45.81564503638329},"point_estimate":27.73075017757937,"standard_error":13.852685425238864}}