{"Mean":{"confidence_interval":{"confidence_level":0.95,"lower_bound":-0.42449534865263855,"upper_bound":-0.2666390874908187},"point_estimate":-0.3507641441627417,"standard_error":0.040328088488712166},"Median":{"confidence_interval":{"confidence_level":0.95,"lower_bound":-0.2642780561924566,"upper_bound":-0.16783379516289576},"point_estimate":-0.20273579713386358,"standard_error":0.026736369085061974}}