{"Mean":{"confidence_interval":{"confidence_level":0.95,"lower_bound":334.2877722580422,"upper_bound":342.5062111438735},"point_estimate":338.25935417197655,"standard_error":2.1042974612446383},"Median":{"confidence_interval":{"confidence_level":0.95,"lower_bound":330.7713601567319,"upper_bound":339.324142189487},"point_estimate":333.9384233176636,"standard_error":2.0710042882017645},"MedianAbsDev":{"confidence_interval":{"confidence_level":0.95,"lower_bound":5.136718560888168,"upper_bound":17.558875179257303},"point_estimate":10.298682286414047,"standard_error":2.88638300368448},"Slope":{"confidence_interval":{"confidence_level":0.95,"lower_bound":335.5305558757844,"upper_bound":349.3838428878495},"point_estimate":342.80880979530934,"standard_error":3.5499074419669907},"StdDev":{"confidence_interval":{"confidence_level":0.95,"lower_bound":9.13812587725898,"upper_bound":13.967758220412156},"point_estimate":12.125725253352417,"standard_error":1.2334189777862066}}