{"Mean":{"confidence_interval":{"confidence_level":0.95,"lower_bound":-0.16704125400918923,"upper_bound":-0.14403840580669106},"point_estimate":-0.15596503259796557,"standard_error":0.005951376749717926},"Median":{"confidence_interval":{"confidence_level":0.95,"lower_bound":-0.16613624373691005,"upper_bound":-0.15860339939317303},"point_estimate":-0.16421633605131158,"standard_error":0.0017827298270948545}}