{"Mean":{"confidence_interval":{"confidence_level":0.95,"lower_bound":11312136.191845166,"upper_bound":12502740.733379925},"point_estimate":11845429.250498323,"standard_error":305639.7697129775},"Median":{"confidence_interval":{"confidence_level":0.95,"lower_bound":10803902.833333334,"upper_bound":12071125.090909092},"point_estimate":10975180.938235294,"standard_error":393586.1603332361},"MedianAbsDev":{"confidence_interval":{"confidence_level":0.95,"lower_bound":216350.83957438904,"upper_bound":1696266.7653576895},"point_estimate":614350.0428653179,"standard_error":432269.53524188144},"Slope":{"confidence_interval":{"confidence_level":0.95,"lower_bound":10792727.132146996,"upper_bound":11026861.923493369},"point_estimate":10887507.076573426,"standard_error":59814.77294415879},"StdDev":{"confidence_interval":{"confidence_level":0.95,"lower_bound":833339.5477126602,"upper_bound":2520875.180641026},"point_estimate":1757316.0542953713,"standard_error":456288.19832836045}}