{"Mean":{"confidence_interval":{"confidence_level":0.95,"lower_bound":-0.2643712878758399,"upper_bound":-0.16153413261899233},"point_estimate":-0.21619268114924284,"standard_error":0.026225265538545376},"Median":{"confidence_interval":{"confidence_level":0.95,"lower_bound":-0.2575762781613702,"upper_bound":-0.1876335872542212},"point_estimate":-0.22012457357494342,"standard_error":0.02049276142768205}}