{"Mean":{"confidence_interval":{"confidence_level":0.95,"lower_bound":111965.98017070243,"upper_bound":113426.74629302579},"point_estimate":112589.80179646896,"standard_error":377.9064709745239},"Median":{"confidence_interval":{"confidence_level":0.95,"lower_bound":111798.3862745098,"upper_bound":112173.14760328815},"point_estimate":111984.14982562195,"standard_error":94.21777084747673},"MedianAbsDev":{"confidence_interval":{"confidence_level":0.95,"lower_bound":241.19126652013043,"upper_bound":717.6322687397467},"point_estimate":432.9017049560164,"standard_error":120.5356285760949},"Slope":{"confidence_interval":{"confidence_level":0.95,"lower_bound":111947.64458459184,"upper_bound":112465.84954195775},"point_estimate":112158.60562422872,"standard_error":133.0304637676805},"StdDev":{"confidence_interval":{"confidence_level":0.95,"lower_bound":686.9392288476948,"upper_bound":3275.981406588028},"point_estimate":2168.6959984632845,"standard_error":720.8854417901509}}