{"Mean":{"confidence_interval":{"confidence_level":0.95,"lower_bound":1102962.8757035946,"upper_bound":1142590.470323838},"point_estimate":1119427.3465480267,"standard_error":10444.782793894343},"Median":{"confidence_interval":{"confidence_level":0.95,"lower_bound":1101341.8037037037,"upper_bound":1106555.8465608465},"point_estimate":1104212.128065134,"standard_error":1327.2538669168955},"MedianAbsDev":{"confidence_interval":{"confidence_level":0.95,"lower_bound":4029.293948388993,"upper_bound":12824.26737409116},"point_estimate":8931.616376319369,"standard_error":2236.2355356287603},"Slope":{"confidence_interval":{"confidence_level":0.95,"lower_bound":1100609.3967420883,"upper_bound":1104792.5645136065},"point_estimate":1102607.3377622378,"standard_error":1066.3744800533368},"StdDev":{"confidence_interval":{"confidence_level":0.95,"lower_bound":7566.943734232398,"upper_bound":89791.02075765532},"point_estimate":59892.728588456775,"standard_error":22181.949002445082}}