{"Mean":{"confidence_interval":{"confidence_level":0.95,"lower_bound":56.05413296664628,"upper_bound":56.46793323652282},"point_estimate":56.23475289771642,"standard_error":0.1067908212305816},"Median":{"confidence_interval":{"confidence_level":0.95,"lower_bound":55.95939023144105,"upper_bound":56.13636977701489},"point_estimate":56.06311448052258,"standard_error":0.05092159896859625},"MedianAbsDev":{"confidence_interval":{"confidence_level":0.95,"lower_bound":0.10732096910501072,"upper_bound":0.31079628144126215},"point_estimate":0.1687990563169483,"standard_error":0.050743232241238695},"Slope":{"confidence_interval":{"confidence_level":0.95,"lower_bound":55.964287863389835,"upper_bound":56.06652249401396},"point_estimate":56.01418672992482,"standard_error":0.02603291298951084},"StdDev":{"confidence_interval":{"confidence_level":0.95,"lower_bound":0.20275766777698506,"upper_bound":0.8785275733231022},"point_estimate":0.6106205140408807,"standard_error":0.17409136732130714}}