{"Mean":{"confidence_interval":{"confidence_level":0.95,"lower_bound":2252347.5695910593,"upper_bound":2397237.8430732894},"point_estimate":2325959.8928139117,"standard_error":36954.03188979449},"Median":{"confidence_interval":{"confidence_level":0.95,"lower_bound":2245770.064102564,"upper_bound":2382372.7272727275},"point_estimate":2284093.541666667,"standard_error":39167.04435225779},"MedianAbsDev":{"confidence_interval":{"confidence_level":0.95,"lower_bound":92052.18941631472,"upper_bound":276297.5428947382},"point_estimate":145708.71799269816,"standard_error":45925.795421986},"Slope":{"confidence_interval":{"confidence_level":0.95,"lower_bound":2382055.0061194696,"upper_bound":2530075.4390959633},"point_estimate":2466339.3421470122,"standard_error":37937.83864469009},"StdDev":{"confidence_interval":{"confidence_level":0.95,"lower_bound":137709.34987263105,"upper_bound":270469.5497306957},"point_estimate":205640.5145941601,"standard_error":35211.720376319805}}