{"Mean":{"confidence_interval":{"confidence_level":0.95,"lower_bound":44747.483148059524,"upper_bound":45254.788947729976},"point_estimate":44993.53436679075,"standard_error":129.12427217519132},"Median":{"confidence_interval":{"confidence_level":0.95,"lower_bound":44630.13652357495,"upper_bound":45227.03069344449},"point_estimate":44969.52627257799,"standard_error":179.6081758603243},"MedianAbsDev":{"confidence_interval":{"confidence_level":0.95,"lower_bound":354.2600307342161,"upper_bound":928.3547123856047},"point_estimate":554.5548354330175,"standard_error":136.95383014253764},"Slope":{"confidence_interval":{"confidence_level":0.95,"lower_bound":44585.490171266196,"upper_bound":44997.96348531232},"point_estimate":44794.716013297046,"standard_error":105.00588566530772},"StdDev":{"confidence_interval":{"confidence_level":0.95,"lower_bound":509.0133246217846,"upper_bound":936.3736858641364},"point_estimate":743.7791558280999,"standard_error":110.32123734911497}}