{"Mean":{"confidence_interval":{"confidence_level":0.95,"lower_bound":286258.1487839771,"upper_bound":302741.4128755365},"point_estimate":293978.5430615165,"standard_error":4358.651610746439},"Median":{"confidence_interval":{"confidence_level":0.95,"lower_bound":284186.5522174535,"upper_bound":310854.16309012874},"point_estimate":293707.4248927039,"standard_error":6685.591787192813},"MedianAbsDev":{"confidence_interval":{"confidence_level":0.95,"lower_bound":0.0,"upper_bound":18314.432334081328},"point_estimate":13495.095829083757,"standard_error":6819.729170482353},"Slope":{"confidence_interval":{"confidence_level":0.95,"lower_bound":284972.06934275856,"upper_bound":296848.41814837523},"point_estimate":291100.5680842762,"standard_error":3418.3375140969565},"StdDev":{"confidence_interval":{"confidence_level":0.95,"lower_bound":4121.462958988605,"upper_bound":14454.627349615312},"point_estimate":10899.114353042556,"standard_error":3170.225846941976}}