{"Mean":{"confidence_interval":{"confidence_level":0.95,"lower_bound":938.3527713372367,"upper_bound":950.7396693751573},"point_estimate":943.8482658800384,"standard_error":3.1956518395533147},"Median":{"confidence_interval":{"confidence_level":0.95,"lower_bound":935.0245270409212,"upper_bound":942.175607478237},"point_estimate":937.3536937075879,"standard_error":1.7906022952647613},"MedianAbsDev":{"confidence_interval":{"confidence_level":0.95,"lower_bound":3.89390505759156,"upper_bound":11.89818146755329},"point_estimate":7.397519296068275,"standard_error":1.906004521047599},"Slope":{"confidence_interval":{"confidence_level":0.95,"lower_bound":936.1791511283552,"upper_bound":943.3760700505262},"point_estimate":939.6798106222382,"standard_error":1.8486172717922849},"StdDev":{"confidence_interval":{"confidence_level":0.95,"lower_bound":6.76276684851558,"upper_bound":26.15883373634686},"point_estimate":18.412368882759385,"standard_error":4.9531860674105985}}