{"Mean":{"confidence_interval":{"confidence_level":0.95,"lower_bound":-0.17821614989654896,"upper_bound":-0.09351990211878691},"point_estimate":-0.13705869004643878,"standard_error":0.02158745273974489},"Median":{"confidence_interval":{"confidence_level":0.95,"lower_bound":-0.1868206205380213,"upper_bound":-0.06659175992409883},"point_estimate":-0.11419440695044902,"standard_error":0.023150971040718536}}