{"Mean":{"confidence_interval":{"confidence_level":0.95,"lower_bound":191.51190732336912,"upper_bound":197.14329290916453},"point_estimate":193.58858268104063,"standard_error":1.5960089521656866},"Median":{"confidence_interval":{"confidence_level":0.95,"lower_bound":190.7708619738331,"upper_bound":192.67405958667769},"point_estimate":191.6436166454464,"standard_error":0.5212642072325603},"MedianAbsDev":{"confidence_interval":{"confidence_level":0.95,"lower_bound":0.8623024879876151,"upper_bound":2.370194456139071},"point_estimate":1.6188219205024275,"standard_error":0.38844006686487914},"Slope":{"confidence_interval":{"confidence_level":0.95,"lower_bound":190.74194938528717,"upper_bound":191.78486119646962},"point_estimate":191.2263774122519,"standard_error":0.26620860722820494},"StdDev":{"confidence_interval":{"confidence_level":0.95,"lower_bound":1.2631000164011779,"upper_bound":15.174593278813157},"point_estimate":9.150514561973829,"standard_error":4.719996329763126}}