{"Mean":{"confidence_interval":{"confidence_level":0.95,"lower_bound":13677.477078573485,"upper_bound":13824.829672436572},"point_estimate":13744.889579353656,"standard_error":37.815957528926624},"Median":{"confidence_interval":{"confidence_level":0.95,"lower_bound":13615.79971026835,"upper_bound":13683.35162071535},"point_estimate":13639.490223546945,"standard_error":23.62050252942983},"MedianAbsDev":{"confidence_interval":{"confidence_level":0.95,"lower_bound":8.62983977227628,"upper_bound":106.76315281023804},"point_estimate":43.41535506976069,"standard_error":33.012943678382484},"Slope":{"confidence_interval":{"confidence_level":0.95,"lower_bound":13632.691515510796,"upper_bound":13681.714280015934},"point_estimate":13654.923516721728,"standard_error":12.537311727361207},"StdDev":{"confidence_interval":{"confidence_level":0.95,"lower_bound":119.34639116424864,"upper_bound":291.5757927204403},"point_estimate":216.68700289517125,"standard_error":44.55738387068785}}