{"Mean":{"confidence_interval":{"confidence_level":0.95,"lower_bound":1320911.9324606557,"upper_bound":1359649.0180488508},"point_estimate":1336711.6402896596,"standard_error":10204.33377743961},"Median":{"confidence_interval":{"confidence_level":0.95,"lower_bound":1318755.9296875,"upper_bound":1325309.9708333334},"point_estimate":1322452.3616071427,"standard_error":1572.611339818466},"MedianAbsDev":{"confidence_interval":{"confidence_level":0.95,"lower_bound":4858.510615150525,"upper_bound":12230.258621377514},"point_estimate":8813.852680542326,"standard_error":1798.9069096918765},"Slope":{"confidence_interval":{"confidence_level":0.95,"lower_bound":1316989.6912364175,"upper_bound":1322830.5321430834},"point_estimate":1319920.4157670455,"standard_error":1489.5395248717668},"StdDev":{"confidence_interval":{"confidence_level":0.95,"lower_bound":7193.543268989698,"upper_bound":92190.6083432487},"point_estimate":58737.20284963951,"standard_error":23492.85815444269}}