{"Mean":{"confidence_interval":{"confidence_level":0.95,"lower_bound":1177.4535432713965,"upper_bound":1188.1239201291435},"point_estimate":1182.668976495149,"standard_error":2.7132927522131527},"Median":{"confidence_interval":{"confidence_level":0.95,"lower_bound":1177.6103563851598,"upper_bound":1187.813480178044},"point_estimate":1183.043604581152,"standard_error":2.788829141515186},"MedianAbsDev":{"confidence_interval":{"confidence_level":0.95,"lower_bound":6.31638532153203,"upper_bound":15.86758001222316},"point_estimate":10.190300998419652,"standard_error":2.4783710606644758},"Slope":{"confidence_interval":{"confidence_level":0.95,"lower_bound":1172.912802255493,"upper_bound":1185.4569178863683},"point_estimate":1179.76426412412,"standard_error":3.223558683479857},"StdDev":{"confidence_interval":{"confidence_level":0.95,"lower_bound":9.376639137607587,"upper_bound":20.608024093933864},"point_estimate":15.603648216668686,"standard_error":2.86627790256956}}