{"Mean":{"confidence_interval":{"confidence_level":0.95,"lower_bound":206910.68953356755,"upper_bound":210100.21134482915},"point_estimate":208335.16736378407,"standard_error":821.6160292227764},"Median":{"confidence_interval":{"confidence_level":0.95,"lower_bound":206029.88785706527,"upper_bound":208034.77777777778},"point_estimate":206588.86843434343,"standard_error":514.4435655666712},"MedianAbsDev":{"confidence_interval":{"confidence_level":0.95,"lower_bound":856.7398632746573,"upper_bound":2926.907059753778},"point_estimate":1646.5953151468286,"standard_error":619.5630708923942},"Slope":{"confidence_interval":{"confidence_level":0.95,"lower_bound":205788.8362620947,"upper_bound":206982.31724499783},"point_estimate":206358.65984980928,"standard_error":304.7486220141732},"StdDev":{"confidence_interval":{"confidence_level":0.95,"lower_bound":2275.870851500543,"upper_bound":6772.144696125527},"point_estimate":4718.059234377987,"standard_error":1265.529382702769}}