{"Mean":{"confidence_interval":{"confidence_level":0.95,"lower_bound":290467.1978169236,"upper_bound":354075.4384280819},"point_estimate":321956.7063261368,"standard_error":16262.335362997774},"Median":{"confidence_interval":{"confidence_level":0.95,"lower_bound":245768.7441860465,"upper_bound":385689.2153457772},"point_estimate":321542.40591966175,"standard_error":39650.74224562166},"MedianAbsDev":{"confidence_interval":{"confidence_level":0.95,"lower_bound":50241.51770923506,"upper_bound":158848.7337682433},"point_estimate":139164.7844956925,"standard_error":31569.7819638121},"Slope":{"confidence_interval":{"confidence_level":0.95,"lower_bound":259202.4198125902,"upper_bound":338037.06365582265},"point_estimate":292521.7758903887,"standard_error":20181.080236332495},"StdDev":{"confidence_interval":{"confidence_level":0.95,"lower_bound":80083.29840629335,"upper_bound":103138.40229004146},"point_estimate":94036.00717115367,"standard_error":5868.597441313605}}