{"Mean":{"confidence_interval":{"confidence_level":0.95,"lower_bound":38.632008999819405,"upper_bound":39.32141344708351},"point_estimate":38.91479688955779,"standard_error":0.18047433641507668},"Median":{"confidence_interval":{"confidence_level":0.95,"lower_bound":38.63432448886125,"upper_bound":38.85100497305539},"point_estimate":38.7416482234449,"standard_error":0.057465296450837214},"MedianAbsDev":{"confidence_interval":{"confidence_level":0.95,"lower_bound":0.14999609889899393,"upper_bound":0.48912689062032805},"point_estimate":0.3269159258332346,"standard_error":0.0939609779206588},"Slope":{"confidence_interval":{"confidence_level":0.95,"lower_bound":38.49635611304118,"upper_bound":38.753562759350714},"point_estimate":38.625222862112956,"standard_error":0.06572478632015315},"StdDev":{"confidence_interval":{"confidence_level":0.95,"lower_bound":0.25559079279797775,"upper_bound":1.6316828029384216},"point_estimate":1.0415483274986421,"standard_error":0.40201395213424057}}