{"Mean":{"confidence_interval":{"confidence_level":0.95,"lower_bound":8.418506669356635,"upper_bound":8.651954690953607},"point_estimate":8.51932092042543,"standard_error":0.0602935383448016},"Median":{"confidence_interval":{"confidence_level":0.95,"lower_bound":8.372231003265899,"upper_bound":8.483802803776058},"point_estimate":8.43848451059397,"standard_error":0.028167635051617877},"MedianAbsDev":{"confidence_interval":{"confidence_level":0.95,"lower_bound":0.07913357977116015,"upper_bound":0.22761962176846554},"point_estimate":0.14242000603964122,"standard_error":0.036711564191170394},"Slope":{"confidence_interval":{"confidence_level":0.95,"lower_bound":8.365613206462779,"upper_bound":8.48769781950476},"point_estimate":8.420901273594309,"standard_error":0.031279035766586846},"StdDev":{"confidence_interval":{"confidence_level":0.95,"lower_bound":0.11853975866540223,"upper_bound":0.516619663892367},"point_estimate":0.3462613085460734,"standard_error":0.10703487617903214}}