{"Mean":{"confidence_interval":{"confidence_level":0.95,"lower_bound":1374937.5669170762,"upper_bound":1473447.5323021885},"point_estimate":1424557.2969220711,"standard_error":24847.80352826396},"Median":{"confidence_interval":{"confidence_level":0.95,"lower_bound":1376490.253968254,"upper_bound":1466145.9523809524},"point_estimate":1444238.63768797,"standard_error":24358.877304089172},"MedianAbsDev":{"confidence_interval":{"confidence_level":0.95,"lower_bound":31234.61986039414,"upper_bound":108772.04019224351},"point_estimate":73746.36823892203,"standard_error":21296.146184096055},"Slope":{"confidence_interval":{"confidence_level":0.95,"lower_bound":1445974.6444418721,"upper_bound":1471607.753932109},"point_estimate":1461187.3535714287,"standard_error":6548.123021748445},"StdDev":{"confidence_interval":{"confidence_level":0.95,"lower_bound":57067.26704300807,"upper_bound":211243.46510350774},"point_estimate":142602.17238334895,"standard_error":40723.943426522725}}