{"Mean":{"confidence_interval":{"confidence_level":0.95,"lower_bound":570.0745529181581,"upper_bound":639.0854898061567},"point_estimate":603.6413647940898,"standard_error":17.667488486449688},"Median":{"confidence_interval":{"confidence_level":0.95,"lower_bound":523.6748669701859,"upper_bound":641.0897093340039},"point_estimate":540.280297557301,"standard_error":35.03319742951052},"MedianAbsDev":{"confidence_interval":{"confidence_level":0.95,"lower_bound":11.640311922717785,"upper_bound":170.4247644432354},"point_estimate":36.7335690576518,"standard_error":46.60796563476141},"Slope":{"confidence_interval":{"confidence_level":0.95,"lower_bound":526.3969923155564,"upper_bound":545.8428030711605},"point_estimate":533.6021028994058,"standard_error":4.98008770596577},"StdDev":{"confidence_interval":{"confidence_level":0.95,"lower_bound":78.60059783180684,"upper_bound":115.54347183886173},"point_estimate":101.61382013828684,"standard_error":9.426444394663982}}