{"Mean":{"confidence_interval":{"confidence_level":0.95,"lower_bound":20813.328848747242,"upper_bound":21359.00023728369},"point_estimate":21052.295032355833,"standard_error":140.4126079643551},"Median":{"confidence_interval":{"confidence_level":0.95,"lower_bound":20669.295302013423,"upper_bound":21157.983780760627},"point_estimate":20881.6549483328,"standard_error":112.50302104992825},"MedianAbsDev":{"confidence_interval":{"confidence_level":0.95,"lower_bound":304.20569598349886,"upper_bound":762.6541547399395},"point_estimate":537.2840072939513,"standard_error":110.34612274470486},"Slope":{"confidence_interval":{"confidence_level":0.95,"lower_bound":20950.981832776022,"upper_bound":21246.13883038301},"point_estimate":21103.536435600196,"standard_error":74.81579930743116},"StdDev":{"confidence_interval":{"confidence_level":0.95,"lower_bound":383.3830308815438,"upper_bound":1195.996669025853},"point_estimate":803.3925896734359,"standard_error":241.79830903205178}}