{"Mean":{"confidence_interval":{"confidence_level":0.95,"lower_bound":44797844.44444444,"upper_bound":46969920.44444444},"point_estimate":45625578.111111104,"standard_error":603679.720032368},"Median":{"confidence_interval":{"confidence_level":0.95,"lower_bound":44672800.0,"upper_bound":48292926.666666664},"point_estimate":45191341.666666664,"standard_error":789579.5413134146},"MedianAbsDev":{"confidence_interval":{"confidence_level":0.95,"lower_bound":0.0,"upper_bound":831771.5318997726},"point_estimate":673606.9430410825,"standard_error":325095.9082689378},"Slope":{"confidence_interval":{"confidence_level":0.95,"lower_bound":44965578.94736842,"upper_bound":47926431.76470588},"point_estimate":46565633.333333336,"standard_error":964256.8896260565},"StdDev":{"confidence_interval":{"confidence_level":0.95,"lower_bound":208749.27107694081,"upper_bound":1959557.798079283},"point_estimate":1512790.4243107685,"standard_error":664402.9411310224}}