{"Mean":{"confidence_interval":{"confidence_level":0.95,"lower_bound":0.036656472736484855,"upper_bound":0.05603902399465502},"point_estimate":0.04719977220681382,"standard_error":0.0049312198873925055},"Median":{"confidence_interval":{"confidence_level":0.95,"lower_bound":0.046845824029005945,"upper_bound":0.054959037111345754},"point_estimate":0.050635618463706455,"standard_error":0.002053128683152864}}