{"Mean":{"confidence_interval":{"confidence_level":0.95,"lower_bound":17.86740984965516,"upper_bound":18.410053329358508},"point_estimate":18.128646206121047,"standard_error":0.13877900910226623},"Median":{"confidence_interval":{"confidence_level":0.95,"lower_bound":17.54419478385894,"upper_bound":18.239888189328656},"point_estimate":17.83834561668354,"standard_error":0.16285383274994886},"MedianAbsDev":{"confidence_interval":{"confidence_level":0.95,"lower_bound":0.2571117212549141,"upper_bound":1.1388662519105812},"point_estimate":0.6267383097879158,"standard_error":0.20497081885426024},"Slope":{"confidence_interval":{"confidence_level":0.95,"lower_bound":17.900470557863756,"upper_bound":18.707411967944115},"point_estimate":18.30811531480926,"standard_error":0.20655354871783457},"StdDev":{"confidence_interval":{"confidence_level":0.95,"lower_bound":0.5940487325923549,"upper_bound":0.917937534998936},"point_estimate":0.7940183937331269,"standard_error":0.08307087483269242}}