{"Mean":{"confidence_interval":{"confidence_level":0.95,"lower_bound":1693.2244875873644,"upper_bound":1735.3497818756807},"point_estimate":1711.5681848378592,"standard_error":10.905091319435932},"Median":{"confidence_interval":{"confidence_level":0.95,"lower_bound":1677.5675867380025,"upper_bound":1718.0021830470191},"point_estimate":1687.1528960806113,"standard_error":11.208038794744382},"MedianAbsDev":{"confidence_interval":{"confidence_level":0.95,"lower_bound":5.394359736616617,"upper_bound":54.09356286855511},"point_estimate":20.1331899366803,"standard_error":13.11227701271193},"Slope":{"confidence_interval":{"confidence_level":0.95,"lower_bound":1681.5558323457458,"upper_bound":1700.725082794471},"point_estimate":1689.8839809023661,"standard_error":4.909352852624269},"StdDev":{"confidence_interval":{"confidence_level":0.95,"lower_bound":23.882558592320464,"upper_bound":93.42548830055607},"point_estimate":62.74810554012347,"standard_error":19.3248609729248}}