{"Mean":{"confidence_interval":{"confidence_level":0.95,"lower_bound":-0.12779921838590008,"upper_bound":-0.07669813897095773},"point_estimate":-0.10380026132358455,"standard_error":0.013061380243384173},"Median":{"confidence_interval":{"confidence_level":0.95,"lower_bound":-0.1432022503927557,"upper_bound":-0.0920352501437016},"point_estimate":-0.12029608163159888,"standard_error":0.012163328173618478}}