{"Mean":{"confidence_interval":{"confidence_level":0.95,"lower_bound":6959.886432511862,"upper_bound":7032.423311787949},"point_estimate":6994.021552779848,"standard_error":18.53871667063006},"Median":{"confidence_interval":{"confidence_level":0.95,"lower_bound":6927.808397166087,"upper_bound":6974.482166241643},"point_estimate":6931.888720621682,"standard_error":14.708962611839919},"MedianAbsDev":{"confidence_interval":{"confidence_level":0.95,"lower_bound":7.000600622808091,"upper_bound":82.5504157935023},"point_estimate":14.873721508871306,"standard_error":21.28397808352563},"Slope":{"confidence_interval":{"confidence_level":0.95,"lower_bound":6932.033654571216,"upper_bound":6960.616193142176},"point_estimate":6944.202056680999,"standard_error":7.421873205597225},"StdDev":{"confidence_interval":{"confidence_level":0.95,"lower_bound":72.2643255272253,"upper_bound":127.8920809701932},"point_estimate":106.23849631879304,"standard_error":14.268926106215893}}