{"Mean":{"confidence_interval":{"confidence_level":0.95,"lower_bound":6962.282237824966,"upper_bound":7115.524141645569},"point_estimate":7028.402259566935,"standard_error":39.57649321687145},"Median":{"confidence_interval":{"confidence_level":0.95,"lower_bound":6920.3560854663465,"upper_bound":7010.7764803471155},"point_estimate":6927.365372057625,"standard_error":25.313309788759646},"MedianAbsDev":{"confidence_interval":{"confidence_level":0.95,"lower_bound":6.260497234438708,"upper_bound":128.33695083829656},"point_estimate":18.53178705907159,"standard_error":34.13524462522459},"Slope":{"confidence_interval":{"confidence_level":0.95,"lower_bound":6940.422546433917,"upper_bound":6994.3717943750435},"point_estimate":6966.342627758918,"standard_error":13.813934758340672},"StdDev":{"confidence_interval":{"confidence_level":0.95,"lower_bound":66.84520781046714,"upper_bound":333.4334209629077},"point_estimate":228.06520547902267,"standard_error":71.47035796252891}}