{"Mean":{"confidence_interval":{"confidence_level":0.95,"lower_bound":81.3341212908461,"upper_bound":82.62964384702876},"point_estimate":81.91000122153206,"standard_error":0.3345881932703097},"Median":{"confidence_interval":{"confidence_level":0.95,"lower_bound":81.05776641441172,"upper_bound":81.60149831415154},"point_estimate":81.20663361961896,"standard_error":0.171983284258742},"MedianAbsDev":{"confidence_interval":{"confidence_level":0.95,"lower_bound":0.2523904085963131,"upper_bound":0.9081386245598566},"point_estimate":0.5325671314854636,"standard_error":0.17032194067293283},"Slope":{"confidence_interval":{"confidence_level":0.95,"lower_bound":81.27829337922974,"upper_bound":83.1484715714254},"point_estimate":82.09432419596018,"standard_error":0.47974925890258824},"StdDev":{"confidence_interval":{"confidence_level":0.95,"lower_bound":0.8012867924455016,"upper_bound":2.743405519937797},"point_estimate":1.9272524075527426,"standard_error":0.5031543610511355}}