{"Mean":{"confidence_interval":{"confidence_level":0.95,"lower_bound":6634.372666820823,"upper_bound":6771.897054749683},"point_estimate":6692.7381012133255,"standard_error":35.676806030859254},"Median":{"confidence_interval":{"confidence_level":0.95,"lower_bound":6604.28296702512,"upper_bound":6688.769056289668},"point_estimate":6651.543136336836,"standard_error":18.9582278125037},"MedianAbsDev":{"confidence_interval":{"confidence_level":0.95,"lower_bound":52.746720751755895,"upper_bound":132.7803728942303},"point_estimate":82.25027324770402,"standard_error":20.89309097877914},"Slope":{"confidence_interval":{"confidence_level":0.95,"lower_bound":6592.9510332551345,"upper_bound":6649.120999123891},"point_estimate":6619.283771754465,"standard_error":14.37238899757503},"StdDev":{"confidence_interval":{"confidence_level":0.95,"lower_bound":72.17276308282382,"upper_bound":314.18594048227914},"point_estimate":204.84272359511678,"standard_error":70.71550685105854}}