{"Mean":{"confidence_interval":{"confidence_level":0.95,"lower_bound":49.08874277336732,"upper_bound":50.1167295703879},"point_estimate":49.47431104946329,"standard_error":0.2903993661375972},"Median":{"confidence_interval":{"confidence_level":0.95,"lower_bound":48.982415222140794,"upper_bound":49.464790570984086},"point_estimate":49.22707135174322,"standard_error":0.12865921513990486},"MedianAbsDev":{"confidence_interval":{"confidence_level":0.95,"lower_bound":0.20640375329115385,"upper_bound":0.5730122760720813},"point_estimate":0.42534399434981257,"standard_error":0.0922307616311394},"Slope":{"confidence_interval":{"confidence_level":0.95,"lower_bound":48.929542381505115,"upper_bound":49.22676423865621},"point_estimate":49.08827921037336,"standard_error":0.07633944188128824},"StdDev":{"confidence_interval":{"confidence_level":0.95,"lower_bound":0.3112639088610159,"upper_bound":2.7787495221927614},"point_estimate":1.6727060668291118,"standard_error":0.8534488971189095}}