{"Mean":{"confidence_interval":{"confidence_level":0.95,"lower_bound":48.999293561956385,"upper_bound":49.9687869525524},"point_estimate":49.40986644343483,"standard_error":0.2523570011232122},"Median":{"confidence_interval":{"confidence_level":0.95,"lower_bound":48.962252540908565,"upper_bound":49.11122374912679},"point_estimate":49.04930351572169,"standard_error":0.04503792299170261},"MedianAbsDev":{"confidence_interval":{"confidence_level":0.95,"lower_bound":0.12130934021010087,"upper_bound":0.5642549571911967},"point_estimate":0.2914479393551016,"standard_error":0.1304383002181345},"Slope":{"confidence_interval":{"confidence_level":0.95,"lower_bound":48.74111832596321,"upper_bound":49.023891118838144},"point_estimate":48.875863088145806,"standard_error":0.0723842027481716},"StdDev":{"confidence_interval":{"confidence_level":0.95,"lower_bound":0.4142657969901133,"upper_bound":2.218147459599399},"point_estimate":1.4529454686763552,"standard_error":0.5024564077874482}}