{"Mean":{"confidence_interval":{"confidence_level":0.95,"lower_bound":17163845.23076923,"upper_bound":18046849.333333332},"point_estimate":17605347.28205128,"standard_error":230807.3499810332},"Median":{"confidence_interval":{"confidence_level":0.95,"lower_bound":16828242.307692308,"upper_bound":18230302.564102564},"point_estimate":17621649.230769232,"standard_error":378909.3352114938},"MedianAbsDev":{"confidence_interval":{"confidence_level":0.95,"lower_bound":0.0,"upper_bound":902389.4159793835},"point_estimate":673614.7361947898,"standard_error":296643.6478943896},"Slope":{"confidence_interval":{"confidence_level":0.95,"lower_bound":16982863.967611335,"upper_bound":18149035.61253561},"point_estimate":17517097.48251748,"standard_error":276815.9742213474},"StdDev":{"confidence_interval":{"confidence_level":0.95,"lower_bound":203190.1210735723,"upper_bound":714378.243792099},"point_estimate":576265.8143683507,"standard_error":135686.17879860892}}