{"Mean":{"confidence_interval":{"confidence_level":0.95,"lower_bound":3614.1184115701008,"upper_bound":3698.188051672558},"point_estimate":3649.3714657593678,"standard_error":21.834736052257934},"Median":{"confidence_interval":{"confidence_level":0.95,"lower_bound":3578.7474355925488,"upper_bound":3648.14774078478},"point_estimate":3621.4218247676927,"standard_error":17.857127537538826},"MedianAbsDev":{"confidence_interval":{"confidence_level":0.95,"lower_bound":13.8468748297655,"upper_bound":95.39040317474601},"point_estimate":70.74175518895638,"standard_error":20.73641184181531},"Slope":{"confidence_interval":{"confidence_level":0.95,"lower_bound":3586.4607010525583,"upper_bound":3614.6010279304214},"point_estimate":3599.0152727771633,"standard_error":7.22006562318101},"StdDev":{"confidence_interval":{"confidence_level":0.95,"lower_bound":49.13933454721161,"upper_bound":194.59094042497372},"point_estimate":125.66397786044094,"standard_error":45.33279812613057}}