{"Mean":{"confidence_interval":{"confidence_level":0.95,"lower_bound":3570.2440731463253,"upper_bound":3626.985919808709},"point_estimate":3591.0632394515887,"standard_error":16.229391538193987},"Median":{"confidence_interval":{"confidence_level":0.95,"lower_bound":3570.7414039185155,"upper_bound":3575.51964721067},"point_estimate":3572.334517321915,"standard_error":1.6010402746324466},"MedianAbsDev":{"confidence_interval":{"confidence_level":0.95,"lower_bound":3.688248776482463,"upper_bound":17.485100225477193},"point_estimate":5.994661970256635,"standard_error":4.012720559725218},"Slope":{"confidence_interval":{"confidence_level":0.95,"lower_bound":3564.9453770462046,"upper_bound":3577.873413726779},"point_estimate":3571.5702751267804,"standard_error":3.284391471670298},"StdDev":{"confidence_interval":{"confidence_level":0.95,"lower_bound":11.65442046615882,"upper_bound":155.12022576304608},"point_estimate":93.2839322381212,"standard_error":48.825711459614865}}