{"Mean":{"confidence_interval":{"confidence_level":0.95,"lower_bound":190104.58507879515,"upper_bound":191412.40773987633},"point_estimate":190846.9609016557,"standard_error":348.87179007381377},"Median":{"confidence_interval":{"confidence_level":0.95,"lower_bound":189411.53500897667,"upper_bound":191628.56572910433},"point_estimate":191264.99102333933,"standard_error":490.08632395765574},"MedianAbsDev":{"confidence_interval":{"confidence_level":0.95,"lower_bound":0.0,"upper_bound":1436.3592982577768},"point_estimate":539.0358491973905,"standard_error":433.8238535171759},"Slope":{"confidence_interval":{"confidence_level":0.95,"lower_bound":189640.7382909698,"upper_bound":191450.30204487202},"point_estimate":190741.3709809042,"standard_error":499.3580702173639},"StdDev":{"confidence_interval":{"confidence_level":0.95,"lower_bound":161.50397388514168,"upper_bound":1157.494543910629},"point_estimate":874.6535892603165,"standard_error":298.6638190434563}}