{"Mean":{"confidence_interval":{"confidence_level":0.95,"lower_bound":3007.2064331069323,"upper_bound":3149.940168655364},"point_estimate":3075.68841983313,"standard_error":36.48586575091193},"Median":{"confidence_interval":{"confidence_level":0.95,"lower_bound":2925.4174812030074,"upper_bound":3176.7050309597525},"point_estimate":2950.91936417842,"standard_error":64.17429362251335},"MedianAbsDev":{"confidence_interval":{"confidence_level":0.95,"lower_bound":32.964181748360325,"upper_bound":310.9638137288236},"point_estimate":94.200375109581,"standard_error":74.22857734044591},"Slope":{"confidence_interval":{"confidence_level":0.95,"lower_bound":3030.7010290675253,"upper_bound":3195.17133210772},"point_estimate":3109.960803140358,"standard_error":41.98477976971243},"StdDev":{"confidence_interval":{"confidence_level":0.95,"lower_bound":154.92694946405032,"upper_bound":249.01610528000296},"point_estimate":209.18264681982598,"standard_error":24.069615398547565}}