{"Mean":{"confidence_interval":{"confidence_level":0.95,"lower_bound":185.3137762485007,"upper_bound":188.85031180014371},"point_estimate":186.78121057089513,"standard_error":0.9205814397242358},"Median":{"confidence_interval":{"confidence_level":0.95,"lower_bound":184.5403589837622,"upper_bound":186.04407160659835},"point_estimate":185.19077150807885,"standard_error":0.3796791273010665},"MedianAbsDev":{"confidence_interval":{"confidence_level":0.95,"lower_bound":0.9713655775382748,"upper_bound":3.212889561921987},"point_estimate":1.9742680219539046,"standard_error":0.5860775139981979},"Slope":{"confidence_interval":{"confidence_level":0.95,"lower_bound":184.5210944884466,"upper_bound":185.91294621430345},"point_estimate":185.16150477733663,"standard_error":0.3584915152291919},"StdDev":{"confidence_interval":{"confidence_level":0.95,"lower_bound":1.9520904176659284,"upper_bound":8.247813637927571},"point_estimate":5.2902282532531055,"standard_error":1.9802846884336591}}