{"Mean":{"confidence_interval":{"confidence_level":0.95,"lower_bound":2856498.650793651,"upper_bound":2966162.8571428573},"point_estimate":2903010.3174603176,"standard_error":28560.351888719568},"Median":{"confidence_interval":{"confidence_level":0.95,"lower_bound":2849842.261904762,"upper_bound":3023167.8571428573},"point_estimate":2878337.301587302,"standard_error":40369.017851954966},"MedianAbsDev":{"confidence_interval":{"confidence_level":0.95,"lower_bound":0.0,"upper_bound":91366.98837791145},"point_estimate":42246.74508330363,"standard_error":30588.263045036045},"Slope":{"confidence_interval":{"confidence_level":0.95,"lower_bound":2854796.4015151514,"upper_bound":2912786.9472789117},"point_estimate":2876672.012987013,"standard_error":16298.46810566224},"StdDev":{"confidence_interval":{"confidence_level":0.95,"lower_bound":12266.692197865248,"upper_bound":94065.44822750248},"point_estimate":71629.31411137473,"standard_error":25811.43870479266}}