{"Mean":{"confidence_interval":{"confidence_level":0.95,"lower_bound":39.20450450731229,"upper_bound":40.135809988921366},"point_estimate":39.583585114951504,"standard_error":0.24388779467170818},"Median":{"confidence_interval":{"confidence_level":0.95,"lower_bound":39.05979615437044,"upper_bound":39.23361304490221},"point_estimate":39.12069423511425,"standard_error":0.056305638549777194},"MedianAbsDev":{"confidence_interval":{"confidence_level":0.95,"lower_bound":0.08017115284585369,"upper_bound":0.42118367288671493},"point_estimate":0.17462586736818966,"standard_error":0.08887618141676537},"Slope":{"confidence_interval":{"confidence_level":0.95,"lower_bound":39.08173159801382,"upper_bound":39.32978356790359},"point_estimate":39.1987217091845,"standard_error":0.06342625385142743},"StdDev":{"confidence_interval":{"confidence_level":0.95,"lower_bound":0.29612154239246763,"upper_bound":2.187935935754845},"point_estimate":1.3983875913685728,"standard_error":0.5463929481606624}}