{"Mean":{"confidence_interval":{"confidence_level":0.95,"lower_bound":38.53926938500306,"upper_bound":39.11324370982908},"point_estimate":38.77059431527624,"standard_error":0.15024210698070564},"Median":{"confidence_interval":{"confidence_level":0.95,"lower_bound":38.42984261195434,"upper_bound":38.850705259521334},"point_estimate":38.627228532401716,"standard_error":0.12403962955629758},"MedianAbsDev":{"confidence_interval":{"confidence_level":0.95,"lower_bound":0.1770412526417433,"upper_bound":0.5403423218722353},"point_estimate":0.36893978885424245,"standard_error":0.0901573444724993},"Slope":{"confidence_interval":{"confidence_level":0.95,"lower_bound":38.44889829736542,"upper_bound":38.71356885996875},"point_estimate":38.57983180614833,"standard_error":0.06759257969911976},"StdDev":{"confidence_interval":{"confidence_level":0.95,"lower_bound":0.2750097673628097,"upper_bound":1.3793086628831575},"point_estimate":0.8637804303513519,"standard_error":0.35247963983510106}}