{"Mean":{"confidence_interval":{"confidence_level":0.95,"lower_bound":1536764.3383084578,"upper_bound":1683323.9800995025},"point_estimate":1591453.2205638476,"standard_error":40551.35507558835},"Median":{"confidence_interval":{"confidence_level":0.95,"lower_bound":1526320.4975124379,"upper_bound":1770586.5671641792},"point_estimate":1555498.8391376452,"standard_error":52701.086213398485},"MedianAbsDev":{"confidence_interval":{"confidence_level":0.95,"lower_bound":0.0,"upper_bound":59004.749788277215},"point_estimate":24844.367867382236,"standard_error":16987.560286103624},"Slope":{"confidence_interval":{"confidence_level":0.95,"lower_bound":1530933.9154228857,"upper_bound":1582611.154752553},"point_estimate":1542044.1429217549,"standard_error":14482.34156388857},"StdDev":{"confidence_interval":{"confidence_level":0.95,"lower_bound":9178.349487055766,"upper_bound":129353.94321612128},"point_estimate":101296.72523335123,"standard_error":45411.98692694302}}