{"Mean":{"confidence_interval":{"confidence_level":0.95,"lower_bound":4367021.496598244,"upper_bound":4571204.852572943},"point_estimate":4462645.908082851,"standard_error":52154.59686080876},"Median":{"confidence_interval":{"confidence_level":0.95,"lower_bound":4327223.697478991,"upper_bound":4444085.416487455},"point_estimate":4393706.697344322,"standard_error":27499.72605508298},"MedianAbsDev":{"confidence_interval":{"confidence_level":0.95,"lower_bound":79029.6043152129,"upper_bound":293964.60014724673},"point_estimate":153838.2468447859,"standard_error":60143.56696921719},"Slope":{"confidence_interval":{"confidence_level":0.95,"lower_bound":4334952.217920851,"upper_bound":4406921.572234078},"point_estimate":4373115.493618881,"standard_error":18337.100748111912},"StdDev":{"confidence_interval":{"confidence_level":0.95,"lower_bound":183881.34406085714,"upper_bound":390033.3814616109},"point_estimate":300511.1480639184,"standard_error":52957.4173841688}}