{"Mean":{"confidence_interval":{"confidence_level":0.95,"lower_bound":-0.02460038598542453,"upper_bound":-0.014749100103769766},"point_estimate":-0.019722950379937987,"standard_error":0.002502446205206934},"Median":{"confidence_interval":{"confidence_level":0.95,"lower_bound":-0.02351469916820914,"upper_bound":-0.017811882132766632},"point_estimate":-0.019954784041850138,"standard_error":0.001462252866826447}}