{"Mean":{"confidence_interval":{"confidence_level":0.95,"lower_bound":983.1746015801091,"upper_bound":990.8444654748723},"point_estimate":986.6272968050744,"standard_error":1.9685911185563698},"Median":{"confidence_interval":{"confidence_level":0.95,"lower_bound":982.5617967449884,"upper_bound":985.5602796530177},"point_estimate":983.3005882170962,"standard_error":0.6834059673156417},"MedianAbsDev":{"confidence_interval":{"confidence_level":0.95,"lower_bound":1.1745251426619732,"upper_bound":6.39532728018718},"point_estimate":3.7052319841791,"standard_error":1.292513113993987},"Slope":{"confidence_interval":{"confidence_level":0.95,"lower_bound":981.5646040589945,"upper_bound":994.1079020121821},"point_estimate":986.778406521874,"standard_error":3.3763296182716176},"StdDev":{"confidence_interval":{"confidence_level":0.95,"lower_bound":4.150948760921996,"upper_bound":15.477599377180123},"point_estimate":11.359312585134445,"standard_error":2.725913842089077}}