{"Mean":{"confidence_interval":{"confidence_level":0.95,"lower_bound":1011.1129902268333,"upper_bound":1038.6155795508746},"point_estimate":1022.0749639173722,"standard_error":7.260782704658211},"Median":{"confidence_interval":{"confidence_level":0.95,"lower_bound":1009.9312375788304,"upper_bound":1012.2217962293546},"point_estimate":1011.5001478803813,"standard_error":0.6607775756484703},"MedianAbsDev":{"confidence_interval":{"confidence_level":0.95,"lower_bound":1.8120287156232049,"upper_bound":6.348369234345137},"point_estimate":3.6401924512018495,"standard_error":1.1528921910915326},"Slope":{"confidence_interval":{"confidence_level":0.95,"lower_bound":1006.4788556449741,"upper_bound":1010.7423451641066},"point_estimate":1008.5029440490499,"standard_error":1.0915337669001117},"StdDev":{"confidence_interval":{"confidence_level":0.95,"lower_bound":4.935699947977725,"upper_bound":66.35469113193739},"point_estimate":41.80137088079666,"standard_error":17.493415851659197}}