{"Mean":{"confidence_interval":{"confidence_level":0.95,"lower_bound":14388.633043375803,"upper_bound":14729.074213915526},"point_estimate":14543.054492016881,"standard_error":87.14206503420706},"Median":{"confidence_interval":{"confidence_level":0.95,"lower_bound":14299.232101756512,"upper_bound":14504.448468941382},"point_estimate":14383.10776527934,"standard_error":46.93168364275116},"MedianAbsDev":{"confidence_interval":{"confidence_level":0.95,"lower_bound":115.44698579292675,"upper_bound":335.4001007875692},"point_estimate":209.71669560624835,"standard_error":58.95791445002284},"Slope":{"confidence_interval":{"confidence_level":0.95,"lower_bound":14263.785553811258,"upper_bound":14412.896703147082},"point_estimate":14339.02851068223,"standard_error":37.99449309932949},"StdDev":{"confidence_interval":{"confidence_level":0.95,"lower_bound":254.19059128353825,"upper_bound":698.3420607297448},"point_estimate":501.74503496955555,"standard_error":117.05628365030242}}