{"Mean":{"confidence_interval":{"confidence_level":0.95,"lower_bound":1642119.0455475175,"upper_bound":1672635.7281167319},"point_estimate":1653949.1332432886,"standard_error":8244.686363928278},"Median":{"confidence_interval":{"confidence_level":0.95,"lower_bound":1640821.7056277054,"upper_bound":1649784.326388889},"point_estimate":1646478.0833333335,"standard_error":2135.9463588667377},"MedianAbsDev":{"confidence_interval":{"confidence_level":0.95,"lower_bound":6340.372437600856,"upper_bound":18330.22213892822},"point_estimate":12525.106688076037,"standard_error":3066.2461562241538},"Slope":{"confidence_interval":{"confidence_level":0.95,"lower_bound":1637330.0901393224,"upper_bound":1649689.7384430263},"point_estimate":1643423.8440705128,"standard_error":3154.5698323568145},"StdDev":{"confidence_interval":{"confidence_level":0.95,"lower_bound":10644.085883998006,"upper_bound":77130.88883486397},"point_estimate":47248.09832953497,"standard_error":21744.30001937194}}