{"Mean":{"confidence_interval":{"confidence_level":0.95,"lower_bound":2144299.2159977676,"upper_bound":2589475.8767234473},"point_estimate":2358355.3039402254,"standard_error":113899.63862095059},"Median":{"confidence_interval":{"confidence_level":0.95,"lower_bound":1829086.6401515151,"upper_bound":2406486.736111111},"point_estimate":2191151.083333333,"standard_error":157899.07901231776},"MedianAbsDev":{"confidence_interval":{"confidence_level":0.95,"lower_bound":175904.26430871306,"upper_bound":956194.1742369811},"point_estimate":650650.4251497422,"standard_error":199964.46499214214},"Slope":{"confidence_interval":{"confidence_level":0.95,"lower_bound":1864072.80861542,"upper_bound":2238938.1713891877},"point_estimate":2009128.9585664335,"standard_error":96243.42696122189},"StdDev":{"confidence_interval":{"confidence_level":0.95,"lower_bound":488236.9689887547,"upper_bound":766873.1191846632},"point_estimate":654434.5494400703,"standard_error":71248.63080984965}}