{"Mean":{"confidence_interval":{"confidence_level":0.95,"lower_bound":812805.7346044104,"upper_bound":858037.5028759418},"point_estimate":830985.003522899,"standard_error":11987.017045710616},"Median":{"confidence_interval":{"confidence_level":0.95,"lower_bound":812054.4895833334,"upper_bound":814798.8333333334},"point_estimate":814121.8027777778,"standard_error":753.6679459743866},"MedianAbsDev":{"confidence_interval":{"confidence_level":0.95,"lower_bound":1938.0385290545075,"upper_bound":6069.826847226448},"point_estimate":4101.527629162482,"standard_error":1158.8629935569952},"Slope":{"confidence_interval":{"confidence_level":0.95,"lower_bound":810901.0139119789,"upper_bound":816591.2074468837},"point_estimate":813812.3802738928,"standard_error":1440.3697247395323},"StdDev":{"confidence_interval":{"confidence_level":0.95,"lower_bound":5598.785484684769,"upper_bound":107560.61563589626},"point_estimate":69158.38949963775,"standard_error":27860.823073205276}}