{"Mean":{"confidence_interval":{"confidence_level":0.95,"lower_bound":6.4467370731787215,"upper_bound":6.485450312873731},"point_estimate":6.464400046591842,"standard_error":0.009969303491703036},"Median":{"confidence_interval":{"confidence_level":0.95,"lower_bound":6.438502928848802,"upper_bound":6.4609036026422855},"point_estimate":6.448029573117952,"standard_error":0.006467407115924936},"MedianAbsDev":{"confidence_interval":{"confidence_level":0.95,"lower_bound":0.014193853493435542,"upper_bound":0.046909048941854735},"point_estimate":0.03571254496592368,"standard_error":0.009157117797672459},"Slope":{"confidence_interval":{"confidence_level":0.95,"lower_bound":6.428694366476424,"upper_bound":6.445962944259908},"point_estimate":6.4365206130411,"standard_error":0.004410545791535991},"StdDev":{"confidence_interval":{"confidence_level":0.95,"lower_bound":0.027211416510679952,"upper_bound":0.077122025406507},"point_estimate":0.057136685901706875,"standard_error":0.01254069666389583}}