{"Mean":{"confidence_interval":{"confidence_level":0.95,"lower_bound":8225.114947948627,"upper_bound":8608.212402575233},"point_estimate":8415.881889939626,"standard_error":98.07292689516264},"Median":{"confidence_interval":{"confidence_level":0.95,"lower_bound":7887.9791746496,"upper_bound":8908.066273928627},"point_estimate":8319.635712311238,"standard_error":279.2492684510207},"MedianAbsDev":{"confidence_interval":{"confidence_level":0.95,"lower_bound":190.5721856114691,"upper_bound":918.9810390305506},"point_estimate":774.7720559867473,"standard_error":204.1869541437234},"Slope":{"confidence_interval":{"confidence_level":0.95,"lower_bound":7991.428937311775,"upper_bound":8396.394259122926},"point_estimate":8182.360351271345,"standard_error":103.56764396552093},"StdDev":{"confidence_interval":{"confidence_level":0.95,"lower_bound":489.3912654565145,"upper_bound":605.7491793610002},"point_estimate":562.6392049204245,"standard_error":29.70959151583108}}