{"Mean":{"confidence_interval":{"confidence_level":0.95,"lower_bound":21021.250057111338,"upper_bound":21177.551044952263},"point_estimate":21090.92813802463,"standard_error":40.07392713305316},"Median":{"confidence_interval":{"confidence_level":0.95,"lower_bound":20979.664137729793,"upper_bound":21068.983706189414},"point_estimate":21031.558195509748,"standard_error":25.352305294264788},"MedianAbsDev":{"confidence_interval":{"confidence_level":0.95,"lower_bound":63.32259391495027,"upper_bound":166.9819412604195},"point_estimate":101.25022744928052,"standard_error":27.30084443519315},"Slope":{"confidence_interval":{"confidence_level":0.95,"lower_bound":20959.131436739135,"upper_bound":21068.224830816274},"point_estimate":21004.725651194443,"standard_error":28.362291791655256},"StdDev":{"confidence_interval":{"confidence_level":0.95,"lower_bound":97.61851037597062,"upper_bound":326.9037059927861},"point_estimate":230.2174783028051,"standard_error":59.29001938619944}}