{"Mean":{"confidence_interval":{"confidence_level":0.95,"lower_bound":61.61629062079262,"upper_bound":63.42616419907033},"point_estimate":62.44521110262241,"standard_error":0.4644466783337771},"Median":{"confidence_interval":{"confidence_level":0.95,"lower_bound":60.8945177320565,"upper_bound":62.54168963627881},"point_estimate":61.00280957942805,"standard_error":0.4564067720956161},"MedianAbsDev":{"confidence_interval":{"confidence_level":0.95,"lower_bound":0.10264635850813393,"upper_bound":2.4415549302598856},"point_estimate":0.37066873011533474,"standard_error":0.679128975932218},"Slope":{"confidence_interval":{"confidence_level":0.95,"lower_bound":61.024675623936204,"upper_bound":62.145244325141604},"point_estimate":61.51487572842063,"standard_error":0.2889846548700657},"StdDev":{"confidence_interval":{"confidence_level":0.95,"lower_bound":1.4574446829758392,"upper_bound":3.6594124530295895},"point_estimate":2.6794397406107433,"standard_error":0.5788925649629356}}