{"Mean":{"confidence_interval":{"confidence_level":0.95,"lower_bound":60.47607652130552,"upper_bound":61.28150877877652},"point_estimate":60.804542892208524,"standard_error":0.2111123503881587},"Median":{"confidence_interval":{"confidence_level":0.95,"lower_bound":60.527472491463996,"upper_bound":60.704742150482666},"point_estimate":60.67445249826701,"standard_error":0.04069712556842714},"MedianAbsDev":{"confidence_interval":{"confidence_level":0.95,"lower_bound":0.06266437127462736,"upper_bound":0.4566039962779936},"point_estimate":0.269158417846968,"standard_error":0.12751117534473466},"Slope":{"confidence_interval":{"confidence_level":0.95,"lower_bound":60.22600240282029,"upper_bound":60.64579189605217},"point_estimate":60.44391602800466,"standard_error":0.10748577532841314},"StdDev":{"confidence_interval":{"confidence_level":0.95,"lower_bound":0.3335261107765899,"upper_bound":1.9265233646339484},"point_estimate":1.2107830959597707,"standard_error":0.48875228553533306}}