{"Mean":{"confidence_interval":{"confidence_level":0.95,"lower_bound":56037.906814520196,"upper_bound":58001.726280349874},"point_estimate":56868.183123933646,"standard_error":509.7400348907384},"Median":{"confidence_interval":{"confidence_level":0.95,"lower_bound":55547.052597402595,"upper_bound":56971.09975757576},"point_estimate":56254.10184361093,"standard_error":415.48885734984935},"MedianAbsDev":{"confidence_interval":{"confidence_level":0.95,"lower_bound":815.7705595232225,"upper_bound":1908.788815599826},"point_estimate":1508.5975719870664,"standard_error":275.9660882125152},"Slope":{"confidence_interval":{"confidence_level":0.95,"lower_bound":55499.953807108,"upper_bound":56120.10484572806},"point_estimate":55783.79630642085,"standard_error":157.7649696334935},"StdDev":{"confidence_interval":{"confidence_level":0.95,"lower_bound":994.7074212147523,"upper_bound":4498.915005035925},"point_estimate":2929.576063929403,"standard_error":1020.9742013955641}}