{"Mean":{"confidence_interval":{"confidence_level":0.95,"lower_bound":115824.5536166026,"upper_bound":118627.71693482331},"point_estimate":117129.67957928816,"standard_error":717.9361212635199},"Median":{"confidence_interval":{"confidence_level":0.95,"lower_bound":114104.01219512195,"upper_bound":117357.26768292683},"point_estimate":116567.38162988774,"standard_error":957.6007811033777},"MedianAbsDev":{"confidence_interval":{"confidence_level":0.95,"lower_bound":601.3668073114123,"upper_bound":4765.889049458677},"point_estimate":3836.0429958328555,"standard_error":1239.3410074891153},"Slope":{"confidence_interval":{"confidence_level":0.95,"lower_bound":114702.99508616282,"upper_bound":116626.6147286841},"point_estimate":115593.41609670817,"standard_error":493.0623001549168},"StdDev":{"confidence_interval":{"confidence_level":0.95,"lower_bound":2443.644896307982,"upper_bound":5485.18275798585},"point_estimate":4123.681343636201,"standard_error":791.843748069389}}