{"Mean":{"confidence_interval":{"confidence_level":0.95,"lower_bound":991117.8557508773,"upper_bound":1035989.1965878424},"point_estimate":1013163.6539990542,"standard_error":11463.649641630715},"Median":{"confidence_interval":{"confidence_level":0.95,"lower_bound":958566.6074074074,"upper_bound":1041021.6666666666},"point_estimate":1019080.4776041666,"standard_error":24638.39628397622},"MedianAbsDev":{"confidence_interval":{"confidence_level":0.95,"lower_bound":34871.45429215789,"upper_bound":112268.27862183964},"point_estimate":96205.43716332722,"standard_error":20545.55365495088},"Slope":{"confidence_interval":{"confidence_level":0.95,"lower_bound":966575.6589824213,"upper_bound":1027540.3715145632},"point_estimate":996309.8947902098,"standard_error":15636.493509830678},"StdDev":{"confidence_interval":{"confidence_level":0.95,"lower_bound":53880.32004035672,"upper_bound":75537.33215532334},"point_estimate":66191.12648593396,"standard_error":5547.816620220414}}