{"Mean":{"confidence_interval":{"confidence_level":0.95,"lower_bound":111773.76080472373,"upper_bound":112765.67704519165},"point_estimate":112240.84542629859,"standard_error":253.7523944904301},"Median":{"confidence_interval":{"confidence_level":0.95,"lower_bound":111492.94489611563,"upper_bound":112652.54235627178},"point_estimate":112245.8787781538,"standard_error":276.2086900141464},"MedianAbsDev":{"confidence_interval":{"confidence_level":0.95,"lower_bound":792.5959728595137,"upper_bound":1730.2362372353357},"point_estimate":1431.7326694323042,"standard_error":232.328350403443},"Slope":{"confidence_interval":{"confidence_level":0.95,"lower_bound":111475.21869464665,"upper_bound":112304.49539694183},"point_estimate":111883.62879285349,"standard_error":211.84269668193954},"StdDev":{"confidence_interval":{"confidence_level":0.95,"lower_bound":919.7553219412459,"upper_bound":2009.8375179558955},"point_estimate":1459.6701175049348,"standard_error":301.4571854723233}}