{"Mean":{"confidence_interval":{"confidence_level":0.95,"lower_bound":410.18521327983734,"upper_bound":423.3875843624516},"point_estimate":415.36202254533436,"standard_error":3.5514239118951902},"Median":{"confidence_interval":{"confidence_level":0.95,"lower_bound":408.83549707926255,"upper_bound":414.67811785801484},"point_estimate":413.61939075517205,"standard_error":1.3900897757130866},"MedianAbsDev":{"confidence_interval":{"confidence_level":0.95,"lower_bound":2.066658464848446,"upper_bound":9.331117256080375},"point_estimate":6.265186499962495,"standard_error":1.8840473879012725},"Slope":{"confidence_interval":{"confidence_level":0.95,"lower_bound":408.12611035485526,"upper_bound":412.92753879640674},"point_estimate":410.1151419245132,"standard_error":1.2297030280357009},"StdDev":{"confidence_interval":{"confidence_level":0.95,"lower_bound":5.211924225986803,"upper_bound":33.29451672764091},"point_estimate":20.418280990827377,"standard_error":9.226191105094834}}