{"Mean":{"confidence_interval":{"confidence_level":0.95,"lower_bound":222.1114601424036,"upper_bound":229.29405530820716},"point_estimate":225.0485765308814,"standard_error":1.8984069228324822},"Median":{"confidence_interval":{"confidence_level":0.95,"lower_bound":220.07248358862145,"upper_bound":225.62482904814004},"point_estimate":221.9212340892338,"standard_error":1.6066168852145846},"MedianAbsDev":{"confidence_interval":{"confidence_level":0.95,"lower_bound":1.6656632724493305,"upper_bound":6.752792624295424},"point_estimate":4.376267880727949,"standard_error":1.4231251376220098},"Slope":{"confidence_interval":{"confidence_level":0.95,"lower_bound":220.56340489023083,"upper_bound":222.7135746060512},"point_estimate":221.64363573069065,"standard_error":0.5496245911145461},"StdDev":{"confidence_interval":{"confidence_level":0.95,"lower_bound":3.447931391977845,"upper_bound":17.26689995748582},"point_estimate":10.888558754045677,"standard_error":4.385204278206994}}