{"Mean":{"confidence_interval":{"confidence_level":0.95,"lower_bound":-0.19034545546070453,"upper_bound":-0.13769269677377777},"point_estimate":-0.17006093626488894,"standard_error":0.014390496229885906},"Median":{"confidence_interval":{"confidence_level":0.95,"lower_bound":-0.19239089639927986,"upper_bound":-0.1828916718498338},"point_estimate":-0.18961731760169243,"standard_error":0.0025178692844787845}}