{"Mean":{"confidence_interval":{"confidence_level":0.95,"lower_bound":2649647.7627966497,"upper_bound":2712187.426051858},"point_estimate":2674869.8530868567,"standard_error":16463.063872418217},"Median":{"confidence_interval":{"confidence_level":0.95,"lower_bound":2640979.1595238093,"upper_bound":2656006.8680555555},"point_estimate":2650477.098905724,"standard_error":4052.4115251504177},"MedianAbsDev":{"confidence_interval":{"confidence_level":0.95,"lower_bound":9869.819146489004,"upper_bound":27755.475211285986},"point_estimate":17539.43509992861,"standard_error":4505.966450206304},"Slope":{"confidence_interval":{"confidence_level":0.95,"lower_bound":2643124.7211868376,"upper_bound":2653748.8015194284},"point_estimate":2648226.0229676575,"standard_error":2709.5390202874005},"StdDev":{"confidence_interval":{"confidence_level":0.95,"lower_bound":16221.4819108857,"upper_bound":149582.8344273416},"point_estimate":94707.79549242416,"standard_error":38542.0581273518}}