{"Mean":{"confidence_interval":{"confidence_level":0.95,"lower_bound":3112.4938388118053,"upper_bound":3146.010588503361},"point_estimate":3127.4934728542994,"standard_error":8.596306947414789},"Median":{"confidence_interval":{"confidence_level":0.95,"lower_bound":3119.767513611615,"upper_bound":3130.3347509398495},"point_estimate":3126.57695018797,"standard_error":2.4365182219901507},"MedianAbsDev":{"confidence_interval":{"confidence_level":0.95,"lower_bound":7.010374529280784,"upper_bound":32.33152659370508},"point_estimate":13.458245611588124,"standard_error":6.947884921839264},"Slope":{"confidence_interval":{"confidence_level":0.95,"lower_bound":3096.3032629516947,"upper_bound":3118.7227181084845},"point_estimate":3107.490881905176,"standard_error":5.737827417205757},"StdDev":{"confidence_interval":{"confidence_level":0.95,"lower_bound":23.646611150377154,"upper_bound":73.03064772649068},"point_estimate":49.28864826775697,"standard_error":13.944831549500057}}