{"Mean":{"confidence_interval":{"confidence_level":0.95,"lower_bound":1929798.0167396432,"upper_bound":1990456.6243513362},"point_estimate":1960603.0119640583,"standard_error":15453.543702956169},"Median":{"confidence_interval":{"confidence_level":0.95,"lower_bound":1938505.7291666665,"upper_bound":2000619.8106060605},"point_estimate":1971307.5,"standard_error":16588.13850829528},"MedianAbsDev":{"confidence_interval":{"confidence_level":0.95,"lower_bound":36015.70686059337,"upper_bound":94655.7476103899},"point_estimate":63326.85476033913,"standard_error":14446.659494975052},"Slope":{"confidence_interval":{"confidence_level":0.95,"lower_bound":1986872.92535677,"upper_bound":2017437.0821037425},"point_estimate":2002609.4764674776,"standard_error":7756.213641969515},"StdDev":{"confidence_interval":{"confidence_level":0.95,"lower_bound":53937.8795596349,"upper_bound":112273.25804248983},"point_estimate":85994.77451019798,"standard_error":14859.805512914536}}