{"Mean":{"confidence_interval":{"confidence_level":0.95,"lower_bound":-0.13616821337579543,"upper_bound":-0.10060530935224508},"point_estimate":-0.11996720098507374,"standard_error":0.008882238677746604},"Median":{"confidence_interval":{"confidence_level":0.95,"lower_bound":-0.135631787603954,"upper_bound":-0.11257851158513377},"point_estimate":-0.12494951342769667,"standard_error":0.006201943892721955}}