{"Mean":{"confidence_interval":{"confidence_level":0.95,"lower_bound":184.78498648605373,"upper_bound":187.74257356016952},"point_estimate":185.95423126140594,"standard_error":0.7818985338044185},"Median":{"confidence_interval":{"confidence_level":0.95,"lower_bound":184.65735467736476,"upper_bound":185.72943203804334},"point_estimate":185.2663726379026,"standard_error":0.23925518223267078},"MedianAbsDev":{"confidence_interval":{"confidence_level":0.95,"lower_bound":0.7210818678470515,"upper_bound":2.1556145190256943},"point_estimate":1.2044873229886712,"standard_error":0.35108094314128324},"Slope":{"confidence_interval":{"confidence_level":0.95,"lower_bound":184.02562782241318,"upper_bound":185.12387790207626},"point_estimate":184.57654021482716,"standard_error":0.2798437111955703},"StdDev":{"confidence_interval":{"confidence_level":0.95,"lower_bound":1.2510890418678189,"upper_bound":7.230683951704237},"point_estimate":4.47697635951361,"standard_error":1.925648043105159}}