{"Mean":{"confidence_interval":{"confidence_level":0.95,"lower_bound":30.07127265293155,"upper_bound":30.86084818136708},"point_estimate":30.380049615374666,"standard_error":0.20949070209808335},"Median":{"confidence_interval":{"confidence_level":0.95,"lower_bound":29.980468445942144,"upper_bound":30.17360449980181},"point_estimate":30.076377055784185,"standard_error":0.05000534701388053},"MedianAbsDev":{"confidence_interval":{"confidence_level":0.95,"lower_bound":0.12230756301492517,"upper_bound":0.292709741060814},"point_estimate":0.21612117179258938,"standard_error":0.04743068389353713},"Slope":{"confidence_interval":{"confidence_level":0.95,"lower_bound":29.992232214927466,"upper_bound":30.125580707478818},"point_estimate":30.05703315448495,"standard_error":0.033989802520664796},"StdDev":{"confidence_interval":{"confidence_level":0.95,"lower_bound":0.16622069380356716,"upper_bound":1.9307207984271797},"point_estimate":1.2055143006135454,"standard_error":0.5279251981107262}}