{"Mean":{"confidence_interval":{"confidence_level":0.95,"lower_bound":4082164.949575768,"upper_bound":4344700.1448356835},"point_estimate":4191810.7770993416,"standard_error":68549.79042778067},"Median":{"confidence_interval":{"confidence_level":0.95,"lower_bound":4046973.8253968256,"upper_bound":4160548.75},"point_estimate":4082248.1702083335,"standard_error":31932.802369659446},"MedianAbsDev":{"confidence_interval":{"confidence_level":0.95,"lower_bound":91626.58584563053,"upper_bound":302882.0169221627},"point_estimate":171667.63621640083,"standard_error":56007.66034293201},"Slope":{"confidence_interval":{"confidence_level":0.95,"lower_bound":4027620.6558612487,"upper_bound":4093340.5061139236},"point_estimate":4061719.3300699303,"standard_error":16710.563423201555},"StdDev":{"confidence_interval":{"confidence_level":0.95,"lower_bound":149981.58383519045,"upper_bound":619466.3561696461},"point_estimate":395350.2183722791,"standard_error":148894.1657801361}}