{"Mean":{"confidence_interval":{"confidence_level":0.95,"lower_bound":2482.349466643093,"upper_bound":2579.590405469118},"point_estimate":2524.867972065064,"standard_error":25.7359687549474},"Median":{"confidence_interval":{"confidence_level":0.95,"lower_bound":2470.017385667138,"upper_bound":2630.3158887317304},"point_estimate":2517.002224776049,"standard_error":36.22905951368437},"MedianAbsDev":{"confidence_interval":{"confidence_level":0.95,"lower_bound":0.0,"upper_bound":88.41011538585225},"point_estimate":58.78072451336419,"standard_error":30.520706914511273},"Slope":{"confidence_interval":{"confidence_level":0.95,"lower_bound":2473.2315317997964,"upper_bound":2603.0413867279585},"point_estimate":2502.8839714328574,"standard_error":32.79231578780192},"StdDev":{"confidence_interval":{"confidence_level":0.95,"lower_bound":18.821226687804714,"upper_bound":85.17242334105445},"point_estimate":64.16783950187015,"standard_error":21.607475553899345}}