{"Mean":{"confidence_interval":{"confidence_level":0.95,"lower_bound":12075046.842390573,"upper_bound":13108520.026475383},"point_estimate":12537570.259729473,"standard_error":265319.4302505789},"Median":{"confidence_interval":{"confidence_level":0.95,"lower_bound":11665665.633333333,"upper_bound":12790570.727272727},"point_estimate":11732734.108016305,"standard_error":376441.99976699695},"MedianAbsDev":{"confidence_interval":{"confidence_level":0.95,"lower_bound":234542.56709606704,"upper_bound":1582359.6604575},"point_estimate":468102.39705116133,"standard_error":424912.913638198},"Slope":{"confidence_interval":{"confidence_level":0.95,"lower_bound":11602156.5962068,"upper_bound":11825634.9262324},"point_estimate":11694410.718968531,"standard_error":57083.47089692428},"StdDev":{"confidence_interval":{"confidence_level":0.95,"lower_bound":783025.5273247876,"upper_bound":2199763.013018087},"point_estimate":1526307.2107624467,"standard_error":405851.6530600196}}