{"Mean":{"confidence_interval":{"confidence_level":0.95,"lower_bound":239583.06515204805,"upper_bound":262618.93613288464},"point_estimate":248585.66601947794,"standard_error":6155.3596195439195},"Median":{"confidence_interval":{"confidence_level":0.95,"lower_bound":238297.30320366131,"upper_bound":242224.81710526315},"point_estimate":239310.0230908153,"standard_error":1019.7797995135188},"MedianAbsDev":{"confidence_interval":{"confidence_level":0.95,"lower_bound":1946.6100906229494,"upper_bound":5141.871256910773},"point_estimate":3761.602864371465,"standard_error":854.9614368847181},"Slope":{"confidence_interval":{"confidence_level":0.95,"lower_bound":238129.62842040436,"upper_bound":239978.03555741286},"point_estimate":239020.99713378726,"standard_error":473.99901118846753},"StdDev":{"confidence_interval":{"confidence_level":0.95,"lower_bound":2720.307684472231,"upper_bound":55940.79064609629},"point_estimate":35307.36755391644,"standard_error":15208.006617538533}}