{"Mean":{"confidence_interval":{"confidence_level":0.95,"lower_bound":14634.618206412317,"upper_bound":15129.614939328094},"point_estimate":14868.794826787887,"standard_error":126.73523516802898},"Median":{"confidence_interval":{"confidence_level":0.95,"lower_bound":14356.11242441421,"upper_bound":15182.80873015873},"point_estimate":14786.891415343915,"standard_error":210.4262111989761},"MedianAbsDev":{"confidence_interval":{"confidence_level":0.95,"lower_bound":321.0594023355571,"upper_bound":959.9448770845568},"point_estimate":852.6614647650573,"standard_error":170.20114251195238},"Slope":{"confidence_interval":{"confidence_level":0.95,"lower_bound":14579.231121913173,"upper_bound":15244.219438807602},"point_estimate":14889.885243922743,"standard_error":170.26878703132135},"StdDev":{"confidence_interval":{"confidence_level":0.95,"lower_bound":492.8323120532433,"upper_bound":968.7907854824044},"point_estimate":728.4630048413148,"standard_error":131.98849309024072}}