{"Mean":{"confidence_interval":{"confidence_level":0.95,"lower_bound":109044.3022318831,"upper_bound":109880.99106215496},"point_estimate":109466.65071482689,"standard_error":213.3090787911968},"Median":{"confidence_interval":{"confidence_level":0.95,"lower_bound":109134.5241410888,"upper_bound":110106.72108843537},"point_estimate":109953.45112433862,"standard_error":247.6383954491523},"MedianAbsDev":{"confidence_interval":{"confidence_level":0.95,"lower_bound":226.54789761196292,"upper_bound":1836.8719851947526},"point_estimate":474.52200657555716,"standard_error":430.4978900773562},"Slope":{"confidence_interval":{"confidence_level":0.95,"lower_bound":108703.14789031506,"upper_bound":109579.65259756858},"point_estimate":109156.66048430736,"standard_error":224.39770584685073},"StdDev":{"confidence_interval":{"confidence_level":0.95,"lower_bound":906.6114273658334,"upper_bound":1484.4709280009315},"point_estimate":1225.991148049259,"standard_error":146.95941434220808}}