{"Mean":{"confidence_interval":{"confidence_level":0.95,"lower_bound":111073.58052961627,"upper_bound":116217.14829976678},"point_estimate":113427.49492459945,"standard_error":1312.9171347883969},"Median":{"confidence_interval":{"confidence_level":0.95,"lower_bound":109249.41070850202,"upper_bound":113848.80701754386},"point_estimate":110027.94192638856,"standard_error":1040.5265760161335},"MedianAbsDev":{"confidence_interval":{"confidence_level":0.95,"lower_bound":1202.807343025379,"upper_bound":7232.337262850742},"point_estimate":3073.1706689356865,"standard_error":1345.413774059206},"Slope":{"confidence_interval":{"confidence_level":0.95,"lower_bound":108831.5197250246,"upper_bound":110098.7737357148},"point_estimate":109370.53036897314,"standard_error":324.35109261207356},"StdDev":{"confidence_interval":{"confidence_level":0.95,"lower_bound":4119.162037106061,"upper_bound":10120.738271174643},"point_estimate":7537.656022992201,"standard_error":1554.9721781269996}}