{"Mean":{"confidence_interval":{"confidence_level":0.95,"lower_bound":179840.17345399698,"upper_bound":183813.0045248869},"point_estimate":181826.58898944192,"standard_error":1029.171065052779},"Median":{"confidence_interval":{"confidence_level":0.95,"lower_bound":178714.70588235295,"upper_bound":185047.21719457014},"point_estimate":181886.31221719456,"standard_error":1685.2129852053713},"MedianAbsDev":{"confidence_interval":{"confidence_level":0.95,"lower_bound":0.0,"upper_bound":4686.35763625756},"point_estimate":2881.7897225936313,"standard_error":1310.291712672673},"Slope":{"confidence_interval":{"confidence_level":0.95,"lower_bound":179049.57836281366,"upper_bound":184767.68543956045},"point_estimate":182112.47737556562,"standard_error":1688.1231659438247},"StdDev":{"confidence_interval":{"confidence_level":0.95,"lower_bound":869.267210438597,"upper_bound":3252.241739650801},"point_estimate":2576.4539180931743,"standard_error":586.6548615391581}}