{"Mean":{"confidence_interval":{"confidence_level":0.95,"lower_bound":127.58136588727017,"upper_bound":129.14129115105794},"point_estimate":128.28134588409742,"standard_error":0.3993481390577123},"Median":{"confidence_interval":{"confidence_level":0.95,"lower_bound":127.30021682308195,"upper_bound":128.43179151655693},"point_estimate":128.1114350548217,"standard_error":0.3239598155726906},"MedianAbsDev":{"confidence_interval":{"confidence_level":0.95,"lower_bound":0.5297652083574244,"upper_bound":1.8995658945195293},"point_estimate":1.0388302204025182,"standard_error":0.33372683594304653},"Slope":{"confidence_interval":{"confidence_level":0.95,"lower_bound":127.26156538567106,"upper_bound":129.819750798105},"point_estimate":128.37460700351866,"standard_error":0.6804010890859239},"StdDev":{"confidence_interval":{"confidence_level":0.95,"lower_bound":1.0020073525039304,"upper_bound":3.2125455450898333},"point_estimate":2.2983486580848775,"standard_error":0.5763845120070977}}