{"Mean":{"confidence_interval":{"confidence_level":0.95,"lower_bound":-0.03850407886787017,"upper_bound":-0.02427785476920989},"point_estimate":-0.0314302591557738,"standard_error":0.003630359234247498},"Median":{"confidence_interval":{"confidence_level":0.95,"lower_bound":-0.03799146491165406,"upper_bound":-0.02014221964014884},"point_estimate":-0.028492954820322547,"standard_error":0.0044664680136256955}}