{"Mean":{"confidence_interval":{"confidence_level":0.95,"lower_bound":119.08012388823276,"upper_bound":122.03311071287693},"point_estimate":120.39238716675672,"standard_error":0.7591099500443799},"Median":{"confidence_interval":{"confidence_level":0.95,"lower_bound":118.47588551919313,"upper_bound":119.47583194043459},"point_estimate":118.76769550722756,"standard_error":0.2996071321877006},"MedianAbsDev":{"confidence_interval":{"confidence_level":0.95,"lower_bound":0.5974212551498632,"upper_bound":1.7291153987402272},"point_estimate":1.0255541123707042,"standard_error":0.2719757594168316},"Slope":{"confidence_interval":{"confidence_level":0.95,"lower_bound":118.57532393876623,"upper_bound":119.20693790349361},"point_estimate":118.88856372458646,"standard_error":0.16130797329356727},"StdDev":{"confidence_interval":{"confidence_level":0.95,"lower_bound":1.5950541764870647,"upper_bound":6.093475302915422},"point_estimate":4.364215493111274,"standard_error":1.1346460888974277}}