{"Mean":{"confidence_interval":{"confidence_level":0.95,"lower_bound":146.33585077325563,"upper_bound":172.58214019684874},"point_estimate":158.79352950224873,"standard_error":6.732544842710757},"Median":{"confidence_interval":{"confidence_level":0.95,"lower_bound":130.91309659603394,"upper_bound":156.0030126418844},"point_estimate":137.78446025968054,"standard_error":7.428763365050155},"MedianAbsDev":{"confidence_interval":{"confidence_level":0.95,"lower_bound":4.304166755000484,"upper_bound":40.46037318608676},"point_estimate":14.491650341858952,"standard_error":10.02310706926131},"Slope":{"confidence_interval":{"confidence_level":0.95,"lower_bound":131.59791320037155,"upper_bound":137.5341559583765},"point_estimate":133.81174914512218,"standard_error":1.5221127052282166},"StdDev":{"confidence_interval":{"confidence_level":0.95,"lower_bound":27.72114391523149,"upper_bound":45.477442669727495},"point_estimate":38.70893564312482,"standard_error":4.5590781537187555}}