{"Mean":{"confidence_interval":{"confidence_level":0.95,"lower_bound":11618567.902719436,"upper_bound":12004636.820250168},"point_estimate":11777098.294964382,"standard_error":100508.22940630066},"Median":{"confidence_interval":{"confidence_level":0.95,"lower_bound":11548539.490147784,"upper_bound":11731735.305555556},"point_estimate":11641788.156891495,"standard_error":45225.55180350827},"MedianAbsDev":{"confidence_interval":{"confidence_level":0.95,"lower_bound":115489.76352321082,"upper_bound":291235.3169648335},"point_estimate":222298.06986459732,"standard_error":46453.23477552338},"Slope":{"confidence_interval":{"confidence_level":0.95,"lower_bound":11530540.915494636,"upper_bound":11607639.621830814},"point_estimate":11567423.072465034,"standard_error":19682.13861151734},"StdDev":{"confidence_interval":{"confidence_level":0.95,"lower_bound":155007.27614188462,"upper_bound":901713.019940602},"point_estimate":577659.1477968713,"standard_error":217596.4210507417}}