{"Mean":{"confidence_interval":{"confidence_level":0.95,"lower_bound":176.94231554098033,"upper_bound":178.26983763467},"point_estimate":177.50079559036746,"standard_error":0.3459591895588643},"Median":{"confidence_interval":{"confidence_level":0.95,"lower_bound":177.01270877363606,"upper_bound":177.68203060470722},"point_estimate":177.28985138734143,"standard_error":0.16570739498813689},"MedianAbsDev":{"confidence_interval":{"confidence_level":0.95,"lower_bound":0.502481571185571,"upper_bound":1.4954624958160398},"point_estimate":0.9607433771067402,"standard_error":0.25593593737190123},"Slope":{"confidence_interval":{"confidence_level":0.95,"lower_bound":176.94977240882025,"upper_bound":177.62223112587134},"point_estimate":177.2791227590092,"standard_error":0.17209687421560252},"StdDev":{"confidence_interval":{"confidence_level":0.95,"lower_bound":0.7633161061973961,"upper_bound":3.1297146577303003},"point_estimate":1.9853374878546337,"standard_error":0.7402401416399689}}