{"Mean":{"confidence_interval":{"confidence_level":0.95,"lower_bound":28845.62182402425,"upper_bound":29541.089383074464},"point_estimate":29146.228815653376,"standard_error":179.90454190227626},"Median":{"confidence_interval":{"confidence_level":0.95,"lower_bound":28773.12220954864,"upper_bound":29123.759818254788},"point_estimate":28858.699520860973,"standard_error":85.16672360222249},"MedianAbsDev":{"confidence_interval":{"confidence_level":0.95,"lower_bound":225.26589626144929,"upper_bound":620.5017055295007},"point_estimate":369.4384165680858,"standard_error":114.6791519860909},"Slope":{"confidence_interval":{"confidence_level":0.95,"lower_bound":28709.067953453487,"upper_bound":29007.75065711855},"point_estimate":28854.832634664097,"standard_error":76.22438964112683},"StdDev":{"confidence_interval":{"confidence_level":0.95,"lower_bound":384.9365074835181,"upper_bound":1569.3508394318021},"point_estimate":1037.781547861531,"standard_error":338.25152853964306}}