{"Mean":{"confidence_interval":{"confidence_level":0.95,"lower_bound":14762.726821884564,"upper_bound":15304.785206738623},"point_estimate":14991.821665588126,"standard_error":141.64112227503057},"Median":{"confidence_interval":{"confidence_level":0.95,"lower_bound":14721.173018292682,"upper_bound":14866.809977827052},"point_estimate":14815.701440593353,"standard_error":33.430052691012804},"MedianAbsDev":{"confidence_interval":{"confidence_level":0.95,"lower_bound":74.00395185689865,"upper_bound":345.8481806727863},"point_estimate":180.87466552054045,"standard_error":74.41762840867788},"Slope":{"confidence_interval":{"confidence_level":0.95,"lower_bound":14651.037683810047,"upper_bound":14773.813296402846},"point_estimate":14711.783577946444,"standard_error":31.224630723828746},"StdDev":{"confidence_interval":{"confidence_level":0.95,"lower_bound":197.59565249040435,"upper_bound":1245.7358565002637},"point_estimate":814.1402006617471,"standard_error":287.71152084172826}}