{"Mean":{"confidence_interval":{"confidence_level":0.95,"lower_bound":431.81468045606897,"upper_bound":441.91059860331205},"point_estimate":435.7094145063369,"standard_error":2.742570014261151},"Median":{"confidence_interval":{"confidence_level":0.95,"lower_bound":431.6864741495291,"upper_bound":434.1635731983015},"point_estimate":433.44890047408546,"standard_error":0.6594492407453582},"MedianAbsDev":{"confidence_interval":{"confidence_level":0.95,"lower_bound":1.8238394258923292,"upper_bound":6.453761193547797},"point_estimate":4.578510855818737,"standard_error":1.375152095568063},"Slope":{"confidence_interval":{"confidence_level":0.95,"lower_bound":431.470821211191,"upper_bound":434.0006858094285},"point_estimate":432.7731439735548,"standard_error":0.6419660250500131},"StdDev":{"confidence_interval":{"confidence_level":0.95,"lower_bound":3.6313082196492616,"upper_bound":25.926475488423726},"point_estimate":15.80515441625736,"standard_error":7.423627858043735}}