{"Mean":{"confidence_interval":{"confidence_level":0.95,"lower_bound":-0.027367689388311783,"upper_bound":0.012914696868245592},"point_estimate":-0.007054783549970023,"standard_error":0.01026411714318741},"Median":{"confidence_interval":{"confidence_level":0.95,"lower_bound":-0.028711099414994612,"upper_bound":0.009947030376618033},"point_estimate":-0.0028396546296260983,"standard_error":0.008508125640296479}}