{"Mean":{"confidence_interval":{"confidence_level":0.95,"lower_bound":7758.947522050892,"upper_bound":8145.309870550162},"point_estimate":7921.070546989022,"standard_error":102.20141550152748},"Median":{"confidence_interval":{"confidence_level":0.95,"lower_bound":7725.204644964782,"upper_bound":8352.404578336189},"point_estimate":7858.407893901897,"standard_error":140.31671112311466},"MedianAbsDev":{"confidence_interval":{"confidence_level":0.95,"lower_bound":0.0,"upper_bound":298.25576283739673},"point_estimate":171.1627283528404,"standard_error":98.945261889288},"Slope":{"confidence_interval":{"confidence_level":0.95,"lower_bound":7738.324514505767,"upper_bound":8073.560972677267},"point_estimate":7804.344443867573,"standard_error":83.75280470106243},"StdDev":{"confidence_interval":{"confidence_level":0.95,"lower_bound":54.16335803339358,"upper_bound":337.1260721138809},"point_estimate":254.99536210378622,"standard_error":93.91554429454685}}