{"Mean":{"confidence_interval":{"confidence_level":0.95,"lower_bound":106157174.92829926,"upper_bound":106992944.01325072},"point_estimate":106943992.057071,"standard_error":345792.89179889107},"Median":{"confidence_interval":{"confidence_level":0.95,"lower_bound":106157299.38194445,"upper_bound":106547705.23351648},"point_estimate":106548976.4423077,"standard_error":170455.40463329674},"MedianAbsDev":{"confidence_interval":{"confidence_level":0.95,"lower_bound":633732.387332338,"upper_bound":2330265.986952097},"point_estimate":1123323.640057014,"standard_error":761225.1049114625},"Slope":{"confidence_interval":{"confidence_level":0.95,"lower_bound":107143781.27588835,"upper_bound":107624758.88916865},"point_estimate":107387679.41433567,"standard_error":188294.13364891888},"StdDev":{"confidence_interval":{"confidence_level":0.95,"lower_bound":1668428.414994852,"upper_bound":2635680.638848259},"point_estimate":1987825.1293186871,"standard_error":422315.6398345636}}