{"Mean":{"confidence_interval":{"confidence_level":0.95,"lower_bound":-0.054805945805878074,"upper_bound":-0.021153947162125007},"point_estimate":-0.038390938667172914,"standard_error":0.008780038913099777},"Median":{"confidence_interval":{"confidence_level":0.95,"lower_bound":-0.04338815510943672,"upper_bound":-0.03384369771990853},"point_estimate":-0.03738252065195424,"standard_error":0.002566971061600474}}