{"Mean":{"confidence_interval":{"confidence_level":0.95,"lower_bound":110094.13359481159,"upper_bound":113111.40155739243},"point_estimate":111238.48290830496,"standard_error":839.1759503526777},"Median":{"confidence_interval":{"confidence_level":0.95,"lower_bound":110181.48862115128,"upper_bound":110422.78035217794},"point_estimate":110288.01537970062,"standard_error":62.73092603299322},"MedianAbsDev":{"confidence_interval":{"confidence_level":0.95,"lower_bound":177.00893412465024,"upper_bound":1846.9004328736044},"point_estimate":348.3502144070035,"standard_error":459.4856352196792},"Slope":{"confidence_interval":{"confidence_level":0.95,"lower_bound":109516.34873020362,"upper_bound":110149.60588905738},"point_estimate":109837.98216046001,"standard_error":161.61878945245778},"StdDev":{"confidence_interval":{"confidence_level":0.95,"lower_bound":944.5398930416997,"upper_bound":7976.78819712267},"point_estimate":4831.56395246861,"standard_error":2386.258273468579}}