{"Mean":{"confidence_interval":{"confidence_level":0.95,"lower_bound":8558.99770991403,"upper_bound":10023.626500567947},"point_estimate":9253.338877904123,"standard_error":376.3788963187854},"Median":{"confidence_interval":{"confidence_level":0.95,"lower_bound":7787.914787740004,"upper_bound":9551.777174428531},"point_estimate":8329.765687080422,"standard_error":398.4398185729654},"MedianAbsDev":{"confidence_interval":{"confidence_level":0.95,"lower_bound":519.394954997454,"upper_bound":2713.1478609179826},"point_estimate":1199.2572090007493,"standard_error":519.0240211197702},"Slope":{"confidence_interval":{"confidence_level":0.95,"lower_bound":8524.211753808668,"upper_bound":10361.624428269668},"point_estimate":9321.75535070663,"standard_error":469.51633919180085},"StdDev":{"confidence_interval":{"confidence_level":0.95,"lower_bound":1475.780257554001,"upper_bound":2667.8029076446396},"point_estimate":2162.9672692652284,"standard_error":304.92034669213695}}