{"Mean":{"confidence_interval":{"confidence_level":0.95,"lower_bound":-0.04383413230797992,"upper_bound":-0.008866273603077214},"point_estimate":-0.026706759261962754,"standard_error":0.0088334069731575},"Median":{"confidence_interval":{"confidence_level":0.95,"lower_bound":-0.03288575774581848,"upper_bound":-0.024667800178692967},"point_estimate":-0.029161746111590947,"standard_error":0.0020035357306350614}}