{"Mean":{"confidence_interval":{"confidence_level":0.95,"lower_bound":55535.82827398796,"upper_bound":56041.153460150475},"point_estimate":55787.6306458268,"standard_error":128.74297267797454},"Median":{"confidence_interval":{"confidence_level":0.95,"lower_bound":55366.97951807229,"upper_bound":56143.57981927711},"point_estimate":55903.31624789757,"standard_error":246.3050110619574},"MedianAbsDev":{"confidence_interval":{"confidence_level":0.95,"lower_bound":502.7317131785281,"upper_bound":1152.3539648089443},"point_estimate":871.963997845257,"standard_error":163.9251454846613},"Slope":{"confidence_interval":{"confidence_level":0.95,"lower_bound":55377.508766777086,"upper_bound":55872.67805999271},"point_estimate":55616.204492269775,"standard_error":126.11264587181195},"StdDev":{"confidence_interval":{"confidence_level":0.95,"lower_bound":586.4859536672811,"upper_bound":850.2322004488586},"point_estimate":736.9168358379699,"standard_error":67.53658035969816}}