{"Mean":{"confidence_interval":{"confidence_level":0.95,"lower_bound":55807.56982194787,"upper_bound":56390.586410085314},"point_estimate":56084.56396988371,"standard_error":149.11378529998382},"Median":{"confidence_interval":{"confidence_level":0.95,"lower_bound":55611.30302148443,"upper_bound":56319.11114457831},"point_estimate":55931.49737951807,"standard_error":222.4065668023882},"MedianAbsDev":{"confidence_interval":{"confidence_level":0.95,"lower_bound":446.7960633177879,"upper_bound":1057.2317856051222},"point_estimate":716.5201255883953,"standard_error":152.20529800804204},"Slope":{"confidence_interval":{"confidence_level":0.95,"lower_bound":55645.95707368166,"upper_bound":56055.168399453214},"point_estimate":55844.69085853905,"standard_error":105.02477024384973},"StdDev":{"confidence_interval":{"confidence_level":0.95,"lower_bound":555.9115094108835,"upper_bound":1120.6625521117812},"point_estimate":856.2294288793049,"standard_error":148.545254824051}}