{"Mean":{"confidence_interval":{"confidence_level":0.95,"lower_bound":117825.80959409595,"upper_bound":129387.83591635917},"point_estimate":123042.37097170972,"standard_error":2989.4794353515163},"Median":{"confidence_interval":{"confidence_level":0.95,"lower_bound":116578.80073800738,"upper_bound":134977.8782287823},"point_estimate":121649.63099630996,"standard_error":4406.338035742774},"MedianAbsDev":{"confidence_interval":{"confidence_level":0.95,"lower_bound":0.0,"upper_bound":12254.928841472103},"point_estimate":6654.9809681973275,"standard_error":4073.6824526530086},"Slope":{"confidence_interval":{"confidence_level":0.95,"lower_bound":117158.05803990243,"upper_bound":132349.43858724303},"point_estimate":123640.64206642067,"standard_error":4466.143698569597},"StdDev":{"confidence_interval":{"confidence_level":0.95,"lower_bound":2087.771232633781,"upper_bound":9867.896306879304},"point_estimate":7483.541462640146,"standard_error":2326.385973408425}}