{"Mean":{"confidence_interval":{"confidence_level":0.95,"lower_bound":132603.54856633107,"upper_bound":135648.31306111228},"point_estimate":133927.30940931314,"standard_error":787.7784174312518},"Median":{"confidence_interval":{"confidence_level":0.95,"lower_bound":132387.90238294314,"upper_bound":133881.98757763975},"point_estimate":133078.88716356107,"standard_error":424.1789706101073},"MedianAbsDev":{"confidence_interval":{"confidence_level":0.95,"lower_bound":1033.829546863245,"upper_bound":3082.7361554154204},"point_estimate":1635.0882970583261,"standard_error":521.1342684554536},"Slope":{"confidence_interval":{"confidence_level":0.95,"lower_bound":131744.21255010276,"upper_bound":133104.78748002803},"point_estimate":132441.2747035573,"standard_error":346.44912749209556},"StdDev":{"confidence_interval":{"confidence_level":0.95,"lower_bound":1768.6085052439375,"upper_bound":6792.515822911777},"point_estimate":4534.175766551761,"standard_error":1403.0731205979457}}