{"Mean":{"confidence_interval":{"confidence_level":0.95,"lower_bound":2144.851538785149,"upper_bound":2177.0197433801786},"point_estimate":2159.0119807253686,"standard_error":8.268286322912635},"Median":{"confidence_interval":{"confidence_level":0.95,"lower_bound":2146.5101933924257,"upper_bound":2164.7555109431587},"point_estimate":2155.4312464062236,"standard_error":5.168416414038207},"MedianAbsDev":{"confidence_interval":{"confidence_level":0.95,"lower_bound":12.813858424484122,"upper_bound":43.44074499589589},"point_estimate":25.824983212328252,"standard_error":8.700661208996696},"Slope":{"confidence_interval":{"confidence_level":0.95,"lower_bound":2149.3266664575867,"upper_bound":2166.131510251977},"point_estimate":2158.0477793810073,"standard_error":4.274394022162007},"StdDev":{"confidence_interval":{"confidence_level":0.95,"lower_bound":22.53881455589594,"upper_bound":72.2640848951394},"point_estimate":47.50960706738068,"standard_error":14.991867157874601}}