{"Mean":{"confidence_interval":{"confidence_level":0.95,"lower_bound":9226331.378749406,"upper_bound":9756751.432909433},"point_estimate":9457213.025570398,"standard_error":136490.8016480306},"Median":{"confidence_interval":{"confidence_level":0.95,"lower_bound":9118761.55,"upper_bound":9286415.17857143},"point_estimate":9216086.21299342,"standard_error":51427.42019103208},"MedianAbsDev":{"confidence_interval":{"confidence_level":0.95,"lower_bound":117978.58551222626,"upper_bound":442425.02266072796},"point_estimate":201211.00056183615,"standard_error":80774.68157958733},"Slope":{"confidence_interval":{"confidence_level":0.95,"lower_bound":9140425.244396953,"upper_bound":9249049.713313079},"point_estimate":9195111.462543705,"standard_error":27635.818426018304},"StdDev":{"confidence_interval":{"confidence_level":0.95,"lower_bound":345235.50838958035,"upper_bound":1167000.7530416457},"point_estimate":785812.2501126075,"standard_error":242827.6186982964}}