{"Mean":{"confidence_interval":{"confidence_level":0.95,"lower_bound":6006430.5819064835,"upper_bound":6584499.534748904},"point_estimate":6249177.865510538,"standard_error":150255.1266558253},"Median":{"confidence_interval":{"confidence_level":0.95,"lower_bound":5957368.963768116,"upper_bound":6097312.155172414},"point_estimate":6050827.528888889,"standard_error":38933.62295557018},"MedianAbsDev":{"confidence_interval":{"confidence_level":0.95,"lower_bound":113061.03663454634,"upper_bound":479087.7857132415},"point_estimate":266676.74251304124,"standard_error":101750.88106087857},"Slope":{"confidence_interval":{"confidence_level":0.95,"lower_bound":5980030.58876807,"upper_bound":6100931.89040875},"point_estimate":6044267.718575175,"standard_error":30716.919975783523},"StdDev":{"confidence_interval":{"confidence_level":0.95,"lower_bound":298143.5937231956,"upper_bound":1340008.0357765504},"point_estimate":865615.7998921575,"standard_error":313065.12414051406}}