{"Mean":{"confidence_interval":{"confidence_level":0.95,"lower_bound":2022668.710368312,"upper_bound":2254643.631209297},"point_estimate":2133641.585782887,"standard_error":59259.10707816365},"Median":{"confidence_interval":{"confidence_level":0.95,"lower_bound":1920785.789473684,"upper_bound":2235136.666666667},"point_estimate":2093920.579710145,"standard_error":99538.64624407423},"MedianAbsDev":{"confidence_interval":{"confidence_level":0.95,"lower_bound":162815.116056822,"upper_bound":458174.6651157739},"point_estimate":318174.5078128118,"standard_error":76052.75392504084},"Slope":{"confidence_interval":{"confidence_level":0.95,"lower_bound":2071140.2678364832,"upper_bound":2283316.071865146},"point_estimate":2184907.4352194606,"standard_error":54065.45034150128},"StdDev":{"confidence_interval":{"confidence_level":0.95,"lower_bound":231072.11094111757,"upper_bound":401994.5715815432},"point_estimate":329323.61935568426,"standard_error":43726.640153320164}}