{"Mean":{"confidence_interval":{"confidence_level":0.95,"lower_bound":4235068.021631198,"upper_bound":4349775.684868503},"point_estimate":4291188.231960786,"standard_error":29365.8365304982},"Median":{"confidence_interval":{"confidence_level":0.95,"lower_bound":4206311.209487179,"upper_bound":4331788.166666667},"point_estimate":4246886.505952381,"standard_error":34102.34485444097},"MedianAbsDev":{"confidence_interval":{"confidence_level":0.95,"lower_bound":84850.90718590248,"upper_bound":273011.8308668215},"point_estimate":164630.77876263612,"standard_error":50227.92304409516},"Slope":{"confidence_interval":{"confidence_level":0.95,"lower_bound":4191571.6929293764,"upper_bound":4252752.252005186},"point_estimate":4223574.446707459,"standard_error":15574.664399527253},"StdDev":{"confidence_interval":{"confidence_level":0.95,"lower_bound":133075.89053755457,"upper_bound":192702.56586196861},"point_estimate":168547.4673498824,"standard_error":15224.21242217316}}