{"Mean":{"confidence_interval":{"confidence_level":0.95,"lower_bound":953.6588036147463,"upper_bound":978.7460769362273},"point_estimate":965.2023196525544,"standard_error":6.424479677939243},"Median":{"confidence_interval":{"confidence_level":0.95,"lower_bound":949.6638848472251,"upper_bound":957.9712118062773},"point_estimate":955.4583792350863,"standard_error":2.2269172924913287},"MedianAbsDev":{"confidence_interval":{"confidence_level":0.95,"lower_bound":6.549766602506829,"upper_bound":27.92650747552104},"point_estimate":17.228555408120833,"standard_error":6.159301679656533},"Slope":{"confidence_interval":{"confidence_level":0.95,"lower_bound":951.7724097944765,"upper_bound":995.5182592821138},"point_estimate":972.2189398693698,"standard_error":11.258782150809832},"StdDev":{"confidence_interval":{"confidence_level":0.95,"lower_bound":20.980050948224378,"upper_bound":48.22685742171196},"point_estimate":36.92715475346063,"standard_error":7.097258078202161}}