{"Mean":{"confidence_interval":{"confidence_level":0.95,"lower_bound":15034.59150766429,"upper_bound":16438.061373944616},"point_estimate":15710.392953545477,"standard_error":359.716541185538},"Median":{"confidence_interval":{"confidence_level":0.95,"lower_bound":14120.08916766958,"upper_bound":16405.921219018717},"point_estimate":14639.097357301272,"standard_error":552.1712525594035},"MedianAbsDev":{"confidence_interval":{"confidence_level":0.95,"lower_bound":459.2579627721856,"upper_bound":3083.6844291787984},"point_estimate":1078.1315279524727,"standard_error":659.1536815019207},"Slope":{"confidence_interval":{"confidence_level":0.95,"lower_bound":14884.524105005805,"upper_bound":16204.69917579887},"point_estimate":15449.612170113649,"standard_error":337.0674180808588},"StdDev":{"confidence_interval":{"confidence_level":0.95,"lower_bound":1508.5857701215607,"upper_bound":2441.333091463436},"point_estimate":2067.6594224748505,"standard_error":239.34365372464296}}