{"Mean":{"confidence_interval":{"confidence_level":0.95,"lower_bound":5157104.12770021,"upper_bound":5437344.841605198},"point_estimate":5285126.158401808,"standard_error":71962.47591564409},"Median":{"confidence_interval":{"confidence_level":0.95,"lower_bound":5061855.636956522,"upper_bound":5433172.095982143},"point_estimate":5136538.589473683,"standard_error":100415.35035654747},"MedianAbsDev":{"confidence_interval":{"confidence_level":0.95,"lower_bound":130974.33306210923,"upper_bound":421332.97798234416},"point_estimate":287839.7357232715,"standard_error":80803.25925038294},"Slope":{"confidence_interval":{"confidence_level":0.95,"lower_bound":5024723.907751672,"upper_bound":5154916.497724504},"point_estimate":5076911.0204108395,"standard_error":33350.47736110935},"StdDev":{"confidence_interval":{"confidence_level":0.95,"lower_bound":220378.2894543573,"upper_bound":581986.377816778},"point_estimate":415383.2164513472,"standard_error":97808.7487838153}}