{"Mean":{"confidence_interval":{"confidence_level":0.95,"lower_bound":959.1943173011805,"upper_bound":973.497049192788},"point_estimate":965.5648059280136,"standard_error":3.6781179130474952},"Median":{"confidence_interval":{"confidence_level":0.95,"lower_bound":956.2345737377645,"upper_bound":956.9329220370953},"point_estimate":956.4576710135973,"standard_error":0.38579989485916766},"MedianAbsDev":{"confidence_interval":{"confidence_level":0.95,"lower_bound":0.4099841855038597,"upper_bound":1.5955059655963284},"point_estimate":0.776542566924886,"standard_error":0.5814877879578234},"Slope":{"confidence_interval":{"confidence_level":0.95,"lower_bound":956.3223553768925,"upper_bound":957.1103820775263},"point_estimate":956.6283506509733,"standard_error":0.20166826855215622},"StdDev":{"confidence_interval":{"confidence_level":0.95,"lower_bound":8.514073511108933,"upper_bound":30.03457244294042},"point_estimate":21.091300662599945,"standard_error":5.5999535703957894}}