{"Mean":{"confidence_interval":{"confidence_level":0.95,"lower_bound":6995.55324835139,"upper_bound":7052.1816020284705},"point_estimate":7022.840727986341,"standard_error":14.430652884195256},"Median":{"confidence_interval":{"confidence_level":0.95,"lower_bound":6964.634823848239,"upper_bound":7061.253257431403},"point_estimate":7016.974368633773,"standard_error":26.42539062846571},"MedianAbsDev":{"confidence_interval":{"confidence_level":0.95,"lower_bound":48.74498640912011,"upper_bound":116.37063615357272},"point_estimate":95.40041302826906,"standard_error":17.81871813895142},"Slope":{"confidence_interval":{"confidence_level":0.95,"lower_bound":6977.312972465094,"upper_bound":7019.62428376744},"point_estimate":6998.023085651011,"standard_error":10.814975453215803},"StdDev":{"confidence_interval":{"confidence_level":0.95,"lower_bound":59.70583793607672,"upper_bound":102.30089911806849},"point_estimate":83.00385129384019,"standard_error":11.00502942674197}}