{"Mean":{"confidence_interval":{"confidence_level":0.95,"lower_bound":-0.04615275664242045,"upper_bound":-0.007284966977997694},"point_estimate":-0.026494301499782713,"standard_error":0.009873794643151574},"Median":{"confidence_interval":{"confidence_level":0.95,"lower_bound":-0.03694954082517743,"upper_bound":-0.013159927631749002},"point_estimate":-0.028489663453626357,"standard_error":0.006588074781856066}}