{"Mean":{"confidence_interval":{"confidence_level":0.95,"lower_bound":191327200.00000003,"upper_bound":198693332.0},"point_estimate":194267245.6666667,"standard_error":1995772.9774479005},"Median":{"confidence_interval":{"confidence_level":0.95,"lower_bound":190155050.0,"upper_bound":202865420.0},"point_estimate":192435200.0,"standard_error":2566020.430644423},"MedianAbsDev":{"confidence_interval":{"confidence_level":0.95,"lower_bound":0.0,"upper_bound":5362378.779798746},"point_estimate":1981828.4498155117,"standard_error":1547391.778279359},"Slope":{"confidence_interval":{"confidence_level":0.95,"lower_bound":191320447.36842105,"upper_bound":201603757.6470588},"point_estimate":197345807.27272728,"standard_error":3122320.7495462606},"StdDev":{"confidence_interval":{"confidence_level":0.95,"lower_bound":690410.3467926366,"upper_bound":6611320.475855788},"point_estimate":4977451.5608025305,"standard_error":2003200.2123965991}}