{"Mean":{"confidence_interval":{"confidence_level":0.95,"lower_bound":7.739402907468151,"upper_bound":7.970706112942299},"point_estimate":7.852522917967716,"standard_error":0.05917328514565462},"Median":{"confidence_interval":{"confidence_level":0.95,"lower_bound":7.579212629688167,"upper_bound":8.097994295964678},"point_estimate":7.645137505174067,"standard_error":0.13249168188539498},"MedianAbsDev":{"confidence_interval":{"confidence_level":0.95,"lower_bound":0.06787337871994391,"upper_bound":0.5428060559568119},"point_estimate":0.18359062478316227,"standard_error":0.13299280805356434},"Slope":{"confidence_interval":{"confidence_level":0.95,"lower_bound":7.766955728561496,"upper_bound":8.078574020344936},"point_estimate":7.919106223837424,"standard_error":0.07990443889737552},"StdDev":{"confidence_interval":{"confidence_level":0.95,"lower_bound":0.28386654432854447,"upper_bound":0.3684385521891667},"point_estimate":0.34023447024711717,"standard_error":0.02157773509111695}}