{"Mean":{"confidence_interval":{"confidence_level":0.95,"lower_bound":1852215.0678054276,"upper_bound":1889937.2847315886},"point_estimate":1871303.1060830036,"standard_error":9602.497373189028},"Median":{"confidence_interval":{"confidence_level":0.95,"lower_bound":1863200.0,"upper_bound":1881527.902777778},"point_estimate":1874880.4002760523,"standard_error":6267.770703349493},"MedianAbsDev":{"confidence_interval":{"confidence_level":0.95,"lower_bound":14683.979169131804,"upper_bound":62371.74229618884},"point_estimate":47982.27448630833,"standard_error":13982.91197298246},"Slope":{"confidence_interval":{"confidence_level":0.95,"lower_bound":1881787.3932309088,"upper_bound":1911434.8750496323},"point_estimate":1897281.9442975498,"standard_error":7561.702953277923},"StdDev":{"confidence_interval":{"confidence_level":0.95,"lower_bound":36493.010950229225,"upper_bound":66875.8668755589},"point_estimate":53527.68501529044,"standard_error":7702.440405806635}}