{"Mean":{"confidence_interval":{"confidence_level":0.95,"lower_bound":689382.4053685393,"upper_bound":702033.3299868825},"point_estimate":694533.3764372538,"standard_error":3347.9710094596694},"Median":{"confidence_interval":{"confidence_level":0.95,"lower_bound":688825.5892857143,"upper_bound":691038.1408339198},"point_estimate":690291.5040625001,"standard_error":633.3730791394823},"MedianAbsDev":{"confidence_interval":{"confidence_level":0.95,"lower_bound":1400.7889889104765,"upper_bound":3710.15054246496},"point_estimate":2392.5485094611404,"standard_error":605.4489151626138},"Slope":{"confidence_interval":{"confidence_level":0.95,"lower_bound":688861.6242368487,"upper_bound":690617.8843141019},"point_estimate":689748.835757992,"standard_error":449.2239725194324},"StdDev":{"confidence_interval":{"confidence_level":0.95,"lower_bound":2241.9898380120894,"upper_bound":29837.452087685502},"point_estimate":19244.76771051297,"standard_error":7552.089182153953}}