{"Mean":{"confidence_interval":{"confidence_level":0.95,"lower_bound":2350097.05391565,"upper_bound":2416868.554800331},"point_estimate":2376209.120937158,"standard_error":17777.60596732724},"Median":{"confidence_interval":{"confidence_level":0.95,"lower_bound":2335844.9941239315,"upper_bound":2381103.314814815},"point_estimate":2354441.8680555555,"standard_error":11603.233173080198},"MedianAbsDev":{"confidence_interval":{"confidence_level":0.95,"lower_bound":16267.708304331023,"upper_bound":56601.37354453186},"point_estimate":37447.272767449875,"standard_error":9634.594317604287},"Slope":{"confidence_interval":{"confidence_level":0.95,"lower_bound":2342587.561889075,"upper_bound":2368172.2918752246},"point_estimate":2356162.084090909,"standard_error":6551.9691848885595},"StdDev":{"confidence_interval":{"confidence_level":0.95,"lower_bound":29410.66538236078,"upper_bound":165963.8548778748},"point_estimate":102225.57519856263,"standard_error":45259.8667265643}}