{"Mean":{"confidence_interval":{"confidence_level":0.95,"lower_bound":1917408.7268021489,"upper_bound":1969133.4356517787},"point_estimate":1942617.8517349628,"standard_error":13166.688471303509},"Median":{"confidence_interval":{"confidence_level":0.95,"lower_bound":1919404.9107142857,"upper_bound":1952435.3703703703},"point_estimate":1931853.7037037038,"standard_error":9149.382094395345},"MedianAbsDev":{"confidence_interval":{"confidence_level":0.95,"lower_bound":22812.596309738965,"upper_bound":90947.27138536339},"point_estimate":52306.9911138491,"standard_error":18229.212373657996},"Slope":{"confidence_interval":{"confidence_level":0.95,"lower_bound":1937315.7781573886,"upper_bound":1980661.2543473155},"point_estimate":1960112.388506963,"standard_error":11079.179523612967},"StdDev":{"confidence_interval":{"confidence_level":0.95,"lower_bound":46958.39554905128,"upper_bound":97275.9087601842},"point_estimate":73874.49168394481,"standard_error":12994.768964500123}}