{"Mean":{"confidence_interval":{"confidence_level":0.95,"lower_bound":-0.02905661475040526,"upper_bound":-0.006207255105594275},"point_estimate":-0.016507841829559333,"standard_error":0.005859689444199815},"Median":{"confidence_interval":{"confidence_level":0.95,"lower_bound":-0.019039790773522802,"upper_bound":-0.0005412276999959831},"point_estimate":-0.011034745672201307,"standard_error":0.005272126595813938}}