{"Mean":{"confidence_interval":{"confidence_level":0.95,"lower_bound":234.00366452741406,"upper_bound":238.16893876112715},"point_estimate":235.6448456273074,"standard_error":1.1035620984598298},"Median":{"confidence_interval":{"confidence_level":0.95,"lower_bound":233.6828563777617,"upper_bound":234.53561841833573},"point_estimate":234.08291353948775,"standard_error":0.23823909167276114},"MedianAbsDev":{"confidence_interval":{"confidence_level":0.95,"lower_bound":0.4626787983478568,"upper_bound":1.2052213422550595},"point_estimate":0.8111507869134784,"standard_error":0.19170571151643506},"Slope":{"confidence_interval":{"confidence_level":0.95,"lower_bound":233.6429895672399,"upper_bound":234.42910223644907},"point_estimate":234.00374864720763,"standard_error":0.20221771359501747},"StdDev":{"confidence_interval":{"confidence_level":0.95,"lower_bound":0.6553516009718003,"upper_bound":10.0963910819156},"point_estimate":6.360869451507156,"standard_error":2.695354882527544}}