{"Mean":{"confidence_interval":{"confidence_level":0.95,"lower_bound":179.72653071751566,"upper_bound":184.45719915124488},"point_estimate":181.4632290604514,"standard_error":1.3612848740441308},"Median":{"confidence_interval":{"confidence_level":0.95,"lower_bound":179.12933406003572,"upper_bound":180.3663959162546},"point_estimate":179.76901564710636,"standard_error":0.3336570479793942},"MedianAbsDev":{"confidence_interval":{"confidence_level":0.95,"lower_bound":0.5663685122046455,"upper_bound":1.9910374219852605},"point_estimate":1.2082447680801844,"standard_error":0.34332841916822476},"Slope":{"confidence_interval":{"confidence_level":0.95,"lower_bound":179.4481880431914,"upper_bound":180.44445168916306},"point_estimate":179.90838705905722,"standard_error":0.2546920011810835},"StdDev":{"confidence_interval":{"confidence_level":0.95,"lower_bound":1.061198494218193,"upper_bound":12.973806198634565},"point_estimate":7.801704081925281,"standard_error":4.10690289691537}}