{"Mean":{"confidence_interval":{"confidence_level":0.95,"lower_bound":5245890.635475424,"upper_bound":11452963.83226523},"point_estimate":7749303.105842313,"standard_error":1630469.0108422705},"Median":{"confidence_interval":{"confidence_level":0.95,"lower_bound":4406339.86013986,"upper_bound":5718982.222222222},"point_estimate":4923222.883597883,"standard_error":358244.15865192947},"MedianAbsDev":{"confidence_interval":{"confidence_level":0.95,"lower_bound":670606.8863409535,"upper_bound":2465416.494320304},"point_estimate":1469391.4199130877,"standard_error":457837.1547168861},"Slope":{"confidence_interval":{"confidence_level":0.95,"lower_bound":4317564.152063621,"upper_bound":5792549.227564278},"point_estimate":4872445.2564780535,"standard_error":385080.55857773015},"StdDev":{"confidence_interval":{"confidence_level":0.95,"lower_bound":1689224.8814077796,"upper_bound":14342485.84945542},"point_estimate":9124729.934230328,"standard_error":3674435.5330409743}}