{"Mean":{"confidence_interval":{"confidence_level":0.95,"lower_bound":13688.046309842284,"upper_bound":13869.50449466311},"point_estimate":13767.877986450081,"standard_error":46.601167943756124},"Median":{"confidence_interval":{"confidence_level":0.95,"lower_bound":13635.243268622584,"upper_bound":13687.661670437406},"point_estimate":13644.484528435809,"standard_error":17.420917918814997},"MedianAbsDev":{"confidence_interval":{"confidence_level":0.95,"lower_bound":24.862833976929004,"upper_bound":106.77401636708791},"point_estimate":39.417458160294444,"standard_error":24.30232693557617},"Slope":{"confidence_interval":{"confidence_level":0.95,"lower_bound":13641.94858988629,"upper_bound":13771.237413006229},"point_estimate":13698.056360287526,"standard_error":33.67216807906245},"StdDev":{"confidence_interval":{"confidence_level":0.95,"lower_bound":119.11305144159601,"upper_bound":383.52978279391806},"point_estimate":267.35534370951467,"standard_error":71.11014685250386}}