{"Mean":{"confidence_interval":{"confidence_level":0.95,"lower_bound":67111.75621785386,"upper_bound":81430.72500528427},"point_estimate":72563.97435355457,"standard_error":3921.785124074084},"Median":{"confidence_interval":{"confidence_level":0.95,"lower_bound":66316.56732191925,"upper_bound":89796.06848446417},"point_estimate":68941.81638836046,"standard_error":5176.015049117636},"MedianAbsDev":{"confidence_interval":{"confidence_level":0.95,"lower_bound":0.0,"upper_bound":6607.855008876102},"point_estimate":2890.9237047527813,"standard_error":2018.9771693077105},"Slope":{"confidence_interval":{"confidence_level":0.95,"lower_bound":66660.89537095751,"upper_bound":71908.23793790118},"point_estimate":67693.65923022233,"standard_error":1451.17602713423},"StdDev":{"confidence_interval":{"confidence_level":0.95,"lower_bound":1003.2569214292607,"upper_bound":12616.663184257135},"point_estimate":9789.647827411465,"standard_error":4271.670658631775}}