{"Mean":{"confidence_interval":{"confidence_level":0.95,"lower_bound":59949.37268629903,"upper_bound":62284.074606163194},"point_estimate":60926.73738942976,"standard_error":606.6518644378216},"Median":{"confidence_interval":{"confidence_level":0.95,"lower_bound":59496.272028109495,"upper_bound":60493.59368191721},"point_estimate":60041.90745098039,"standard_error":285.60349614449734},"MedianAbsDev":{"confidence_interval":{"confidence_level":0.95,"lower_bound":386.6235090700212,"upper_bound":1410.2357847564767},"point_estimate":1001.0787962795876,"standard_error":273.5031042656779},"Slope":{"confidence_interval":{"confidence_level":0.95,"lower_bound":59506.075934358145,"upper_bound":59950.845584509036},"point_estimate":59713.59270019196,"standard_error":114.20139023919863},"StdDev":{"confidence_interval":{"confidence_level":0.95,"lower_bound":708.1615813970693,"upper_bound":5235.3149069997635},"point_estimate":3483.4926954589055,"standard_error":1226.1298601081533}}