{"Mean":{"confidence_interval":{"confidence_level":0.95,"lower_bound":13134254.005936125,"upper_bound":15172394.930224167},"point_estimate":14030246.01066448,"standard_error":525121.4645677645},"Median":{"confidence_interval":{"confidence_level":0.95,"lower_bound":12570012.5625,"upper_bound":13128300.0},"point_estimate":12786238.18478261,"standard_error":177343.16351024286},"MedianAbsDev":{"confidence_interval":{"confidence_level":0.95,"lower_bound":201872.1612597474,"upper_bound":1067693.6368046484},"point_estimate":484336.60281318444,"standard_error":243024.91192994328},"Slope":{"confidence_interval":{"confidence_level":0.95,"lower_bound":13710634.9006663,"upper_bound":17092553.75308082},"point_estimate":15387707.492919581,"standard_error":863708.7811732494},"StdDev":{"confidence_interval":{"confidence_level":0.95,"lower_bound":1374516.949773586,"upper_bound":4348574.3369960515},"point_estimate":3009860.052211439,"standard_error":845800.8860213837}}