{"Mean":{"confidence_interval":{"confidence_level":0.95,"lower_bound":2384.3306162098243,"upper_bound":2553.5958243583786},"point_estimate":2457.0449381256067,"standard_error":43.847318954540356},"Median":{"confidence_interval":{"confidence_level":0.95,"lower_bound":2373.8821782038826,"upper_bound":2637.9200630710534},"point_estimate":2412.282665315144,"standard_error":63.89595128215824},"MedianAbsDev":{"confidence_interval":{"confidence_level":0.95,"lower_bound":0.0,"upper_bound":157.8295518290422},"point_estimate":56.93256118040137,"standard_error":51.30934353432688},"Slope":{"confidence_interval":{"confidence_level":0.95,"lower_bound":2380.2068815024427,"upper_bound":2464.6883236303793},"point_estimate":2395.8545756590274,"standard_error":21.3649540731554},"StdDev":{"confidence_interval":{"confidence_level":0.95,"lower_bound":16.004253312818257,"upper_bound":142.1204561514837},"point_estimate":109.53407442341921,"standard_error":38.128638191340194}}