{"Mean":{"confidence_interval":{"confidence_level":0.95,"lower_bound":1.6259301575509895,"upper_bound":4.760912602950893},"point_estimate":3.0590618832279466,"standard_error":0.852209983309685},"Median":{"confidence_interval":{"confidence_level":0.95,"lower_bound":1.3602743993256525,"upper_bound":2.0577965062072425},"point_estimate":1.6510225872898205,"standard_error":0.1840415741144395}}