{"Mean":{"confidence_interval":{"confidence_level":0.95,"lower_bound":127.94489106837123,"upper_bound":129.49551747295718},"point_estimate":128.587219998045,"standard_error":0.40415697846421234},"Median":{"confidence_interval":{"confidence_level":0.95,"lower_bound":127.89419825679977,"upper_bound":128.71256565095672},"point_estimate":128.4486811966405,"standard_error":0.20803543208287123},"MedianAbsDev":{"confidence_interval":{"confidence_level":0.95,"lower_bound":0.45257529633113097,"upper_bound":1.3088530190343401},"point_estimate":0.8461525254095336,"standard_error":0.22924121634753086},"Slope":{"confidence_interval":{"confidence_level":0.95,"lower_bound":127.82030743940545,"upper_bound":128.82139740624507},"point_estimate":128.2993667547487,"standard_error":0.2561916486066816},"StdDev":{"confidence_interval":{"confidence_level":0.95,"lower_bound":0.7747689942414249,"upper_bound":3.696870835056049},"point_estimate":2.314111796069093,"standard_error":0.9084491196985816}}