{"Mean":{"confidence_interval":{"confidence_level":0.95,"lower_bound":8024690.842841091,"upper_bound":8640450.897426128},"point_estimate":8287035.37702588,"standard_error":159291.96222618627},"Median":{"confidence_interval":{"confidence_level":0.95,"lower_bound":7975968.466666667,"upper_bound":8113332.12},"point_estimate":8020177.924342105,"standard_error":40561.230666238596},"MedianAbsDev":{"confidence_interval":{"confidence_level":0.95,"lower_bound":97319.25835564244,"upper_bound":481029.1411894573},"point_estimate":320298.0854867448,"standard_error":102563.95111451973},"Slope":{"confidence_interval":{"confidence_level":0.95,"lower_bound":7980091.471527956,"upper_bound":8095875.369524367},"point_estimate":8040473.324169581,"standard_error":29516.25777995616},"StdDev":{"confidence_interval":{"confidence_level":0.95,"lower_bound":356172.4725313885,"upper_bound":1389120.434894091},"point_estimate":916532.1974416397,"standard_error":306433.7627994242}}