{"Mean":{"confidence_interval":{"confidence_level":0.95,"lower_bound":0.06956986747018488,"upper_bound":0.09480843397109996},"point_estimate":0.08512213861062712,"standard_error":0.007027123555037655},"Median":{"confidence_interval":{"confidence_level":0.95,"lower_bound":0.0890561365680771,"upper_bound":0.09524309867553127},"point_estimate":0.09207118654130908,"standard_error":0.0015528438844960846}}