{"Mean":{"confidence_interval":{"confidence_level":0.95,"lower_bound":2878.6710583129175,"upper_bound":2971.316097029462},"point_estimate":2922.201948278558,"standard_error":23.752627753769534},"Median":{"confidence_interval":{"confidence_level":0.95,"lower_bound":2839.726552743002,"upper_bound":2935.3250138386893},"point_estimate":2852.435718532508,"standard_error":22.565082789445327},"MedianAbsDev":{"confidence_interval":{"confidence_level":0.95,"lower_bound":20.08898164992828,"upper_bound":135.76628359360805},"point_estimate":43.31443441620015,"standard_error":31.588763132697558},"Slope":{"confidence_interval":{"confidence_level":0.95,"lower_bound":2877.5928781107577,"upper_bound":3016.0297733424572},"point_estimate":2941.243316087438,"standard_error":35.407879673177035},"StdDev":{"confidence_interval":{"confidence_level":0.95,"lower_bound":86.39448443267155,"upper_bound":169.91201960749066},"point_estimate":136.71132906243372,"standard_error":21.422284770809586}}