{"Mean":{"confidence_interval":{"confidence_level":0.95,"lower_bound":2740042020.0,"upper_bound":2813768269.0},"point_estimate":2768475569.0,"standard_error":19960894.63245072},"Median":{"confidence_interval":{"confidence_level":0.95,"lower_bound":2730389900.0,"upper_bound":2855686800.0},"point_estimate":2754520200.0,"standard_error":25481132.216867365},"MedianAbsDev":{"confidence_interval":{"confidence_level":0.95,"lower_bound":0.0,"upper_bound":39995098.73494506},"point_estimate":14982384.382009506,"standard_error":12612628.183576524},"Slope":{"confidence_interval":{"confidence_level":0.95,"lower_bound":2739031065.5172415,"upper_bound":2764053646.1538463},"point_estimate":2748645532.7272725,"standard_error":6663994.398021996},"StdDev":{"confidence_interval":{"confidence_level":0.95,"lower_bound":5348475.711795605,"upper_bound":64973516.63013939},"point_estimate":49883392.27225385,"standard_error":21049581.274315104}}