{"Mean":{"confidence_interval":{"confidence_level":0.95,"lower_bound":1181670.3662311274,"upper_bound":1270578.6292619416},"point_estimate":1214258.201130636,"standard_error":25360.575691976657},"Median":{"confidence_interval":{"confidence_level":0.95,"lower_bound":1178431.375,"upper_bound":1186434.690705128},"point_estimate":1180781.8735119049,"standard_error":2225.591979642756},"MedianAbsDev":{"confidence_interval":{"confidence_level":0.95,"lower_bound":4962.811468142533,"upper_bound":13116.706977927437},"point_estimate":8913.047669034648,"standard_error":2109.9752543895625},"Slope":{"confidence_interval":{"confidence_level":0.95,"lower_bound":1181496.8516512155,"upper_bound":1186696.3688809874},"point_estimate":1184215.586680507,"standard_error":1324.0362719088776},"StdDev":{"confidence_interval":{"confidence_level":0.95,"lower_bound":7700.0290736091765,"upper_bound":240649.4909700499},"point_estimate":145639.20009465216,"standard_error":76089.3159665248}}