{"Mean":{"confidence_interval":{"confidence_level":0.95,"lower_bound":-0.024098959265811792,"upper_bound":-0.006096521444454018},"point_estimate":-0.014593355010067532,"standard_error":0.004579664972285512},"Median":{"confidence_interval":{"confidence_level":0.95,"lower_bound":-0.024844992446915626,"upper_bound":-0.010693263576653012},"point_estimate":-0.018135970611525498,"standard_error":0.003693178929326843}}