{"Mean":{"confidence_interval":{"confidence_level":0.95,"lower_bound":3758.873118093388,"upper_bound":4357.275840226661},"point_estimate":4035.8698375665713,"standard_error":153.49005137872086},"Median":{"confidence_interval":{"confidence_level":0.95,"lower_bound":3488.799243711809,"upper_bound":3854.5167963520753},"point_estimate":3644.3700212103827,"standard_error":84.64380416752118},"MedianAbsDev":{"confidence_interval":{"confidence_level":0.95,"lower_bound":126.11484056928599,"upper_bound":595.5953933919709},"point_estimate":317.3015542624146,"standard_error":116.93638285616399},"Slope":{"confidence_interval":{"confidence_level":0.95,"lower_bound":3803.020980654262,"upper_bound":4482.255495430051},"point_estimate":4093.3792464837097,"standard_error":173.39147563359248},"StdDev":{"confidence_interval":{"confidence_level":0.95,"lower_bound":558.3772038491339,"upper_bound":1105.636473767165},"point_estimate":885.9124788823714,"standard_error":140.59093001882883}}