{"Mean":{"confidence_interval":{"confidence_level":0.95,"lower_bound":-0.026508819078640836,"upper_bound":-0.008721841229857807},"point_estimate":-0.01745299311556725,"standard_error":0.004540198489435171},"Median":{"confidence_interval":{"confidence_level":0.95,"lower_bound":-0.026365713415039016,"upper_bound":-0.009766489135351386},"point_estimate":-0.015915978145734644,"standard_error":0.004091240131860762}}