{"Mean":{"confidence_interval":{"confidence_level":0.95,"lower_bound":14128990.770287987,"upper_bound":16384303.057717938},"point_estimate":15408263.21049305,"standard_error":582268.6130830295},"Median":{"confidence_interval":{"confidence_level":0.95,"lower_bound":16123051.7,"upper_bound":16676186.115384616},"point_estimate":16355079.749042146,"standard_error":153744.36670790467},"MedianAbsDev":{"confidence_interval":{"confidence_level":0.95,"lower_bound":394344.04903613654,"upper_bound":1269758.357839422},"point_estimate":686834.7404421505,"standard_error":247292.83498149784},"Slope":{"confidence_interval":{"confidence_level":0.95,"lower_bound":16372526.476439158,"upper_bound":16745952.314275904},"point_estimate":16546760.332692308,"standard_error":94927.29704399747},"StdDev":{"confidence_interval":{"confidence_level":0.95,"lower_bound":877775.7655088833,"upper_bound":4861865.761876101},"point_estimate":3347750.467245434,"standard_error":1024694.8288488362}}