{"Mean":{"confidence_interval":{"confidence_level":0.95,"lower_bound":68500.11545853927,"upper_bound":75165.13591433279},"point_estimate":71015.43355299285,"standard_error":1863.4018136108123},"Median":{"confidence_interval":{"confidence_level":0.95,"lower_bound":67869.61696869852,"upper_bound":79206.09555189457},"point_estimate":69103.69645799011,"standard_error":2414.6337484156443},"MedianAbsDev":{"confidence_interval":{"confidence_level":0.95,"lower_bound":0.0,"upper_bound":3260.7093560317476},"point_estimate":1431.0631376907536,"standard_error":921.3406703991997},"Slope":{"confidence_interval":{"confidence_level":0.95,"lower_bound":68104.55034402559,"upper_bound":70589.26831888834},"point_estimate":68751.65119065449,"standard_error":688.7305801378777},"StdDev":{"confidence_interval":{"confidence_level":0.95,"lower_bound":477.4725801585615,"upper_bound":6005.10543598476},"point_estimate":4645.292437042581,"standard_error":2052.046266004408}}