{"Mean":{"confidence_interval":{"confidence_level":0.95,"lower_bound":7392.716924198262,"upper_bound":7451.537953631088},"point_estimate":7421.49452943658,"standard_error":14.987794520116536},"Median":{"confidence_interval":{"confidence_level":0.95,"lower_bound":7401.8612686410415,"upper_bound":7443.097255770263},"point_estimate":7424.26807568438,"standard_error":11.829630731416517},"MedianAbsDev":{"confidence_interval":{"confidence_level":0.95,"lower_bound":31.09436301267355,"upper_bound":114.4401252629666},"point_estimate":70.7090772604975,"standard_error":21.90240958185997},"Slope":{"confidence_interval":{"confidence_level":0.95,"lower_bound":7392.287179776882,"upper_bound":7442.117475895105},"point_estimate":7415.603595247345,"standard_error":12.71102892241046},"StdDev":{"confidence_interval":{"confidence_level":0.95,"lower_bound":57.866500414714444,"upper_bound":112.04555329855852},"point_estimate":86.20071929071251,"standard_error":14.110672081199473}}