{"Mean":{"confidence_interval":{"confidence_level":0.95,"lower_bound":6454.121759684443,"upper_bound":6540.203137347509},"point_estimate":6497.159660188107,"standard_error":21.944432551092497},"Median":{"confidence_interval":{"confidence_level":0.95,"lower_bound":6447.3310639912315,"upper_bound":6543.218215158924},"point_estimate":6506.56238245251,"standard_error":25.635631817795044},"MedianAbsDev":{"confidence_interval":{"confidence_level":0.95,"lower_bound":60.27064929673029,"upper_bound":186.92254267149008},"point_estimate":126.34066334027399,"standard_error":32.25961565902001},"Slope":{"confidence_interval":{"confidence_level":0.95,"lower_bound":6389.421288380654,"upper_bound":6491.983570127126},"point_estimate":6437.059976545702,"standard_error":26.181579352312383},"StdDev":{"confidence_interval":{"confidence_level":0.95,"lower_bound":93.34753805643102,"upper_bound":143.1820327085713},"point_estimate":121.82950335094203,"standard_error":12.769136207172606}}