{"Mean":{"confidence_interval":{"confidence_level":0.95,"lower_bound":604.7623767610974,"upper_bound":612.2779342106244},"point_estimate":607.9939612758834,"standard_error":1.9445190418139047},"Median":{"confidence_interval":{"confidence_level":0.95,"lower_bound":604.5783702914359,"upper_bound":608.4848598287653},"point_estimate":608.0806947236417,"standard_error":1.0378472405019152},"MedianAbsDev":{"confidence_interval":{"confidence_level":0.95,"lower_bound":0.6582527459412708,"upper_bound":6.467043794642649},"point_estimate":2.084608816061459,"standard_error":1.6576439951636375},"Slope":{"confidence_interval":{"confidence_level":0.95,"lower_bound":602.8382430173832,"upper_bound":606.3042139255062},"point_estimate":604.6054658387378,"standard_error":0.8896364903570296},"StdDev":{"confidence_interval":{"confidence_level":0.95,"lower_bound":3.5813737651953557,"upper_bound":17.03104425153122},"point_estimate":11.21407826287645,"standard_error":3.7101610075572506}}