{"Mean":{"confidence_interval":{"confidence_level":0.95,"lower_bound":1187.8383304715749,"upper_bound":1196.6217989498132},"point_estimate":1192.2202854180014,"standard_error":2.239541977049147},"Median":{"confidence_interval":{"confidence_level":0.95,"lower_bound":1187.9766587525667,"upper_bound":1195.4559838969712},"point_estimate":1191.9157375117722,"standard_error":1.9997424060601567},"MedianAbsDev":{"confidence_interval":{"confidence_level":0.95,"lower_bound":5.466821629177031,"upper_bound":14.724302712795525},"point_estimate":10.961110988666277,"standard_error":2.3340159939344414},"Slope":{"confidence_interval":{"confidence_level":0.95,"lower_bound":1186.2099029552892,"upper_bound":1193.2432287138445},"point_estimate":1189.7170570429955,"standard_error":1.794852580378922},"StdDev":{"confidence_interval":{"confidence_level":0.95,"lower_bound":8.392209926711569,"upper_bound":16.612962575560672},"point_estimate":12.884295336153126,"standard_error":2.0996144201428084}}