{"Mean":{"confidence_interval":{"confidence_level":0.95,"lower_bound":1671.9682744420227,"upper_bound":1683.9184826080073},"point_estimate":1676.8025583195517,"standard_error":3.1411581834321147},"Median":{"confidence_interval":{"confidence_level":0.95,"lower_bound":1671.9351699561403,"upper_bound":1674.1166789693461},"point_estimate":1672.7070224640124,"standard_error":0.5036431023191479},"MedianAbsDev":{"confidence_interval":{"confidence_level":0.95,"lower_bound":1.1348543384049434,"upper_bound":4.755705920918336},"point_estimate":2.69953871383947,"standard_error":0.9282331523910201},"Slope":{"confidence_interval":{"confidence_level":0.95,"lower_bound":1670.08987610397,"upper_bound":1673.7781394179192},"point_estimate":1672.0664248443443,"standard_error":0.9398139438055002},"StdDev":{"confidence_interval":{"confidence_level":0.95,"lower_bound":3.1670329506266497,"upper_bound":28.52067523536612},"point_estimate":18.080440348243318,"standard_error":7.274308282105956}}