{"Mean":{"confidence_interval":{"confidence_level":0.95,"lower_bound":2295854.29736211,"upper_bound":2378746.282973621},"point_estimate":2337300.290167866,"standard_error":21756.545671228065},"Median":{"confidence_interval":{"confidence_level":0.95,"lower_bound":2268773.0935251797,"upper_bound":2406004.3165467624},"point_estimate":2336423.5011990406,"standard_error":34356.581797586055},"MedianAbsDev":{"confidence_interval":{"confidence_level":0.95,"lower_bound":0.0,"upper_bound":100298.49263661198},"point_estimate":53708.8728594271,"standard_error":28010.51652970557},"Slope":{"confidence_interval":{"confidence_level":0.95,"lower_bound":2276933.1115107914,"upper_bound":2369533.9644074216},"point_estimate":2301567.6389797255,"standard_error":23257.628192767985},"StdDev":{"confidence_interval":{"confidence_level":0.95,"lower_bound":18498.015896385525,"upper_bound":70352.293301212},"point_estimate":54468.21440536017,"standard_error":12796.166416082662}}