{"Mean":{"confidence_interval":{"confidence_level":0.95,"lower_bound":1714.8959164644716,"upper_bound":1762.603788991732},"point_estimate":1732.6222688125354,"standard_error":13.367014269525889},"Median":{"confidence_interval":{"confidence_level":0.95,"lower_bound":1710.0743495010738,"upper_bound":1717.6025865124864},"point_estimate":1715.072566790223,"standard_error":1.681325564417154},"MedianAbsDev":{"confidence_interval":{"confidence_level":0.95,"lower_bound":5.668449941004603,"upper_bound":17.116734896049337},"point_estimate":10.64343392513488,"standard_error":3.2025154380682896},"Slope":{"confidence_interval":{"confidence_level":0.95,"lower_bound":1712.5946372190472,"upper_bound":1721.5029833288309},"point_estimate":1716.6249930440913,"standard_error":2.291136932911973},"StdDev":{"confidence_interval":{"confidence_level":0.95,"lower_bound":12.697930022409471,"upper_bound":126.94439139012815},"point_estimate":76.75831746197451,"standard_error":38.815086996064764}}