{"Mean":{"confidence_interval":{"confidence_level":0.95,"lower_bound":-0.016925560688801137,"upper_bound":0.004211811893900454},"point_estimate":-0.007825098632210814,"standard_error":0.005372086978608027},"Median":{"confidence_interval":{"confidence_level":0.95,"lower_bound":-0.019487323810420953,"upper_bound":0.00013229793959657066},"point_estimate":-0.010833032401321385,"standard_error":0.0045531622695297825}}