{"Mean":{"confidence_interval":{"confidence_level":0.95,"lower_bound":937.7477504789147,"upper_bound":962.4693204282859},"point_estimate":950.2267582578019,"standard_error":6.302846998579987},"Median":{"confidence_interval":{"confidence_level":0.95,"lower_bound":936.6504614176321,"upper_bound":973.3591426735447},"point_estimate":958.2828751881668,"standard_error":12.110251723627272},"MedianAbsDev":{"confidence_interval":{"confidence_level":0.95,"lower_bound":20.3686946284432,"upper_bound":59.7348198272329},"point_estimate":36.77982753706949,"standard_error":10.437485153670567},"Slope":{"confidence_interval":{"confidence_level":0.95,"lower_bound":929.5888202169863,"upper_bound":962.6950503384975},"point_estimate":946.5935251610259,"standard_error":8.491200669282607},"StdDev":{"confidence_interval":{"confidence_level":0.95,"lower_bound":29.45510673022313,"upper_bound":40.70242970306262},"point_estimate":36.088843109369236,"standard_error":2.8701134179309418}}