{"Mean":{"confidence_interval":{"confidence_level":0.95,"lower_bound":4535.9868582715835,"upper_bound":4584.430796102949},"point_estimate":4560.072685389517,"standard_error":12.361988011548119},"Median":{"confidence_interval":{"confidence_level":0.95,"lower_bound":4527.8864202064715,"upper_bound":4592.924164524422},"point_estimate":4557.184663463962,"standard_error":16.58878481263021},"MedianAbsDev":{"confidence_interval":{"confidence_level":0.95,"lower_bound":39.51975407433028,"upper_bound":95.33306110860512},"point_estimate":67.00989035215304,"standard_error":13.83888233865882},"Slope":{"confidence_interval":{"confidence_level":0.95,"lower_bound":4572.4343738428,"upper_bound":4622.215677791377},"point_estimate":4598.93950825563,"standard_error":12.670314911058036},"StdDev":{"confidence_interval":{"confidence_level":0.95,"lower_bound":50.798530103535406,"upper_bound":83.07823547177657},"point_estimate":68.73274021312885,"standard_error":8.262816248818089}}