{"Mean":{"confidence_interval":{"confidence_level":0.95,"lower_bound":17649.127627542948,"upper_bound":17835.32452678211},"point_estimate":17736.333421841013,"standard_error":47.688648952441035},"Median":{"confidence_interval":{"confidence_level":0.95,"lower_bound":17569.409900908082,"upper_bound":17763.727305303393},"point_estimate":17677.342132505175,"standard_error":44.117954196907625},"MedianAbsDev":{"confidence_interval":{"confidence_level":0.95,"lower_bound":121.3181163552405,"upper_bound":342.69342921312295},"point_estimate":222.45336259298398,"standard_error":54.58426802740264},"Slope":{"confidence_interval":{"confidence_level":0.95,"lower_bound":17596.567144581826,"upper_bound":17742.448841193527},"point_estimate":17664.381854551306,"standard_error":37.11872366818663},"StdDev":{"confidence_interval":{"confidence_level":0.95,"lower_bound":166.79005481776872,"upper_bound":352.8899121966068},"point_estimate":266.20992152586547,"standard_error":49.389787100144126}}