{"Mean":{"confidence_interval":{"confidence_level":0.95,"lower_bound":28025.25582093575,"upper_bound":28180.695137313687},"point_estimate":28094.591070179966,"standard_error":39.973947004358344},"Median":{"confidence_interval":{"confidence_level":0.95,"lower_bound":28021.08672337278,"upper_bound":28076.857741617358},"point_estimate":28051.605818540433,"standard_error":12.218220038139446},"MedianAbsDev":{"confidence_interval":{"confidence_level":0.95,"lower_bound":39.62750775801003,"upper_bound":129.2687148448658},"point_estimate":89.22196662631939,"standard_error":24.807177785037712},"Slope":{"confidence_interval":{"confidence_level":0.95,"lower_bound":28038.622968140597,"upper_bound":28083.791530301904},"point_estimate":28060.835479165806,"standard_error":11.552487044707956},"StdDev":{"confidence_interval":{"confidence_level":0.95,"lower_bound":81.57891015295293,"upper_bound":321.7693008077539},"point_estimate":230.00810451113858,"standard_error":58.32412742599621}}