{"Mean":{"confidence_interval":{"confidence_level":0.95,"lower_bound":5192877.885648677,"upper_bound":7096239.196076951},"point_estimate":6053274.912937304,"standard_error":489513.646485075},"Median":{"confidence_interval":{"confidence_level":0.95,"lower_bound":4776154.534210526,"upper_bound":5026232.6},"point_estimate":4993881.951923077,"standard_error":72778.27282141625},"MedianAbsDev":{"confidence_interval":{"confidence_level":0.95,"lower_bound":214500.63351718534,"upper_bound":713793.9867728306},"point_estimate":445801.31198294496,"standard_error":130407.49632686595},"Slope":{"confidence_interval":{"confidence_level":0.95,"lower_bound":4863016.641227736,"upper_bound":7017447.906497604},"point_estimate":5724284.138111888,"standard_error":554523.3016777867},"StdDev":{"confidence_interval":{"confidence_level":0.95,"lower_bound":1297263.7305380823,"upper_bound":3744702.4135791836},"point_estimate":2805281.8176411367,"standard_error":624440.9590340742}}