{"Mean":{"confidence_interval":{"confidence_level":0.95,"lower_bound":4518601.820629929,"upper_bound":4628340.843583856},"point_estimate":4572237.192803578,"standard_error":28086.696151786924},"Median":{"confidence_interval":{"confidence_level":0.95,"lower_bound":4481913.960784313,"upper_bound":4594886.277777778},"point_estimate":4546567.749198718,"standard_error":32348.939807135397},"MedianAbsDev":{"confidence_interval":{"confidence_level":0.95,"lower_bound":84594.59574596684,"upper_bound":267159.2475342484},"point_estimate":165770.48340511575,"standard_error":51844.47565004922},"Slope":{"confidence_interval":{"confidence_level":0.95,"lower_bound":4479954.15815227,"upper_bound":4552228.744635476},"point_estimate":4518467.119522144,"standard_error":18393.808701990616},"StdDev":{"confidence_interval":{"confidence_level":0.95,"lower_bound":124307.83030939518,"upper_bound":190685.3708287727},"point_estimate":161508.51539876114,"standard_error":16977.88930821801}}