{"Mean":{"confidence_interval":{"confidence_level":0.95,"lower_bound":18.209196146935444,"upper_bound":18.77553531302432},"point_estimate":18.420584149004004,"standard_error":0.15829355763115507},"Median":{"confidence_interval":{"confidence_level":0.95,"lower_bound":18.133566539078508,"upper_bound":18.26807013642933},"point_estimate":18.214566491431476,"standard_error":0.03919873745911865},"MedianAbsDev":{"confidence_interval":{"confidence_level":0.95,"lower_bound":0.09124373642226082,"upper_bound":0.2433225153173847},"point_estimate":0.15656886973498305,"standard_error":0.04319349313830732},"Slope":{"confidence_interval":{"confidence_level":0.95,"lower_bound":18.145267904926317,"upper_bound":18.232151424643305},"point_estimate":18.18409998451749,"standard_error":0.022090911843095293},"StdDev":{"confidence_interval":{"confidence_level":0.95,"lower_bound":0.16346603032624143,"upper_bound":1.5010683414554216},"point_estimate":0.9084239913896694,"standard_error":0.45569448054036626}}