{"Mean":{"confidence_interval":{"confidence_level":0.95,"lower_bound":307927.26181663654,"upper_bound":315305.3010050903},"point_estimate":310939.20942876016,"standard_error":1944.1770503795417},"Median":{"confidence_interval":{"confidence_level":0.95,"lower_bound":307382.86559139786,"upper_bound":308432.0765746465},"point_estimate":307906.6429618768,"standard_error":261.04840642977393},"MedianAbsDev":{"confidence_interval":{"confidence_level":0.95,"lower_bound":612.2720743987848,"upper_bound":1643.5241087934344},"point_estimate":1074.1980563069994,"standard_error":265.86910979555336},"Slope":{"confidence_interval":{"confidence_level":0.95,"lower_bound":307420.1935784638,"upper_bound":308544.3649072902},"point_estimate":307938.44921046693,"standard_error":286.11527124013304},"StdDev":{"confidence_interval":{"confidence_level":0.95,"lower_bound":1175.2882387499592,"upper_bound":17254.86991779198},"point_estimate":11144.422475698435,"standard_error":4314.4968812622155}}