{"Mean":{"confidence_interval":{"confidence_level":0.95,"lower_bound":128.21717698812142,"upper_bound":131.5671209706862},"point_estimate":129.4762851068302,"standard_error":0.9315349656945641},"Median":{"confidence_interval":{"confidence_level":0.95,"lower_bound":128.0771651210581,"upper_bound":128.72760180361843},"point_estimate":128.55162647734275,"standard_error":0.14799448265476947},"MedianAbsDev":{"confidence_interval":{"confidence_level":0.95,"lower_bound":0.33598154282946185,"upper_bound":2.0078568907103036},"point_estimate":1.1249240501415056,"standard_error":0.44922008841455857},"Slope":{"confidence_interval":{"confidence_level":0.95,"lower_bound":127.8233118882879,"upper_bound":128.98463975286052},"point_estimate":128.3761053936891,"standard_error":0.2961418720371716},"StdDev":{"confidence_interval":{"confidence_level":0.95,"lower_bound":1.0113687489492273,"upper_bound":8.829433421174222},"point_estimate":5.346647520685131,"standard_error":2.650707097765444}}