{"Mean":{"confidence_interval":{"confidence_level":0.95,"lower_bound":20874.503036059486,"upper_bound":21018.060663763874},"point_estimate":20936.740396768568,"standard_error":37.03049746808882},"Median":{"confidence_interval":{"confidence_level":0.95,"lower_bound":20844.49507665165,"upper_bound":20917.73712607461},"point_estimate":20876.698609512252,"standard_error":18.19098285793772},"MedianAbsDev":{"confidence_interval":{"confidence_level":0.95,"lower_bound":42.94471781994231,"upper_bound":131.2988290326166},"point_estimate":70.30736449126331,"standard_error":21.446305909897127},"Slope":{"confidence_interval":{"confidence_level":0.95,"lower_bound":20835.338517894284,"upper_bound":20869.365196448918},"point_estimate":20851.6498129642,"standard_error":8.686913262789762},"StdDev":{"confidence_interval":{"confidence_level":0.95,"lower_bound":70.0899872619772,"upper_bound":316.2713687869329},"point_estimate":213.02762656003605,"standard_error":65.5060304745598}}