{"Mean":{"confidence_interval":{"confidence_level":0.95,"lower_bound":214.97716132115067,"upper_bound":219.59045028617373},"point_estimate":216.83606465497184,"standard_error":1.2103106866861921},"Median":{"confidence_interval":{"confidence_level":0.95,"lower_bound":213.94106989438882,"upper_bound":216.9477842926431},"point_estimate":215.05695169097493,"standard_error":0.7754721505152241},"MedianAbsDev":{"confidence_interval":{"confidence_level":0.95,"lower_bound":1.4956361074955278,"upper_bound":4.4268856329554955},"point_estimate":2.8165828179958825,"standard_error":0.7608929844541821},"Slope":{"confidence_interval":{"confidence_level":0.95,"lower_bound":214.11110955289644,"upper_bound":215.85217705453022},"point_estimate":214.95466863869277,"standard_error":0.4466210684427322},"StdDev":{"confidence_interval":{"confidence_level":0.95,"lower_bound":2.299603109251563,"upper_bound":11.02950075791938},"point_estimate":6.9293813185272395,"standard_error":2.8167300886175095}}