{"Mean":{"confidence_interval":{"confidence_level":0.95,"lower_bound":1811529956.6666665,"upper_bound":1881587295.0},"point_estimate":1839064131.6666665,"standard_error":18886565.856978506},"Median":{"confidence_interval":{"confidence_level":0.95,"lower_bound":1805611650.0,"upper_bound":1921369200.0},"point_estimate":1824510933.3333333,"standard_error":24745855.585058324},"MedianAbsDev":{"confidence_interval":{"confidence_level":0.95,"lower_bound":0.0,"upper_bound":40414859.85249281},"point_estimate":20093912.18826163,"standard_error":12297285.299370967},"Slope":{"confidence_interval":{"confidence_level":0.95,"lower_bound":1812552875.862069,"upper_bound":1837760365.625},"point_estimate":1824754838.1818182,"standard_error":6846935.78922513},"StdDev":{"confidence_interval":{"confidence_level":0.95,"lower_bound":7049788.544650417,"upper_bound":61489638.94476806},"point_estimate":47258092.722413406,"standard_error":19531938.950431265}}