{"Mean":{"confidence_interval":{"confidence_level":0.95,"lower_bound":1852.8312174229688,"upper_bound":1903.646963503963},"point_estimate":1873.6781921120241,"standard_error":13.399394172418496},"Median":{"confidence_interval":{"confidence_level":0.95,"lower_bound":1847.3375711960944,"upper_bound":1860.7188225037778},"point_estimate":1850.5173295576205,"standard_error":4.4372481278196805},"MedianAbsDev":{"confidence_interval":{"confidence_level":0.95,"lower_bound":6.147994663023739,"upper_bound":20.609790188684496},"point_estimate":12.31804033664052,"standard_error":3.7371959463467164},"Slope":{"confidence_interval":{"confidence_level":0.95,"lower_bound":1847.3508772476864,"upper_bound":1854.2304254253402},"point_estimate":1850.5470748256016,"standard_error":1.7473910424213206},"StdDev":{"confidence_interval":{"confidence_level":0.95,"lower_bound":10.463286946138856,"upper_bound":120.1261261811645},"point_estimate":77.36869506968968,"standard_error":30.055686487881207}}