{"Mean":{"confidence_interval":{"confidence_level":0.95,"lower_bound":813917.2266675549,"upper_bound":861954.319823366},"point_estimate":833111.0553011087,"standard_error":12772.803059345772},"Median":{"confidence_interval":{"confidence_level":0.95,"lower_bound":812094.7797619047,"upper_bound":814390.7424242424},"point_estimate":813391.6559364549,"standard_error":640.858350694246},"MedianAbsDev":{"confidence_interval":{"confidence_level":0.95,"lower_bound":1536.879832330319,"upper_bound":4961.100741922867},"point_estimate":2766.7746339554133,"standard_error":893.3052007636959},"Slope":{"confidence_interval":{"confidence_level":0.95,"lower_bound":811983.0801807663,"upper_bound":814218.1046920614},"point_estimate":813001.8377622378,"standard_error":568.4838763447375},"StdDev":{"confidence_interval":{"confidence_level":0.95,"lower_bound":4057.9001633189987,"upper_bound":114785.19965729021},"point_estimate":73629.05833158037,"standard_error":30193.5707695755}}