{"Mean":{"confidence_interval":{"confidence_level":0.95,"lower_bound":17776.188071036424,"upper_bound":18482.777233856577},"point_estimate":18091.32692681877,"standard_error":181.52467337102502},"Median":{"confidence_interval":{"confidence_level":0.95,"lower_bound":17643.435618341824,"upper_bound":17977.70341207349},"point_estimate":17877.203257201545,"standard_error":76.18660777016235},"MedianAbsDev":{"confidence_interval":{"confidence_level":0.95,"lower_bound":179.1892752560651,"upper_bound":681.3368924314098},"point_estimate":382.43528336336493,"standard_error":115.43201378901168},"Slope":{"confidence_interval":{"confidence_level":0.95,"lower_bound":17627.75113525121,"upper_bound":18258.337772278646},"point_estimate":17894.007540196024,"standard_error":161.86103416555724},"StdDev":{"confidence_interval":{"confidence_level":0.95,"lower_bound":428.6765387105829,"upper_bound":1482.4360271108183},"point_estimate":1043.8685160634782,"standard_error":270.7728931417731}}