{"Mean":{"confidence_interval":{"confidence_level":0.95,"lower_bound":975.6872429991287,"upper_bound":994.315910966789},"point_estimate":982.6835838179386,"standard_error":5.196446003434213},"Median":{"confidence_interval":{"confidence_level":0.95,"lower_bound":976.5381949605407,"upper_bound":981.1369344637739},"point_estimate":980.0766253069576,"standard_error":1.060957589440788},"MedianAbsDev":{"confidence_interval":{"confidence_level":0.95,"lower_bound":1.2031273754880194,"upper_bound":8.513605832363746},"point_estimate":2.849467743232852,"standard_error":1.8953729119673473},"Slope":{"confidence_interval":{"confidence_level":0.95,"lower_bound":972.3744912649003,"upper_bound":978.1044280445774},"point_estimate":975.2381580026831,"standard_error":1.4641797161689754},"StdDev":{"confidence_interval":{"confidence_level":0.95,"lower_bound":5.210090089510655,"upper_bound":49.60248226563029},"point_estimate":29.910736904784773,"standard_error":15.072628178963084}}