{"Mean":{"confidence_interval":{"confidence_level":0.95,"lower_bound":199.59743150757205,"upper_bound":205.52145902699903},"point_estimate":202.0413961764679,"standard_error":1.55236273860026},"Median":{"confidence_interval":{"confidence_level":0.95,"lower_bound":198.49863506423372,"upper_bound":200.64285753465876},"point_estimate":199.5925944329506,"standard_error":0.5636462488952402},"MedianAbsDev":{"confidence_interval":{"confidence_level":0.95,"lower_bound":1.3666418469713288,"upper_bound":4.160283952988225},"point_estimate":2.4974152019485265,"standard_error":0.7431034053772547},"Slope":{"confidence_interval":{"confidence_level":0.95,"lower_bound":198.56347047944786,"upper_bound":199.5540849806543},"point_estimate":199.05557568679208,"standard_error":0.2531701062217899},"StdDev":{"confidence_interval":{"confidence_level":0.95,"lower_bound":2.4360892689002456,"upper_bound":13.93529866003693},"point_estimate":8.952461436697257,"standard_error":3.370951900372105}}