{"Mean":{"confidence_interval":{"confidence_level":0.95,"lower_bound":0.02429595520713337,"upper_bound":0.13664447855801626},"point_estimate":0.07553434404961767,"standard_error":0.027535531316842058},"Median":{"confidence_interval":{"confidence_level":0.95,"lower_bound":-0.00011020357065660846,"upper_bound":0.041944764036256466},"point_estimate":0.025285523365079055,"standard_error":0.01095426947012223}}