{"Mean":{"confidence_interval":{"confidence_level":0.95,"lower_bound":-0.27528905309649954,"upper_bound":-0.20170630968215103},"point_estimate":-0.2389709923521086,"standard_error":0.01884340200854198},"Median":{"confidence_interval":{"confidence_level":0.95,"lower_bound":-0.27253452932890443,"upper_bound":-0.174902454783602},"point_estimate":-0.22362154164094428,"standard_error":0.026581615861916413}}