{"Mean":{"confidence_interval":{"confidence_level":0.95,"lower_bound":96522362.17221406,"upper_bound":97303339.28962758},"point_estimate":96844392.4193514,"standard_error":204161.8264898209},"Median":{"confidence_interval":{"confidence_level":0.95,"lower_bound":96375924.95238096,"upper_bound":96699372.70833334},"point_estimate":96447234.69736841,"standard_error":99773.89636369057},"MedianAbsDev":{"confidence_interval":{"confidence_level":0.95,"lower_bound":135296.39775362544,"upper_bound":557878.3789254952},"point_estimate":340154.2957210489,"standard_error":100519.39473178524},"Slope":{"confidence_interval":{"confidence_level":0.95,"lower_bound":96332347.99494733,"upper_bound":96481302.22901638},"point_estimate":96396424.77377622,"standard_error":37974.30535350483},"StdDev":{"confidence_interval":{"confidence_level":0.95,"lower_bound":335529.0247934035,"upper_bound":1826402.3012316716},"point_estimate":1172766.6006251392,"standard_error":444442.0204830626}}