{"Mean":{"confidence_interval":{"confidence_level":0.95,"lower_bound":-0.12306560905892838,"upper_bound":-0.038706485428322224},"point_estimate":-0.08051988001207078,"standard_error":0.02171870207780559},"Median":{"confidence_interval":{"confidence_level":0.95,"lower_bound":-0.14779271012648942,"upper_bound":-0.01823564954460799},"point_estimate":-0.056379858628793245,"standard_error":0.03455425198705136}}