{"Mean":{"confidence_interval":{"confidence_level":0.95,"lower_bound":10826847.930317469,"upper_bound":10961181.188979652},"point_estimate":10884877.421971755,"standard_error":34793.23256822872},"Median":{"confidence_interval":{"confidence_level":0.95,"lower_bound":10822687.1875,"upper_bound":10859890.958333332},"point_estimate":10833534.023809522,"standard_error":11457.326165632005},"MedianAbsDev":{"confidence_interval":{"confidence_level":0.95,"lower_bound":31131.178142559547,"upper_bound":86779.04132926287},"point_estimate":58056.706415953246,"standard_error":14103.018405892866},"Slope":{"confidence_interval":{"confidence_level":0.95,"lower_bound":10792048.661540879,"upper_bound":10837735.46796212},"point_estimate":10813469.166083915,"standard_error":11702.935833721403},"StdDev":{"confidence_interval":{"confidence_level":0.95,"lower_bound":48471.978664880546,"upper_bound":297100.80413776916},"point_estimate":199790.19335915716,"standard_error":62977.57029252415}}