{"Mean":{"confidence_interval":{"confidence_level":0.95,"lower_bound":47693.534638994446,"upper_bound":48351.11487869044},"point_estimate":48030.581798694344,"standard_error":169.94475649655314},"Median":{"confidence_interval":{"confidence_level":0.95,"lower_bound":47483.35769268245,"upper_bound":48398.03420052616},"point_estimate":48253.916983338204,"standard_error":318.29420856688995},"MedianAbsDev":{"confidence_interval":{"confidence_level":0.95,"lower_bound":0.0,"upper_bound":269.0146809884228},"point_estimate":213.6681824094993,"standard_error":103.9259059266474},"Slope":{"confidence_interval":{"confidence_level":0.95,"lower_bound":47626.90490110104,"upper_bound":48373.322927754765},"point_estimate":48203.983683665065,"standard_error":184.0668487691226},"StdDev":{"confidence_interval":{"confidence_level":0.95,"lower_bound":54.15744878740029,"upper_bound":484.8216665629822},"point_estimate":424.843306637655,"standard_error":107.71940298055856}}