{"Mean":{"confidence_interval":{"confidence_level":0.95,"lower_bound":3232297.2210526317,"upper_bound":3293974.459649123},"point_estimate":3265674.5719298245,"standard_error":15686.710233371216},"Median":{"confidence_interval":{"confidence_level":0.95,"lower_bound":3210151.5789473685,"upper_bound":3298007.01754386},"point_estimate":3289182.8947368423,"standard_error":27644.126962496048},"MedianAbsDev":{"confidence_interval":{"confidence_level":0.95,"lower_bound":0.0,"upper_bound":42316.52451188919},"point_estimate":13082.644241420821,"standard_error":15503.668786701452},"Slope":{"confidence_interval":{"confidence_level":0.95,"lower_bound":3263785.0415512463,"upper_bound":3293221.052631579},"point_estimate":3286951.961722488,"standard_error":8373.588593681934},"StdDev":{"confidence_interval":{"confidence_level":0.95,"lower_bound":3194.8963560377692,"upper_bound":46648.655072458976},"point_estimate":39114.322469295184,"standard_error":10979.417763317953}}