{"Mean":{"confidence_interval":{"confidence_level":0.95,"lower_bound":-0.25064856363104143,"upper_bound":-0.22633664808956785},"point_estimate":-0.2392056958755604,"standard_error":0.006077309411255613},"Median":{"confidence_interval":{"confidence_level":0.95,"lower_bound":-0.24180385664158266,"upper_bound":-0.22757695968119074},"point_estimate":-0.2330758198774081,"standard_error":0.0036045444403647094}}