{"Mean":{"confidence_interval":{"confidence_level":0.95,"lower_bound":-0.14921914926599802,"upper_bound":-0.07797560446626756},"point_estimate":-0.11209689329028671,"standard_error":0.018171885029979337},"Median":{"confidence_interval":{"confidence_level":0.95,"lower_bound":-0.13555356804058438,"upper_bound":-0.04445119280463383},"point_estimate":-0.06820284269598598,"standard_error":0.020676236960517288}}