{"Mean":{"confidence_interval":{"confidence_level":0.95,"lower_bound":-0.01654346184217408,"upper_bound":0.007036412031851466},"point_estimate":-0.005646055673759309,"standard_error":0.006021402776457627},"Median":{"confidence_interval":{"confidence_level":0.95,"lower_bound":-0.011209750709799904,"upper_bound":-0.007492449663207723},"point_estimate":-0.00899220913261023,"standard_error":0.0009011934233020975}}