{"Mean":{"confidence_interval":{"confidence_level":0.95,"lower_bound":-0.029487847962280517,"upper_bound":-0.012460225015050315},"point_estimate":-0.02134160191339307,"standard_error":0.004341234553499398},"Median":{"confidence_interval":{"confidence_level":0.95,"lower_bound":-0.0367716822369244,"upper_bound":-0.015248461233440591},"point_estimate":-0.024752768536867364,"standard_error":0.005588133762076031}}