{"Mean":{"confidence_interval":{"confidence_level":0.95,"lower_bound":-0.16711533254363875,"upper_bound":-0.1289271200520168},"point_estimate":-0.14903100999029562,"standard_error":0.009731535146916633},"Median":{"confidence_interval":{"confidence_level":0.95,"lower_bound":-0.15724772572659962,"upper_bound":-0.14000181039557735},"point_estimate":-0.15104929762696206,"standard_error":0.004248486507491128}}