{"Mean":{"confidence_interval":{"confidence_level":0.95,"lower_bound":498.40538343009405,"upper_bound":569.0133762822212},"point_estimate":531.7335099065987,"standard_error":18.108358824430745},"Median":{"confidence_interval":{"confidence_level":0.95,"lower_bound":457.8886038407057,"upper_bound":531.7328021376602},"point_estimate":486.3416713399424,"standard_error":21.852752220631295},"MedianAbsDev":{"confidence_interval":{"confidence_level":0.95,"lower_bound":11.285680669351324,"upper_bound":113.8821663276175},"point_estimate":49.8985167900436,"standard_error":28.34502444029467},"Slope":{"confidence_interval":{"confidence_level":0.95,"lower_bound":496.0064783592242,"upper_bound":575.269687179065},"point_estimate":530.0895179779174,"standard_error":20.210813931899594},"StdDev":{"confidence_interval":{"confidence_level":0.95,"lower_bound":69.67989219023812,"upper_bound":127.3444593840948},"point_estimate":104.23255586637093,"standard_error":14.730166167033918}}