{"Mean":{"confidence_interval":{"confidence_level":0.95,"lower_bound":330.7066771049724,"upper_bound":337.7202588329923},"point_estimate":333.6895466851988,"standard_error":1.8131902022890733},"Median":{"confidence_interval":{"confidence_level":0.95,"lower_bound":331.0747146073841,"upper_bound":333.17001664939175},"point_estimate":331.82365443627464,"standard_error":0.5057267142116177},"MedianAbsDev":{"confidence_interval":{"confidence_level":0.95,"lower_bound":1.5688331350005318,"upper_bound":8.179419479713081},"point_estimate":3.1284279227817526,"standard_error":1.8342132321905122},"Slope":{"confidence_interval":{"confidence_level":0.95,"lower_bound":328.1966421455031,"upper_bound":330.86911810669557},"point_estimate":329.48567552037656,"standard_error":0.6845390157720079},"StdDev":{"confidence_interval":{"confidence_level":0.95,"lower_bound":3.9008852719046696,"upper_bound":16.06448898735266},"point_estimate":10.446171601884544,"standard_error":3.6014682271182394}}