{"Mean":{"confidence_interval":{"confidence_level":0.95,"lower_bound":64291346.66666667,"upper_bound":68640635.0},"point_estimate":66296411.66666667,"standard_error":1092519.1812140483},"Median":{"confidence_interval":{"confidence_level":0.95,"lower_bound":63625500.0,"upper_bound":70217925.0},"point_estimate":65089233.333333336,"standard_error":1795762.4560731468},"MedianAbsDev":{"confidence_interval":{"confidence_level":0.95,"lower_bound":0.0,"upper_bound":3301416.5563881397},"point_estimate":2170131.001472477,"standard_error":1214184.1090132247},"Slope":{"confidence_interval":{"confidence_level":0.95,"lower_bound":63872042.62295082,"upper_bound":68412242.3076923},"point_estimate":65631435.45454545,"standard_error":1267549.9474394836},"StdDev":{"confidence_interval":{"confidence_level":0.95,"lower_bound":529075.2715561587,"upper_bound":3396558.9681926207},"point_estimate":2732336.8881351156,"standard_error":723254.9724488542}}