{"Mean":{"confidence_interval":{"confidence_level":0.95,"lower_bound":101277.23991132996,"upper_bound":103689.22160141887},"point_estimate":102358.06553039902,"standard_error":619.7100690152344},"Median":{"confidence_interval":{"confidence_level":0.95,"lower_bound":100249.82874183008,"upper_bound":102575.93558201058},"point_estimate":101362.93968253968,"standard_error":567.5422204543996},"MedianAbsDev":{"confidence_interval":{"confidence_level":0.95,"lower_bound":1095.888598773748,"upper_bound":3294.7898917706225},"point_estimate":1984.7556826524324,"standard_error":533.4386751020436},"Slope":{"confidence_interval":{"confidence_level":0.95,"lower_bound":100559.1481087078,"upper_bound":101569.78159286069},"point_estimate":101042.9139403652,"standard_error":258.59118017889597},"StdDev":{"confidence_interval":{"confidence_level":0.95,"lower_bound":1637.7887615117038,"upper_bound":5059.1946012934495},"point_estimate":3566.375904764654,"standard_error":897.2719968885831}}