{"Mean":{"confidence_interval":{"confidence_level":0.95,"lower_bound":6811.965211737674,"upper_bound":7012.31281566787},"point_estimate":6907.539086658504,"standard_error":51.07503601702128},"Median":{"confidence_interval":{"confidence_level":0.95,"lower_bound":6672.365676972282,"upper_bound":6918.425373134329},"point_estimate":6801.521298507463,"standard_error":61.52215417618971},"MedianAbsDev":{"confidence_interval":{"confidence_level":0.95,"lower_bound":19.07384096734312,"upper_bound":378.18802290024877},"point_estimate":209.44330790823642,"standard_error":86.0195322976258},"Slope":{"confidence_interval":{"confidence_level":0.95,"lower_bound":6860.135405714105,"upper_bound":7165.089396547031},"point_estimate":7014.425971845319,"standard_error":77.74763500004194},"StdDev":{"confidence_interval":{"confidence_level":0.95,"lower_bound":211.29923485938525,"upper_bound":345.42853373972616},"point_estimate":293.33522587655693,"standard_error":34.4144297377391}}