{"Mean":{"confidence_interval":{"confidence_level":0.95,"lower_bound":30.729511269078976,"upper_bound":30.88120035276291},"point_estimate":30.800821120271387,"standard_error":0.03865078721798327},"Median":{"confidence_interval":{"confidence_level":0.95,"lower_bound":30.70642204534901,"upper_bound":30.804955810764557},"point_estimate":30.740977214220873,"standard_error":0.026772273933827764},"MedianAbsDev":{"confidence_interval":{"confidence_level":0.95,"lower_bound":0.05877462442296538,"upper_bound":0.23138443421826851},"point_estimate":0.11670710658081075,"standard_error":0.04487488787067223},"Slope":{"confidence_interval":{"confidence_level":0.95,"lower_bound":30.61038768984336,"upper_bound":30.7188361524941},"point_estimate":30.662965556080188,"standard_error":0.027661095348426545},"StdDev":{"confidence_interval":{"confidence_level":0.95,"lower_bound":0.13412185285582828,"upper_bound":0.2935664596062929},"point_estimate":0.22172218558541468,"standard_error":0.04120689903810471}}