{"Mean":{"confidence_interval":{"confidence_level":0.95,"lower_bound":3577.6380593963895,"upper_bound":3601.5422613530795},"point_estimate":3588.474146727911,"standard_error":6.144327747580905},"Median":{"confidence_interval":{"confidence_level":0.95,"lower_bound":3570.956686365406,"upper_bound":3577.586792039704},"point_estimate":3574.421888564822,"standard_error":1.9830744209785203},"MedianAbsDev":{"confidence_interval":{"confidence_level":0.95,"lower_bound":2.8536995610529634,"upper_bound":10.518668805082068},"point_estimate":6.4112046423090705,"standard_error":2.1463939580089564},"Slope":{"confidence_interval":{"confidence_level":0.95,"lower_bound":3574.908157415514,"upper_bound":3588.24184789275},"point_estimate":3580.7708112391697,"standard_error":3.456882011939092},"StdDev":{"confidence_interval":{"confidence_level":0.95,"lower_bound":17.31257706350143,"upper_bound":46.83936226680603},"point_estimate":35.316980678381064,"standard_error":7.512295336448523}}