{"Mean":{"confidence_interval":{"confidence_level":0.95,"lower_bound":20.24592072690568,"upper_bound":20.809735573482033},"point_estimate":20.4892292740897,"standard_error":0.14627406111515406},"Median":{"confidence_interval":{"confidence_level":0.95,"lower_bound":20.32323036246749,"upper_bound":20.442177172149748},"point_estimate":20.37313836446951,"standard_error":0.03738616899515346},"MedianAbsDev":{"confidence_interval":{"confidence_level":0.95,"lower_bound":0.08837133893904517,"upper_bound":0.22377542234095074},"point_estimate":0.14123959371499373,"standard_error":0.0360083368257984},"Slope":{"confidence_interval":{"confidence_level":0.95,"lower_bound":20.25585980316389,"upper_bound":20.382500051146273},"point_estimate":20.320215162081464,"standard_error":0.032168217819323754},"StdDev":{"confidence_interval":{"confidence_level":0.95,"lower_bound":0.2265916822255838,"upper_bound":1.2704460265620066},"point_estimate":0.8399973094984101,"standard_error":0.27857480409691737}}