{"Mean":{"confidence_interval":{"confidence_level":0.95,"lower_bound":49.74187839824348,"upper_bound":50.70423692167985},"point_estimate":50.193567744761175,"standard_error":0.24595147564585731},"Median":{"confidence_interval":{"confidence_level":0.95,"lower_bound":49.152006517299704,"upper_bound":50.388767805773426},"point_estimate":49.806025600981,"standard_error":0.42653629582857117},"MedianAbsDev":{"confidence_interval":{"confidence_level":0.95,"lower_bound":0.21969663499308945,"upper_bound":1.8107661294435997},"point_estimate":1.1113862286099239,"standard_error":0.4911216323454267},"Slope":{"confidence_interval":{"confidence_level":0.95,"lower_bound":49.37916554220949,"upper_bound":50.53544081754103},"point_estimate":49.89218987188629,"standard_error":0.296587037376797},"StdDev":{"confidence_interval":{"confidence_level":0.95,"lower_bound":0.867697855666512,"upper_bound":1.8652824282959006},"point_estimate":1.4151788022211171,"standard_error":0.2603255343133352}}