{"Mean":{"confidence_interval":{"confidence_level":0.95,"lower_bound":14220.989702619241,"upper_bound":14543.34629672798},"point_estimate":14374.012764519832,"standard_error":82.3941869589531},"Median":{"confidence_interval":{"confidence_level":0.95,"lower_bound":14088.59159977788,"upper_bound":14383.396039819163},"point_estimate":14162.836971830986,"standard_error":83.78635387061813},"MedianAbsDev":{"confidence_interval":{"confidence_level":0.95,"lower_bound":115.09817590447936,"upper_bound":523.4733542561535},"point_estimate":272.68648476761035,"standard_error":106.90349411232474},"Slope":{"confidence_interval":{"confidence_level":0.95,"lower_bound":14124.693761850673,"upper_bound":14584.94789710525},"point_estimate":14340.618764568764,"standard_error":117.5178052233207},"StdDev":{"confidence_interval":{"confidence_level":0.95,"lower_bound":324.64250728626234,"upper_bound":572.5140001739148},"point_estimate":474.824640096209,"standard_error":63.677213025498745}}