{"Mean":{"confidence_interval":{"confidence_level":0.95,"lower_bound":933169.6685236769,"upper_bound":983156.0167130919},"point_estimate":955406.8142989787,"standard_error":12525.237250977461},"Median":{"confidence_interval":{"confidence_level":0.95,"lower_bound":922045.7938718663,"upper_bound":1001619.9628597958},"point_estimate":942448.1197771587,"standard_error":19067.41321196942},"MedianAbsDev":{"confidence_interval":{"confidence_level":0.95,"lower_bound":0.0,"upper_bound":45002.96624839149},"point_estimate":30248.48785016852,"standard_error":17496.743531332584},"Slope":{"confidence_interval":{"confidence_level":0.95,"lower_bound":925785.4214605789,"upper_bound":991397.1448467966},"point_estimate":944902.0410230438,"standard_error":16568.36155885456},"StdDev":{"confidence_interval":{"confidence_level":0.95,"lower_bound":8613.510725644786,"upper_bound":40720.58282537358},"point_estimate":31289.74107053447,"standard_error":8577.953433365128}}