{"Mean":{"confidence_interval":{"confidence_level":0.95,"lower_bound":2043.5713050579734,"upper_bound":2085.76584411213},"point_estimate":2060.8917027858693,"standard_error":11.016822969986498},"Median":{"confidence_interval":{"confidence_level":0.95,"lower_bound":2045.0856151467149,"upper_bound":2053.6579057963986},"point_estimate":2049.5353398204725,"standard_error":2.0756748815775494},"MedianAbsDev":{"confidence_interval":{"confidence_level":0.95,"lower_bound":6.112116207396335,"upper_bound":18.653492104127817},"point_estimate":10.509498399072308,"standard_error":3.163063256188145},"Slope":{"confidence_interval":{"confidence_level":0.95,"lower_bound":2044.0443072744022,"upper_bound":2055.465352976679},"point_estimate":2049.972977068191,"standard_error":2.921778841115898},"StdDev":{"confidence_interval":{"confidence_level":0.95,"lower_bound":14.652711452699142,"upper_bound":99.79196697624964},"point_estimate":63.597602652165406,"standard_error":24.55412647857762}}