{"Mean":{"confidence_interval":{"confidence_level":0.95,"lower_bound":137.34247897247806,"upper_bound":164.85174893258537},"point_estimate":149.77595573294528,"standard_error":7.0648718576017915},"Median":{"confidence_interval":{"confidence_level":0.95,"lower_bound":126.18307060681872,"upper_bound":143.54537997785343},"point_estimate":130.24926588196695,"standard_error":5.381137927746515},"MedianAbsDev":{"confidence_interval":{"confidence_level":0.95,"lower_bound":0.9081659921976175,"upper_bound":25.017668596777785},"point_estimate":6.705769335526241,"standard_error":7.58607452775123},"Slope":{"confidence_interval":{"confidence_level":0.95,"lower_bound":146.34574759133628,"upper_bound":196.81286769249357},"point_estimate":170.69120851926237,"standard_error":12.923989936269393},"StdDev":{"confidence_interval":{"confidence_level":0.95,"lower_bound":19.231060776233836,"upper_bound":56.37423101115043},"point_estimate":40.59702232298504,"standard_error":9.583879874808712}}