{"Mean":{"confidence_interval":{"confidence_level":0.95,"lower_bound":162792.8026150522,"upper_bound":175310.29558180398},"point_estimate":167299.57661612568,"standard_error":3673.1609938422125},"Median":{"confidence_interval":{"confidence_level":0.95,"lower_bound":161695.84233980672,"upper_bound":164504.27830940988},"point_estimate":163215.21151669498,"standard_error":676.2786810304393},"MedianAbsDev":{"confidence_interval":{"confidence_level":0.95,"lower_bound":1514.8178721177828,"upper_bound":4431.751507866728},"point_estimate":3162.267631333474,"standard_error":691.9255964067929},"Slope":{"confidence_interval":{"confidence_level":0.95,"lower_bound":161719.59243408564,"upper_bound":163369.15806553143},"point_estimate":162501.22425315913,"standard_error":419.34783130571185},"StdDev":{"confidence_interval":{"confidence_level":0.95,"lower_bound":2124.536746408459,"upper_bound":35091.231111328285},"point_estimate":21031.320271337787,"standard_error":11446.112552836512}}