{"Mean":{"confidence_interval":{"confidence_level":0.95,"lower_bound":155724.7428597553,"upper_bound":157315.20310206868},"point_estimate":156392.84992749436,"standard_error":412.4764117176292},"Median":{"confidence_interval":{"confidence_level":0.95,"lower_bound":155587.67283950618,"upper_bound":155981.59757936507},"point_estimate":155796.57573891626,"standard_error":102.87944257822967},"MedianAbsDev":{"confidence_interval":{"confidence_level":0.95,"lower_bound":198.90699935404362,"upper_bound":645.9385387822948},"point_estimate":383.9954390845728,"standard_error":111.51127556343916},"Slope":{"confidence_interval":{"confidence_level":0.95,"lower_bound":155260.4929207223,"upper_bound":155877.2838626828},"point_estimate":155574.336368007,"standard_error":157.82576072824844},"StdDev":{"confidence_interval":{"confidence_level":0.95,"lower_bound":574.791661101204,"upper_bound":3627.419552067451},"point_estimate":2370.818882217338,"standard_error":827.4139704107647}}