{"Mean":{"confidence_interval":{"confidence_level":0.95,"lower_bound":141.23277288061783,"upper_bound":147.95516752821393},"point_estimate":144.46098068305264,"standard_error":1.71441975240001},"Median":{"confidence_interval":{"confidence_level":0.95,"lower_bound":138.09902664084734,"upper_bound":151.09023228309604},"point_estimate":141.80204013029027,"standard_error":3.5658616604076667},"MedianAbsDev":{"confidence_interval":{"confidence_level":0.95,"lower_bound":5.268646833984726,"upper_bound":13.626130899492628},"point_estimate":11.260700710606645,"standard_error":2.5427868071781465},"Slope":{"confidence_interval":{"confidence_level":0.95,"lower_bound":137.6096720419899,"upper_bound":143.95243614180555},"point_estimate":140.71338510149738,"standard_error":1.6255441148197758},"StdDev":{"confidence_interval":{"confidence_level":0.95,"lower_bound":7.34027718024687,"upper_bound":12.4049059821546},"point_estimate":9.849247116045145,"standard_error":1.3652466609241314}}