{"Mean":{"confidence_interval":{"confidence_level":0.95,"lower_bound":209288.4445672618,"upper_bound":213754.30809412088},"point_estimate":211051.69171360382,"standard_error":1183.6502634398908},"Median":{"confidence_interval":{"confidence_level":0.95,"lower_bound":208890.8529368359,"upper_bound":210405.17727272728},"point_estimate":209237.9219114219,"standard_error":432.38925966740914},"MedianAbsDev":{"confidence_interval":{"confidence_level":0.95,"lower_bound":600.8323139069389,"upper_bound":2469.82419252403},"point_estimate":1709.5879250180571,"standard_error":489.8665845018663},"Slope":{"confidence_interval":{"confidence_level":0.95,"lower_bound":208579.37020714636,"upper_bound":209839.52556259168},"point_estimate":209135.39121900828,"standard_error":320.05518499350455},"StdDev":{"confidence_interval":{"confidence_level":0.95,"lower_bound":1842.5846652185292,"upper_bound":10961.977681688606},"point_estimate":6803.673508165546,"standard_error":2943.1843988848354}}