{"Mean":{"confidence_interval":{"confidence_level":0.95,"lower_bound":-0.21289932260685152,"upper_bound":-0.18878308262072677},"point_estimate":-0.20207919247087658,"standard_error":0.006129846150743047},"Median":{"confidence_interval":{"confidence_level":0.95,"lower_bound":-0.20989107237815907,"upper_bound":-0.19857634545193648},"point_estimate":-0.2067612743920516,"standard_error":0.0028617570450539154}}