{"Mean":{"confidence_interval":{"confidence_level":0.95,"lower_bound":1499.321043684976,"upper_bound":1535.6875405113417},"point_estimate":1513.8996327894938,"standard_error":9.603536861565084},"Median":{"confidence_interval":{"confidence_level":0.95,"lower_bound":1493.7693836239716,"upper_bound":1503.346112596802},"point_estimate":1498.3246181641634,"standard_error":2.3047759882225796},"MedianAbsDev":{"confidence_interval":{"confidence_level":0.95,"lower_bound":5.370218631887353,"upper_bound":15.81919744326016},"point_estimate":9.933029240333909,"standard_error":2.691142333224834},"Slope":{"confidence_interval":{"confidence_level":0.95,"lower_bound":1497.531947315676,"upper_bound":1522.240925164456},"point_estimate":1508.6083135901372,"standard_error":6.542842825304692},"StdDev":{"confidence_interval":{"confidence_level":0.95,"lower_bound":11.291544379201607,"upper_bound":87.11544551981747},"point_estimate":54.97239081037979,"standard_error":22.737211100534147}}