{"Mean":{"confidence_interval":{"confidence_level":0.95,"lower_bound":306.6066084485449,"upper_bound":313.42286302456256},"point_estimate":309.380969875566,"standard_error":1.7956101605982124},"Median":{"confidence_interval":{"confidence_level":0.95,"lower_bound":305.0139287025598,"upper_bound":308.2693852482989},"point_estimate":306.5839343718926,"standard_error":1.022450910521949},"MedianAbsDev":{"confidence_interval":{"confidence_level":0.95,"lower_bound":1.6684314632079502,"upper_bound":5.296614293023053},"point_estimate":3.3505290112222648,"standard_error":1.1184310222477338},"Slope":{"confidence_interval":{"confidence_level":0.95,"lower_bound":304.7089364872613,"upper_bound":307.16562358690794},"point_estimate":305.6863199126859,"standard_error":0.6445665687357277},"StdDev":{"confidence_interval":{"confidence_level":0.95,"lower_bound":2.7911567599869302,"upper_bound":16.230460734010737},"point_estimate":10.294437889615637,"standard_error":4.085942867946256}}