{"Mean":{"confidence_interval":{"confidence_level":0.95,"lower_bound":13671460.0,"upper_bound":14300025.043478262},"point_estimate":13951508.347826088,"standard_error":162198.17708753236},"Median":{"confidence_interval":{"confidence_level":0.95,"lower_bound":13504854.347826088,"upper_bound":14609520.0},"point_estimate":13871134.782608695,"standard_error":204227.0463885878},"MedianAbsDev":{"confidence_interval":{"confidence_level":0.95,"lower_bound":0.0,"upper_bound":692000.3146710583},"point_estimate":148952.95170338234,"standard_error":205246.81038559612},"Slope":{"confidence_interval":{"confidence_level":0.95,"lower_bound":13571532.608695652,"upper_bound":14537583.540372672},"point_estimate":14095947.035573123,"standard_error":292667.30556813435},"StdDev":{"confidence_interval":{"confidence_level":0.95,"lower_bound":61064.7888836015,"upper_bound":553657.3933564003},"point_estimate":406868.3256763733,"standard_error":136890.72938624545}}