{"Mean":{"confidence_interval":{"confidence_level":0.95,"lower_bound":640384.8423397434,"upper_bound":660632.193232411},"point_estimate":648857.110466594,"standard_error":5300.624111238058},"Median":{"confidence_interval":{"confidence_level":0.95,"lower_bound":637292.2545454545,"upper_bound":644234.5464605734},"point_estimate":638985.9726708075,"standard_error":1757.6209534169516},"MedianAbsDev":{"confidence_interval":{"confidence_level":0.95,"lower_bound":3059.916370827143,"upper_bound":11240.588684439668},"point_estimate":6297.500378339023,"standard_error":1903.9260413084078},"Slope":{"confidence_interval":{"confidence_level":0.95,"lower_bound":638019.7571348795,"upper_bound":641556.5504181483},"point_estimate":639741.9568706293,"standard_error":904.9526716323653},"StdDev":{"confidence_interval":{"confidence_level":0.95,"lower_bound":6202.9956187561,"upper_bound":46851.79602987539},"point_estimate":30445.49039270501,"standard_error":11079.615472261776}}