{"Mean":{"confidence_interval":{"confidence_level":0.95,"lower_bound":6579.787687483367,"upper_bound":6700.471916598803},"point_estimate":6632.751818287816,"standard_error":30.92522211747781},"Median":{"confidence_interval":{"confidence_level":0.95,"lower_bound":6566.633627608347,"upper_bound":6593.329002808989},"point_estimate":6571.780068056863,"standard_error":6.527024535988699},"MedianAbsDev":{"confidence_interval":{"confidence_level":0.95,"lower_bound":11.178129655832153,"upper_bound":45.5507064490385},"point_estimate":26.350755340208536,"standard_error":8.886750152502986},"Slope":{"confidence_interval":{"confidence_level":0.95,"lower_bound":6565.707471108596,"upper_bound":6586.159110502232},"point_estimate":6574.688894734129,"standard_error":5.236539709705168},"StdDev":{"confidence_interval":{"confidence_level":0.95,"lower_bound":27.82064282460811,"upper_bound":253.2587583175142},"point_estimate":177.3253663452256,"standard_error":53.07460998944}}