{"Mean":{"confidence_interval":{"confidence_level":0.95,"lower_bound":7384.276280741697,"upper_bound":7498.577618078872},"point_estimate":7437.112650502489,"standard_error":29.171355568091723},"Median":{"confidence_interval":{"confidence_level":0.95,"lower_bound":7346.8850826309845,"upper_bound":7436.483245185788},"point_estimate":7374.784777596962,"standard_error":23.964808532701568},"MedianAbsDev":{"confidence_interval":{"confidence_level":0.95,"lower_bound":53.74840157334283,"upper_bound":166.27280630620453},"point_estimate":101.32012640677016,"standard_error":29.36737350514165},"Slope":{"confidence_interval":{"confidence_level":0.95,"lower_bound":7333.830007206792,"upper_bound":7367.861325219062},"point_estimate":7349.577813134791,"standard_error":8.680881197732981},"StdDev":{"confidence_interval":{"confidence_level":0.95,"lower_bound":91.12850733935177,"upper_bound":222.90254574957243},"point_estimate":167.74199010646953,"standard_error":33.71084184059971}}