{"Mean":{"confidence_interval":{"confidence_level":0.95,"lower_bound":17487.599650438122,"upper_bound":17703.11091494713},"point_estimate":17592.703683343196,"standard_error":55.1851390574004},"Median":{"confidence_interval":{"confidence_level":0.95,"lower_bound":17410.516785942003,"upper_bound":17670.422824302135},"point_estimate":17621.610368285244,"standard_error":75.25169066225935},"MedianAbsDev":{"confidence_interval":{"confidence_level":0.95,"lower_bound":145.81706778811596,"upper_bound":479.03664174170683},"point_estimate":312.96733962580544,"standard_error":87.62777445949123},"Slope":{"confidence_interval":{"confidence_level":0.95,"lower_bound":17447.06371781753,"upper_bound":17674.400451454447},"point_estimate":17555.15813823843,"standard_error":57.949990147415825},"StdDev":{"confidence_interval":{"confidence_level":0.95,"lower_bound":218.77752898923154,"upper_bound":379.80184350870877},"point_estimate":307.7887988275725,"standard_error":41.22764343785298}}