{"Mean":{"confidence_interval":{"confidence_level":0.95,"lower_bound":-0.020193282652407975,"upper_bound":-0.0022980597986039034},"point_estimate":-0.011515316300696687,"standard_error":0.004488169060737267},"Median":{"confidence_interval":{"confidence_level":0.95,"lower_bound":-0.027889771391575002,"upper_bound":0.0009074161781299495},"point_estimate":-0.01865959664614636,"standard_error":0.007509780578044034}}