{"Mean":{"confidence_interval":{"confidence_level":0.95,"lower_bound":733605.0659630606,"upper_bound":809245.6939313983},"point_estimate":765242.7335092349,"standard_error":19969.766980710985},"Median":{"confidence_interval":{"confidence_level":0.95,"lower_bound":725999.0765171504,"upper_bound":848976.4643799473},"point_estimate":739849.0765171504,"standard_error":28322.383755216997},"MedianAbsDev":{"confidence_interval":{"confidence_level":0.95,"lower_bound":0.0,"upper_bound":70128.34791064578},"point_estimate":20534.009635448456,"standard_error":21719.456837601516},"Slope":{"confidence_interval":{"confidence_level":0.95,"lower_bound":728963.7476116823,"upper_bound":838353.2039200905},"point_estimate":785903.5404173663,"standard_error":35153.50881430653},"StdDev":{"confidence_interval":{"confidence_level":0.95,"lower_bound":5866.731183200266,"upper_bound":65074.945357542085},"point_estimate":49996.205304331,"standard_error":18244.101412802083}}