{"Mean":{"confidence_interval":{"confidence_level":0.95,"lower_bound":118992.63390644758,"upper_bound":128036.23052772443},"point_estimate":122430.92620502143,"standard_error":2437.349545546142},"Median":{"confidence_interval":{"confidence_level":0.95,"lower_bound":118547.42207792208,"upper_bound":119296.32082732083},"point_estimate":118881.11265520194,"standard_error":226.54205241698745},"MedianAbsDev":{"confidence_interval":{"confidence_level":0.95,"lower_bound":524.1729046151427,"upper_bound":2881.6403561133834},"point_estimate":939.9011481569139,"standard_error":548.4080198632527},"Slope":{"confidence_interval":{"confidence_level":0.95,"lower_bound":117900.38371304663,"upper_bound":118831.13014369326},"point_estimate":118345.85904777041,"standard_error":238.74728565861645},"StdDev":{"confidence_interval":{"confidence_level":0.95,"lower_bound":1592.6892778286585,"upper_bound":22719.81789239148},"point_estimate":14034.519028099648,"standard_error":6519.147828244439}}