{"Mean":{"confidence_interval":{"confidence_level":0.95,"lower_bound":-0.04104909538942702,"upper_bound":-0.006524525168353199},"point_estimate":-0.026153452867204052,"standard_error":0.009155963204188305},"Median":{"confidence_interval":{"confidence_level":0.95,"lower_bound":-0.046275416934960845,"upper_bound":-0.017291042402981516},"point_estimate":-0.03464939556491242,"standard_error":0.008119520043947948}}