{"Mean":{"confidence_interval":{"confidence_level":0.95,"lower_bound":84175697.33333333,"upper_bound":87385785.0},"point_estimate":85780741.16666666,"standard_error":823671.4589082026},"Median":{"confidence_interval":{"confidence_level":0.95,"lower_bound":83466008.33333333,"upper_bound":88177400.0},"point_estimate":85251950.0,"standard_error":1479173.1082536383},"MedianAbsDev":{"confidence_interval":{"confidence_level":0.95,"lower_bound":0.0,"upper_bound":2647837.0679915026},"point_estimate":2647837.0679915026,"standard_error":895393.2865412435},"Slope":{"confidence_interval":{"confidence_level":0.95,"lower_bound":83986991.51785715,"upper_bound":87434668.42105263},"point_estimate":85302512.27272727,"standard_error":915426.5725370412},"StdDev":{"confidence_interval":{"confidence_level":0.95,"lower_bound":495519.1205493487,"upper_bound":2446242.011598098},"point_estimate":2059863.6083196693,"standard_error":459417.3422202011}}