{"Mean":{"confidence_interval":{"confidence_level":0.95,"lower_bound":716.9202042903673,"upper_bound":729.6643085217103},"point_estimate":722.5336239749469,"standard_error":3.2753675180171125},"Median":{"confidence_interval":{"confidence_level":0.95,"lower_bound":715.1073477584357,"upper_bound":721.2241394563144},"point_estimate":717.1600826007307,"standard_error":1.8029539948375737},"MedianAbsDev":{"confidence_interval":{"confidence_level":0.95,"lower_bound":3.9882589707696297,"upper_bound":11.55322489518868},"point_estimate":7.523957121585764,"standard_error":1.9618832621406572},"Slope":{"confidence_interval":{"confidence_level":0.95,"lower_bound":714.7178056270034,"upper_bound":720.3298026486225},"point_estimate":717.5541242686444,"standard_error":1.4341309903457062},"StdDev":{"confidence_interval":{"confidence_level":0.95,"lower_bound":7.843189543513627,"upper_bound":27.62821272836986},"point_estimate":18.830453607929567,"standard_error":5.419329950386441}}