{"Mean":{"confidence_interval":{"confidence_level":0.95,"lower_bound":407087.0899964212,"upper_bound":415081.0497508087},"point_estimate":410517.3842385742,"standard_error":2061.959013456719},"Median":{"confidence_interval":{"confidence_level":0.95,"lower_bound":406917.49689440994,"upper_bound":410125.52741020796},"point_estimate":408870.1780538302,"standard_error":794.216171093202},"MedianAbsDev":{"confidence_interval":{"confidence_level":0.95,"lower_bound":1912.0968027812062,"upper_bound":8185.5864926555805},"point_estimate":4277.924344220724,"standard_error":1682.331491102905},"Slope":{"confidence_interval":{"confidence_level":0.95,"lower_bound":404776.28983816,"upper_bound":408401.3725935606},"point_estimate":406616.8870819398,"standard_error":927.8472679046029},"StdDev":{"confidence_interval":{"confidence_level":0.95,"lower_bound":4683.764409553051,"upper_bound":17920.4250961449},"point_estimate":11794.320585421487,"standard_error":3850.2303253817304}}