{"Mean":{"confidence_interval":{"confidence_level":0.95,"lower_bound":8197.025476258237,"upper_bound":8435.414042943214},"point_estimate":8299.13772075868,"standard_error":61.68351047099491},"Median":{"confidence_interval":{"confidence_level":0.95,"lower_bound":8198.876812724155,"upper_bound":8299.711549456833},"point_estimate":8245.113121783877,"standard_error":22.560421611531694},"MedianAbsDev":{"confidence_interval":{"confidence_level":0.95,"lower_bound":69.0606801351042,"upper_bound":169.47651254243823},"point_estimate":128.77216917848412,"standard_error":26.97315633842348},"Slope":{"confidence_interval":{"confidence_level":0.95,"lower_bound":8229.56048656415,"upper_bound":8771.46268286667},"point_estimate":8473.956315372021,"standard_error":144.1041633761013},"StdDev":{"confidence_interval":{"confidence_level":0.95,"lower_bound":102.91763462542951,"upper_bound":540.770947439968},"point_estimate":355.5745057590391,"standard_error":119.44891784687931}}