{"Mean":{"confidence_interval":{"confidence_level":0.95,"lower_bound":27270.11484382811,"upper_bound":27773.931168378618},"point_estimate":27481.00520049833,"standard_error":131.48396750881992},"Median":{"confidence_interval":{"confidence_level":0.95,"lower_bound":27108.901112181033,"upper_bound":27534.26393745558},"point_estimate":27213.48785832741,"standard_error":112.7689357435217},"MedianAbsDev":{"confidence_interval":{"confidence_level":0.95,"lower_bound":95.44369029975904,"upper_bound":525.1617177307202},"point_estimate":247.7025184209178,"standard_error":124.09995151017283},"Slope":{"confidence_interval":{"confidence_level":0.95,"lower_bound":27168.850268572893,"upper_bound":27366.92481536838},"point_estimate":27259.77251174199,"standard_error":50.7709917987558},"StdDev":{"confidence_interval":{"confidence_level":0.95,"lower_bound":275.96663402641144,"upper_bound":1180.5651588617318},"point_estimate":757.9624638519468,"standard_error":281.8289045590164}}