{"Mean":{"confidence_interval":{"confidence_level":0.95,"lower_bound":29295.586947805852,"upper_bound":29966.276221258726},"point_estimate":29629.407651412756,"standard_error":171.12000833329228},"Median":{"confidence_interval":{"confidence_level":0.95,"lower_bound":29059.169669117648,"upper_bound":30103.640277777777},"point_estimate":29928.761666666665,"standard_error":277.30701711956584},"MedianAbsDev":{"confidence_interval":{"confidence_level":0.95,"lower_bound":487.55415962542963,"upper_bound":1728.707272136015},"point_estimate":868.139868371528,"standard_error":355.62088132468375},"Slope":{"confidence_interval":{"confidence_level":0.95,"lower_bound":28699.064473422466,"upper_bound":29343.72149117009},"point_estimate":28963.85854403409,"standard_error":165.5478399709746},"StdDev":{"confidence_interval":{"confidence_level":0.95,"lower_bound":799.1004518366536,"upper_bound":1130.019712915757},"point_estimate":987.6342683967218,"standard_error":84.4547950825569}}