{"Mean":{"confidence_interval":{"confidence_level":0.95,"lower_bound":7414.1114737124235,"upper_bound":7639.966349384713},"point_estimate":7518.035083045171,"standard_error":57.58228929739295},"Median":{"confidence_interval":{"confidence_level":0.95,"lower_bound":7531.497764530552,"upper_bound":7612.147225725095},"point_estimate":7573.24843871975,"standard_error":36.239814941443036},"MedianAbsDev":{"confidence_interval":{"confidence_level":0.95,"lower_bound":57.1384215824607,"upper_bound":374.0729359818293},"point_estimate":123.08849371638189,"standard_error":77.8483117605622},"Slope":{"confidence_interval":{"confidence_level":0.95,"lower_bound":7241.461230528283,"upper_bound":7420.191222202815},"point_estimate":7315.555585807635,"standard_error":45.58103482898284},"StdDev":{"confidence_interval":{"confidence_level":0.95,"lower_bound":190.5150503274994,"upper_bound":480.79210291127885},"point_estimate":331.1939075468204,"standard_error":84.28736632415611}}