{"Mean":{"confidence_interval":{"confidence_level":0.95,"lower_bound":0.024125190590586175,"upper_bound":0.030400433936605426},"point_estimate":0.027182067141602317,"standard_error":0.001592917591899264},"Median":{"confidence_interval":{"confidence_level":0.95,"lower_bound":0.02511133840333879,"upper_bound":0.0303230846799476},"point_estimate":0.028257720307437006,"standard_error":0.0013355354377959782}}