{"Mean":{"confidence_interval":{"confidence_level":0.95,"lower_bound":4653670.288118437,"upper_bound":4861910.295287183},"point_estimate":4742367.295585412,"standard_error":53821.44913528741},"Median":{"confidence_interval":{"confidence_level":0.95,"lower_bound":4600949.711904762,"upper_bound":4800587.455357143},"point_estimate":4686688.344202898,"standard_error":48888.011339413955},"MedianAbsDev":{"confidence_interval":{"confidence_level":0.95,"lower_bound":107554.49358705134,"upper_bound":240065.4885230285},"point_estimate":193891.57832909536,"standard_error":35953.94539942521},"Slope":{"confidence_interval":{"confidence_level":0.95,"lower_bound":4575403.314638309,"upper_bound":4665961.599627485},"point_estimate":4612497.666302447,"standard_error":23065.48084795879},"StdDev":{"confidence_interval":{"confidence_level":0.95,"lower_bound":132703.49084695993,"upper_bound":479034.88209792844},"point_estimate":308914.23297713354,"standard_error":108379.37693057476}}