{"Mean":{"confidence_interval":{"confidence_level":0.95,"lower_bound":214.96794780870687,"upper_bound":219.81655033653},"point_estimate":217.02317287823033,"standard_error":1.250981131148557},"Median":{"confidence_interval":{"confidence_level":0.95,"lower_bound":214.3527871017104,"upper_bound":216.50523836279922},"point_estimate":215.83461489415964,"standard_error":0.6699312600285977},"MedianAbsDev":{"confidence_interval":{"confidence_level":0.95,"lower_bound":1.3317907424885382,"upper_bound":5.012982714859395},"point_estimate":2.6528292386076364,"standard_error":0.9051745198201477},"Slope":{"confidence_interval":{"confidence_level":0.95,"lower_bound":213.85047626426706,"upper_bound":215.33860138700643},"point_estimate":214.5839047163505,"standard_error":0.3780646766799733},"StdDev":{"confidence_interval":{"confidence_level":0.95,"lower_bound":2.765832492313972,"upper_bound":11.028818848806308},"point_estimate":7.192010166441761,"standard_error":2.47317273369916}}