{"Mean":{"confidence_interval":{"confidence_level":0.95,"lower_bound":-0.10804125130412785,"upper_bound":-0.047136319817581845},"point_estimate":-0.08078188762582772,"standard_error":0.015418149116016997},"Median":{"confidence_interval":{"confidence_level":0.95,"lower_bound":-0.11208892597315279,"upper_bound":-0.09384850363252895},"point_estimate":-0.10355439885658368,"standard_error":0.005637519680420084}}