{"Mean":{"confidence_interval":{"confidence_level":0.95,"lower_bound":201.32978207988322,"upper_bound":205.08259400777513},"point_estimate":202.89108949844922,"standard_error":0.9779150093549941},"Median":{"confidence_interval":{"confidence_level":0.95,"lower_bound":201.0871694570286,"upper_bound":201.81703820128544},"point_estimate":201.57333953172616,"standard_error":0.21612155596004642},"MedianAbsDev":{"confidence_interval":{"confidence_level":0.95,"lower_bound":0.4482469729478467,"upper_bound":1.7081439441825117},"point_estimate":0.8564088533462882,"standard_error":0.33106649089939916},"Slope":{"confidence_interval":{"confidence_level":0.95,"lower_bound":200.6302119768533,"upper_bound":201.4063439540038},"point_estimate":201.0280470890542,"standard_error":0.19856167115810353},"StdDev":{"confidence_interval":{"confidence_level":0.95,"lower_bound":1.614541664062922,"upper_bound":8.698375606786431},"point_estimate":5.627807713214555,"standard_error":2.0523201043490578}}