{"Mean":{"confidence_interval":{"confidence_level":0.95,"lower_bound":1.9122757947961757,"upper_bound":1.9279877484378596},"point_estimate":1.919549695027589,"standard_error":0.004036340626399268},"Median":{"confidence_interval":{"confidence_level":0.95,"lower_bound":1.905195439787394,"upper_bound":1.925323520583848},"point_estimate":1.912104888325619,"standard_error":0.005204542833960163},"MedianAbsDev":{"confidence_interval":{"confidence_level":0.95,"lower_bound":0.008596380896804725,"upper_bound":0.023866630004865136},"point_estimate":0.01745815069500738,"standard_error":0.004100942039529671},"Slope":{"confidence_interval":{"confidence_level":0.95,"lower_bound":1.9045587048205666,"upper_bound":1.9107875634456069},"point_estimate":1.9073750835906287,"standard_error":0.001589032114449665},"StdDev":{"confidence_interval":{"confidence_level":0.95,"lower_bound":0.012726531635573931,"upper_bound":0.03110252422990608},"point_estimate":0.02315827246459813,"standard_error":0.004670875266098471}}