{"Mean":{"confidence_interval":{"confidence_level":0.95,"lower_bound":2099.072184401803,"upper_bound":2200.25049273949},"point_estimate":2145.5172433217895,"standard_error":25.876155545149707},"Median":{"confidence_interval":{"confidence_level":0.95,"lower_bound":2069.7115384615386,"upper_bound":2137.212878896197},"point_estimate":2081.2705403803675,"standard_error":16.909763396935563},"MedianAbsDev":{"confidence_interval":{"confidence_level":0.95,"lower_bound":19.15896897428364,"upper_bound":137.02346397076337},"point_estimate":72.71943572949495,"standard_error":30.356516383466108},"Slope":{"confidence_interval":{"confidence_level":0.95,"lower_bound":2055.245396975282,"upper_bound":2081.330852808318},"point_estimate":2068.460348318039,"standard_error":6.6893106548361345},"StdDev":{"confidence_interval":{"confidence_level":0.95,"lower_bound":81.35879956350834,"upper_bound":197.50001406755848},"point_estimate":148.61849314912735,"standard_error":29.66625431362977}}