{"Mean":{"confidence_interval":{"confidence_level":0.95,"lower_bound":4.875364160922843,"upper_bound":4.968785591249314},"point_estimate":4.915007412340253,"standard_error":0.02416201772346335},"Median":{"confidence_interval":{"confidence_level":0.95,"lower_bound":4.856919415204988,"upper_bound":4.881701448011357},"point_estimate":4.867377833973636,"standard_error":0.0072337151310485365},"MedianAbsDev":{"confidence_interval":{"confidence_level":0.95,"lower_bound":0.016598947689513276,"upper_bound":0.06657975395915662},"point_estimate":0.03451959607641762,"standard_error":0.012953179553243576},"Slope":{"confidence_interval":{"confidence_level":0.95,"lower_bound":4.850116079299085,"upper_bound":4.8679891649130305},"point_estimate":4.859306046305713,"standard_error":0.004559773017072617},"StdDev":{"confidence_interval":{"confidence_level":0.95,"lower_bound":0.05490017818706234,"upper_bound":0.2114194261339188},"point_estimate":0.13883805579291164,"standard_error":0.04764909554455291}}