{"Mean":{"confidence_interval":{"confidence_level":0.95,"lower_bound":680257.8231529414,"upper_bound":694739.1844835301},"point_estimate":686377.0948264811,"standard_error":3780.6145075560325},"Median":{"confidence_interval":{"confidence_level":0.95,"lower_bound":679009.1868131869,"upper_bound":683343.1935483871},"point_estimate":681499.4523809524,"standard_error":1263.672121682534},"MedianAbsDev":{"confidence_interval":{"confidence_level":0.95,"lower_bound":3345.0797874878886,"upper_bound":7280.23869791929},"point_estimate":5512.842600252381,"standard_error":1033.8262212296656},"Slope":{"confidence_interval":{"confidence_level":0.95,"lower_bound":679150.9702237973,"upper_bound":682372.8317248204},"point_estimate":680787.150767982,"standard_error":819.1980134507669},"StdDev":{"confidence_interval":{"confidence_level":0.95,"lower_bound":4435.495666577781,"upper_bound":32990.710037307974},"point_estimate":21717.074198985752,"standard_error":7666.384562173422}}