{"Mean":{"confidence_interval":{"confidence_level":0.95,"lower_bound":8737956.63393526,"upper_bound":9278049.727710715},"point_estimate":8972725.91833738,"standard_error":139363.26342126116},"Median":{"confidence_interval":{"confidence_level":0.95,"lower_bound":8663990.272727273,"upper_bound":8790569.275},"point_estimate":8692689.260845384,"standard_error":39777.992088147315},"MedianAbsDev":{"confidence_interval":{"confidence_level":0.95,"lower_bound":95624.07810564246,"upper_bound":394358.70849873364},"point_estimate":169589.88688645014,"standard_error":77701.66266742388},"Slope":{"confidence_interval":{"confidence_level":0.95,"lower_bound":8666816.295771645,"upper_bound":8760116.315240549},"point_estimate":8712439.531162588,"standard_error":23670.840561028705},"StdDev":{"confidence_interval":{"confidence_level":0.95,"lower_bound":339348.40216748905,"upper_bound":1181928.7556454171},"point_estimate":800567.3938519296,"standard_error":241693.7874477775}}