{"Mean":{"confidence_interval":{"confidence_level":0.95,"lower_bound":22358.716494754284,"upper_bound":22615.08804920618},"point_estimate":22479.839663164472,"standard_error":65.72844507046125},"Median":{"confidence_interval":{"confidence_level":0.95,"lower_bound":22274.25751633987,"upper_bound":22524.19647375079},"point_estimate":22354.859566482846,"standard_error":57.21709176395892},"MedianAbsDev":{"confidence_interval":{"confidence_level":0.95,"lower_bound":119.62507101501976,"upper_bound":392.677811976543},"point_estimate":238.9085150036654,"standard_error":69.76299174122296},"Slope":{"confidence_interval":{"confidence_level":0.95,"lower_bound":22273.018703725113,"upper_bound":22407.61645529886},"point_estimate":22340.66096963698,"standard_error":34.33806083936395},"StdDev":{"confidence_interval":{"confidence_level":0.95,"lower_bound":233.51997617919062,"upper_bound":478.3889419918408},"point_estimate":378.1508421317193,"standard_error":62.41504045137886}}