{"Mean":{"confidence_interval":{"confidence_level":0.95,"lower_bound":28862.883894687977,"upper_bound":29486.913346596644},"point_estimate":29121.07486913689,"standard_error":162.83282766102397},"Median":{"confidence_interval":{"confidence_level":0.95,"lower_bound":28748.902829545455,"upper_bound":29173.83798076923},"point_estimate":28901.692588404607,"standard_error":99.47509399605941},"MedianAbsDev":{"confidence_interval":{"confidence_level":0.95,"lower_bound":233.05089636898634,"upper_bound":654.3024798181854},"point_estimate":427.54265913452144,"standard_error":111.03126134186023},"Slope":{"confidence_interval":{"confidence_level":0.95,"lower_bound":28775.245728685248,"upper_bound":29135.524017679214},"point_estimate":28952.392545618444,"standard_error":92.60120452288547},"StdDev":{"confidence_interval":{"confidence_level":0.95,"lower_bound":354.76797123210844,"upper_bound":1481.6313209884095},"point_estimate":940.6292329747595,"standard_error":359.92761459698215}}