{"Mean":{"confidence_interval":{"confidence_level":0.95,"lower_bound":12537854.602738502,"upper_bound":14555778.804212008},"point_estimate":13674359.19418278,"standard_error":520383.29486430413},"Median":{"confidence_interval":{"confidence_level":0.95,"lower_bound":14346154.91954023,"upper_bound":14851564.56521739},"point_estimate":14671610.106753813,"standard_error":139470.8459978045},"MedianAbsDev":{"confidence_interval":{"confidence_level":0.95,"lower_bound":332738.58274222905,"upper_bound":845430.4326909683},"point_estimate":508810.0961668155,"standard_error":134167.3299660483},"Slope":{"confidence_interval":{"confidence_level":0.95,"lower_bound":14597928.439614784,"upper_bound":14899257.527322307},"point_estimate":14755091.752097903,"standard_error":76804.49191966647},"StdDev":{"confidence_interval":{"confidence_level":0.95,"lower_bound":874120.112097007,"upper_bound":4287024.000928664},"point_estimate":2984802.5600782493,"standard_error":884989.931854885}}