{"Mean":{"confidence_interval":{"confidence_level":0.95,"lower_bound":17419.2498803693,"upper_bound":17588.09433732342},"point_estimate":17500.4653075048,"standard_error":43.02481271599295},"Median":{"confidence_interval":{"confidence_level":0.95,"lower_bound":17406.359060402683,"upper_bound":17537.172129818762},"point_estimate":17461.605145413872,"standard_error":32.01406905635906},"MedianAbsDev":{"confidence_interval":{"confidence_level":0.95,"lower_bound":85.18316291722799,"upper_bound":376.22326029477307},"point_estimate":182.61538756086821,"standard_error":71.52968165173164},"Slope":{"confidence_interval":{"confidence_level":0.95,"lower_bound":17402.017777686095,"upper_bound":17498.60419322113},"point_estimate":17453.501893462144,"standard_error":24.466424008305207},"StdDev":{"confidence_interval":{"confidence_level":0.95,"lower_bound":167.99546208565877,"upper_bound":298.08499549979615},"point_estimate":240.31767195775035,"standard_error":33.36942587984589}}