{"Mean":{"confidence_interval":{"confidence_level":0.95,"lower_bound":14902.60293847514,"upper_bound":15319.822332861304},"point_estimate":15081.44631058384,"standard_error":107.85655640173364},"Median":{"confidence_interval":{"confidence_level":0.95,"lower_bound":14936.071156773212,"upper_bound":14976.216395547945},"point_estimate":14947.740643629502,"standard_error":17.56616171527672},"MedianAbsDev":{"confidence_interval":{"confidence_level":0.95,"lower_bound":29.75966497536932,"upper_bound":454.4429074509717},"point_estimate":212.9298299579903,"standard_error":114.98415634651907},"Slope":{"confidence_interval":{"confidence_level":0.95,"lower_bound":14865.550221888736,"upper_bound":15186.497545929951},"point_estimate":15030.360605811142,"standard_error":81.81182583570342},"StdDev":{"confidence_interval":{"confidence_level":0.95,"lower_bound":256.17276237558616,"upper_bound":943.3771539943743},"point_estimate":622.0983267782225,"standard_error":204.61904850453115}}