{"Mean":{"confidence_interval":{"confidence_level":0.95,"lower_bound":3451.170102592479,"upper_bound":3536.241272338024},"point_estimate":3486.6167361639323,"standard_error":22.207952501903822},"Median":{"confidence_interval":{"confidence_level":0.95,"lower_bound":3440.497625379939,"upper_bound":3483.087494572297},"point_estimate":3454.2033575909904,"standard_error":12.191728530663354},"MedianAbsDev":{"confidence_interval":{"confidence_level":0.95,"lower_bound":31.7934420153408,"upper_bound":78.2176281040433},"point_estimate":53.55115260105662,"standard_error":11.497312184823686},"Slope":{"confidence_interval":{"confidence_level":0.95,"lower_bound":3421.686364501216,"upper_bound":3453.2870311426536},"point_estimate":3436.1415363227197,"standard_error":8.102066086925703},"StdDev":{"confidence_interval":{"confidence_level":0.95,"lower_bound":38.88440906878167,"upper_bound":197.56185276099166},"point_estimate":127.35946403053418,"standard_error":46.38783715913103}}