{"Mean":{"confidence_interval":{"confidence_level":0.95,"lower_bound":180817.07689003437,"upper_bound":202233.58247422677},"point_estimate":190737.9886168385,"standard_error":5401.722749643418},"Median":{"confidence_interval":{"confidence_level":0.95,"lower_bound":177674.43621134022,"upper_bound":209820.48969072165},"point_estimate":184488.5738831615,"standard_error":9009.107007593273},"MedianAbsDev":{"confidence_interval":{"confidence_level":0.95,"lower_bound":0.0,"upper_bound":15178.881457325095},"point_estimate":10102.640332884517,"standard_error":5618.961293347772},"Slope":{"confidence_interval":{"confidence_level":0.95,"lower_bound":178971.57343248266,"upper_bound":198701.08155375553},"point_estimate":189655.75210871603,"standard_error":5766.721524962895},"StdDev":{"confidence_interval":{"confidence_level":0.95,"lower_bound":2475.8995131646134,"upper_bound":16597.81895096567},"point_estimate":13474.788417822725,"standard_error":3546.926056529814}}