{"Mean":{"confidence_interval":{"confidence_level":0.95,"lower_bound":44862.27012071111,"upper_bound":46335.25429391519},"point_estimate":45427.4198446606,"standard_error":399.99387319330856},"Median":{"confidence_interval":{"confidence_level":0.95,"lower_bound":44701.74890960439,"upper_bound":45191.73116450307},"point_estimate":44912.68649569688,"standard_error":138.81266894211026},"MedianAbsDev":{"confidence_interval":{"confidence_level":0.95,"lower_bound":339.11484877590067,"upper_bound":886.9545658113502},"point_estimate":538.0885514017931,"standard_error":142.95411351981912},"Slope":{"confidence_interval":{"confidence_level":0.95,"lower_bound":44683.80443183904,"upper_bound":45068.1631738163},"point_estimate":44867.161466862286,"standard_error":98.04759341195107},"StdDev":{"confidence_interval":{"confidence_level":0.95,"lower_bound":464.1020563147764,"upper_bound":3754.6239779760645},"point_estimate":2300.0457540083517,"standard_error":1079.7971682428317}}