{"Mean":{"confidence_interval":{"confidence_level":0.95,"lower_bound":21230922.64685666,"upper_bound":21618048.431091882},"point_estimate":21397964.988277562,"standard_error":100246.59408108523},"Median":{"confidence_interval":{"confidence_level":0.95,"lower_bound":21204729.666666668,"upper_bound":21388526.833333332},"point_estimate":21356020.43172043,"standard_error":52597.58365519214},"MedianAbsDev":{"confidence_interval":{"confidence_level":0.95,"lower_bound":58526.99301094001,"upper_bound":400016.9593965556},"point_estimate":194437.04161275647,"standard_error":89590.79996100577},"Slope":{"confidence_interval":{"confidence_level":0.95,"lower_bound":21108571.612246092,"upper_bound":21300822.588704415},"point_estimate":21202218.907167833,"standard_error":49178.17299116882},"StdDev":{"confidence_interval":{"confidence_level":0.95,"lower_bound":177828.94761427416,"upper_bound":841319.8904693413},"point_estimate":576079.332950956,"standard_error":179052.22774609237}}