{"Mean":{"confidence_interval":{"confidence_level":0.95,"lower_bound":0.004810343847983508,"upper_bound":0.08364288623621076},"point_estimate":0.04399526339896842,"standard_error":0.02019267596950979},"Median":{"confidence_interval":{"confidence_level":0.95,"lower_bound":0.030447942877334544,"upper_bound":0.03619130226228062},"point_estimate":0.032841247384866046,"standard_error":0.0014448793018853258}}