{"Mean":{"confidence_interval":{"confidence_level":0.95,"lower_bound":111721.55430366768,"upper_bound":113036.14539771697},"point_estimate":112355.87948926966,"standard_error":336.1918888662328},"Median":{"confidence_interval":{"confidence_level":0.95,"lower_bound":111389.9641722099,"upper_bound":112714.56498458088},"point_estimate":112057.62098381802,"standard_error":304.86987454830245},"MedianAbsDev":{"confidence_interval":{"confidence_level":0.95,"lower_bound":932.7583369158339,"upper_bound":2664.48949830561},"point_estimate":1765.669161945793,"standard_error":464.0848165935934},"Slope":{"confidence_interval":{"confidence_level":0.95,"lower_bound":110956.37020998963,"upper_bound":111868.57215934216},"point_estimate":111404.08779421798,"standard_error":233.44014731613632},"StdDev":{"confidence_interval":{"confidence_level":0.95,"lower_bound":1373.4382020848502,"upper_bound":2376.366998573679},"point_estimate":1942.389179313214,"standard_error":257.0912397479926}}