{"Mean":{"confidence_interval":{"confidence_level":0.95,"lower_bound":-0.290472301655398,"upper_bound":-0.21584593592297233},"point_estimate":-0.2561006267788022,"standard_error":0.01915945117124388},"Median":{"confidence_interval":{"confidence_level":0.95,"lower_bound":-0.327237181274891,"upper_bound":-0.21837685462008827},"point_estimate":-0.27078291675579935,"standard_error":0.029888096162907347}}