{"Mean":{"confidence_interval":{"confidence_level":0.95,"lower_bound":34743.29371972465,"upper_bound":36125.18360364071},"point_estimate":35286.04198265631,"standard_error":368.1839882669717},"Median":{"confidence_interval":{"confidence_level":0.95,"lower_bound":34701.97142857143,"upper_bound":34864.03846153846},"point_estimate":34798.047677063034,"standard_error":50.42579545130807},"MedianAbsDev":{"confidence_interval":{"confidence_level":0.95,"lower_bound":137.361036485434,"upper_bound":373.8451793999563},"point_estimate":280.20588103461057,"standard_error":61.607556007849034},"Slope":{"confidence_interval":{"confidence_level":0.95,"lower_bound":34667.73605216965,"upper_bound":34826.0506011748},"point_estimate":34748.13935962186,"standard_error":40.49411084319827},"StdDev":{"confidence_interval":{"confidence_level":0.95,"lower_bound":194.51027022612394,"upper_bound":3344.8798322797907},"point_estimate":2110.681446162048,"standard_error":898.8862478618851}}