{"Mean":{"confidence_interval":{"confidence_level":0.95,"lower_bound":196345.5129658484,"upper_bound":207344.34864124766},"point_estimate":200621.8783202898,"standard_error":2923.920990501933},"Median":{"confidence_interval":{"confidence_level":0.95,"lower_bound":195101.90354609932,"upper_bound":197395.91134751774},"point_estimate":195873.78253160656,"standard_error":620.4102394277468},"MedianAbsDev":{"confidence_interval":{"confidence_level":0.95,"lower_bound":638.4025202149618,"upper_bound":3790.378224861558},"point_estimate":1698.7214684766927,"standard_error":777.7409224337817},"Slope":{"confidence_interval":{"confidence_level":0.95,"lower_bound":195247.75117250372,"upper_bound":196256.35644746962},"point_estimate":195677.75728500224,"standard_error":259.37681062712437},"StdDev":{"confidence_interval":{"confidence_level":0.95,"lower_bound":2029.1879613569913,"upper_bound":26911.682240255912},"point_estimate":16814.79391609716,"standard_error":7362.288980240262}}