{"Mean":{"confidence_interval":{"confidence_level":0.95,"lower_bound":-0.3572586176718166,"upper_bound":-0.24344927788212822},"point_estimate":-0.30080767198083447,"standard_error":0.029176684511387142},"Median":{"confidence_interval":{"confidence_level":0.95,"lower_bound":-0.2406376766904239,"upper_bound":-0.2096540450902532},"point_estimate":-0.21995526418601485,"standard_error":0.007928387701052298}}