{"Mean":{"confidence_interval":{"confidence_level":0.95,"lower_bound":-0.044254084794328484,"upper_bound":-0.01010038804405562},"point_estimate":-0.029813613591562205,"standard_error":0.009088398046861386},"Median":{"confidence_interval":{"confidence_level":0.95,"lower_bound":-0.039148665962892015,"upper_bound":-0.03135031687197387},"point_estimate":-0.03538485750069942,"standard_error":0.002014640616207178}}