{"Mean":{"confidence_interval":{"confidence_level":0.95,"lower_bound":305.3867731510433,"upper_bound":311.4351237633178},"point_estimate":307.7982446969323,"standard_error":1.600073866757319},"Median":{"confidence_interval":{"confidence_level":0.95,"lower_bound":304.70014143098786,"upper_bound":306.3899179684477},"point_estimate":305.5553341830248,"standard_error":0.49160839331474715},"MedianAbsDev":{"confidence_interval":{"confidence_level":0.95,"lower_bound":1.2057383900144556,"upper_bound":3.8163869437875255},"point_estimate":2.1004787027941916,"standard_error":0.6904326833751453},"Slope":{"confidence_interval":{"confidence_level":0.95,"lower_bound":304.08203331656114,"upper_bound":305.80868761525943},"point_estimate":304.8976941353231,"standard_error":0.4409743989920868},"StdDev":{"confidence_interval":{"confidence_level":0.95,"lower_bound":2.138224471207088,"upper_bound":14.675022664423002},"point_estimate":9.213437631513216,"standard_error":3.8473247546134446}}