{"Mean":{"confidence_interval":{"confidence_level":0.95,"lower_bound":1659888.8296398348,"upper_bound":1707714.5096661733},"point_estimate":1678779.9503091648,"standard_error":12694.329665241376},"Median":{"confidence_interval":{"confidence_level":0.95,"lower_bound":1658674.3253968253,"upper_bound":1662777.7843137255},"point_estimate":1660212.7115384615,"standard_error":1134.070048766288},"MedianAbsDev":{"confidence_interval":{"confidence_level":0.95,"lower_bound":3059.0558778003565,"upper_bound":11561.161209144557},"point_estimate":6593.327366021982,"standard_error":2232.973494306882},"Slope":{"confidence_interval":{"confidence_level":0.95,"lower_bound":1652097.0151166474,"upper_bound":1658592.2527861076},"point_estimate":1655132.7935751749,"standard_error":1653.76290336604},"StdDev":{"confidence_interval":{"confidence_level":0.95,"lower_bound":10161.295496392137,"upper_bound":116459.10373695966},"point_estimate":72931.83797320275,"standard_error":31419.027897327152}}