{"Mean":{"confidence_interval":{"confidence_level":0.95,"lower_bound":3978.9619549201866,"upper_bound":4045.2129774788277},"point_estimate":4007.244401632345,"standard_error":17.137709886128572},"Median":{"confidence_interval":{"confidence_level":0.95,"lower_bound":3973.6722535505432,"upper_bound":4009.998624892148},"point_estimate":3993.500639541044,"standard_error":9.405038919516546},"MedianAbsDev":{"confidence_interval":{"confidence_level":0.95,"lower_bound":23.096296181848484,"upper_bound":84.82575595319219},"point_estimate":63.38369662708718,"standard_error":16.66512105953127},"Slope":{"confidence_interval":{"confidence_level":0.95,"lower_bound":3959.8813621252198,"upper_bound":3997.614427966014},"point_estimate":3978.796750499285,"standard_error":9.641558593545602},"StdDev":{"confidence_interval":{"confidence_level":0.95,"lower_bound":42.408140014244495,"upper_bound":150.92268855924877},"point_estimate":97.93661100250569,"standard_error":33.50195236164409}}