{"Mean":{"confidence_interval":{"confidence_level":0.95,"lower_bound":226.10740715906724,"upper_bound":230.4022436437261},"point_estimate":228.08844007156472,"standard_error":1.0995219157090264},"Median":{"confidence_interval":{"confidence_level":0.95,"lower_bound":223.7979635191561,"upper_bound":228.14100174454728},"point_estimate":225.13456904866553,"standard_error":1.7034133205615802},"MedianAbsDev":{"confidence_interval":{"confidence_level":0.95,"lower_bound":0.7076359350235235,"upper_bound":6.681587318532757},"point_estimate":3.3850541678995345,"standard_error":2.0856576867218135},"Slope":{"confidence_interval":{"confidence_level":0.95,"lower_bound":224.9875215896916,"upper_bound":232.12777169906},"point_estimate":228.22799275358977,"standard_error":1.8342815380258366},"StdDev":{"confidence_interval":{"confidence_level":0.95,"lower_bound":3.604489314777227,"upper_bound":8.43011311107268},"point_estimate":6.329930925547164,"standard_error":1.2496094116120318}}