{"Mean":{"confidence_interval":{"confidence_level":0.95,"lower_bound":196506.39645380422,"upper_bound":208346.70022481147},"point_estimate":201171.63912992526,"standard_error":3133.1747815507065},"Median":{"confidence_interval":{"confidence_level":0.95,"lower_bound":194608.82015821058,"upper_bound":198037.87765957447},"point_estimate":196309.73854337152,"standard_error":1016.7901681520727},"MedianAbsDev":{"confidence_interval":{"confidence_level":0.95,"lower_bound":269.8149201475264,"upper_bound":4670.9537865420725},"point_estimate":2774.96826358921,"standard_error":1288.700547392163},"Slope":{"confidence_interval":{"confidence_level":0.95,"lower_bound":195346.14435758232,"upper_bound":199709.04725450292},"point_estimate":197300.98505430738,"standard_error":1143.5049195026866},"StdDev":{"confidence_interval":{"confidence_level":0.95,"lower_bound":2491.713218792404,"upper_bound":28720.915160990287},"point_estimate":18006.20901436972,"standard_error":7666.038566913378}}