{"Mean":{"confidence_interval":{"confidence_level":0.95,"lower_bound":2317103.1039286475,"upper_bound":2373418.895772212},"point_estimate":2340695.3291877853,"standard_error":14624.450760050033},"Median":{"confidence_interval":{"confidence_level":0.95,"lower_bound":2303414.5795454546,"upper_bound":2339356.225},"point_estimate":2326716.971331909,"standard_error":9060.457383768266},"MedianAbsDev":{"confidence_interval":{"confidence_level":0.95,"lower_bound":22820.182823664847,"upper_bound":59210.13982445658},"point_estimate":39851.47730080688,"standard_error":9308.822257588581},"Slope":{"confidence_interval":{"confidence_level":0.95,"lower_bound":2308718.74624663,"upper_bound":2330998.202694255},"point_estimate":2320791.7074519233,"standard_error":5677.804943818593},"StdDev":{"confidence_interval":{"confidence_level":0.95,"lower_bound":30775.642511422924,"upper_bound":130517.04004207115},"point_estimate":84075.75214000461,"standard_error":30717.527203002814}}