{"Mean":{"confidence_interval":{"confidence_level":0.95,"lower_bound":-0.03423027995407647,"upper_bound":-0.004920559284568302},"point_estimate":-0.02068335771029106,"standard_error":0.007345736819731774},"Median":{"confidence_interval":{"confidence_level":0.95,"lower_bound":-0.03516384062052258,"upper_bound":-0.007642892205312002},"point_estimate":-0.02618711430312426,"standard_error":0.007862914324767671}}