{"Mean":{"confidence_interval":{"confidence_level":0.95,"lower_bound":768.8054403677221,"upper_bound":776.0175289234611},"point_estimate":772.1355761117856,"standard_error":1.8380852227718152},"Median":{"confidence_interval":{"confidence_level":0.95,"lower_bound":770.4900095202212,"upper_bound":775.8288978131916},"point_estimate":772.7274217636008,"standard_error":1.509486955174162},"MedianAbsDev":{"confidence_interval":{"confidence_level":0.95,"lower_bound":3.5868267825968068,"upper_bound":9.771551242962868},"point_estimate":6.918566720214499,"standard_error":1.656324122366594},"Slope":{"confidence_interval":{"confidence_level":0.95,"lower_bound":768.00869549152,"upper_bound":772.4797275230128},"point_estimate":770.2682085326468,"standard_error":1.1435834402487073},"StdDev":{"confidence_interval":{"confidence_level":0.95,"lower_bound":5.721709317550778,"upper_bound":15.449880521371822},"point_estimate":10.567832926639129,"standard_error":2.7242982705097045}}