{"Mean":{"confidence_interval":{"confidence_level":0.95,"lower_bound":7.322991654756898,"upper_bound":7.453891057925985},"point_estimate":7.373550236125635,"standard_error":0.03546804509284593},"Median":{"confidence_interval":{"confidence_level":0.95,"lower_bound":7.318901887864467,"upper_bound":7.353697475151593},"point_estimate":7.3308284849467995,"standard_error":0.009238562782227518},"MedianAbsDev":{"confidence_interval":{"confidence_level":0.95,"lower_bound":0.022904572736688365,"upper_bound":0.06767771609013114},"point_estimate":0.03803272131071537,"standard_error":0.011688867224997061},"Slope":{"confidence_interval":{"confidence_level":0.95,"lower_bound":7.3004418849702475,"upper_bound":7.345597558874462},"point_estimate":7.322610005220126,"standard_error":0.01150064598837606},"StdDev":{"confidence_interval":{"confidence_level":0.95,"lower_bound":0.04548800892615334,"upper_bound":0.333814945117046},"point_estimate":0.20365879485145125,"standard_error":0.0954413798065914}}