{"Mean":{"confidence_interval":{"confidence_level":0.95,"lower_bound":0.010331012781510463,"upper_bound":0.02840171487412993},"point_estimate":0.019415646643374362,"standard_error":0.004588816342499294},"Median":{"confidence_interval":{"confidence_level":0.95,"lower_bound":0.008765699440022257,"upper_bound":0.03048403079651929},"point_estimate":0.024102281603316733,"standard_error":0.005902528922397274}}