{"Mean":{"confidence_interval":{"confidence_level":0.95,"lower_bound":420.60384228824427,"upper_bound":444.8089976642239},"point_estimate":431.86322329830307,"standard_error":6.224930724243016},"Median":{"confidence_interval":{"confidence_level":0.95,"lower_bound":413.1499756658703,"upper_bound":419.35016193257235},"point_estimate":415.00779105418076,"standard_error":2.2917939807540186},"MedianAbsDev":{"confidence_interval":{"confidence_level":0.95,"lower_bound":4.091609169343297,"upper_bound":16.51997814985987},"point_estimate":7.540543984945675,"standard_error":3.6901034279665192},"Slope":{"confidence_interval":{"confidence_level":0.95,"lower_bound":418.76352736700716,"upper_bound":449.04129478529154},"point_estimate":431.7311674604265,"standard_error":7.751145105791854},"StdDev":{"confidence_interval":{"confidence_level":0.95,"lower_bound":21.547580058498816,"upper_bound":44.754526420489526},"point_estimate":35.75122003097544,"standard_error":5.958022992219731}}