{"Mean":{"confidence_interval":{"confidence_level":0.95,"lower_bound":49.54011422847971,"upper_bound":50.683650088474685},"point_estimate":50.00477509841124,"standard_error":0.3006180735586535},"Median":{"confidence_interval":{"confidence_level":0.95,"lower_bound":49.46588735225124,"upper_bound":49.76621089522629},"point_estimate":49.65587218692177,"standard_error":0.0704868959381464},"MedianAbsDev":{"confidence_interval":{"confidence_level":0.95,"lower_bound":0.16383332151010332,"upper_bound":0.6169831995472204},"point_estimate":0.3355898727329676,"standard_error":0.11402529378024229},"Slope":{"confidence_interval":{"confidence_level":0.95,"lower_bound":49.28211626759205,"upper_bound":49.54751268194498},"point_estimate":49.41870377494834,"standard_error":0.06770803952096037},"StdDev":{"confidence_interval":{"confidence_level":0.95,"lower_bound":0.41905060280997614,"upper_bound":2.7217756602120233},"point_estimate":1.7260084627543313,"standard_error":0.6883360406052044}}