{"Mean":{"confidence_interval":{"confidence_level":0.95,"lower_bound":43.413780344998564,"upper_bound":44.177243156655095},"point_estimate":43.71070823166194,"standard_error":0.20718119057045825},"Median":{"confidence_interval":{"confidence_level":0.95,"lower_bound":43.31506098520805,"upper_bound":43.689632163892504},"point_estimate":43.56346915788376,"standard_error":0.09331658245434674},"MedianAbsDev":{"confidence_interval":{"confidence_level":0.95,"lower_bound":0.2149379755436749,"upper_bound":0.5866869548082103},"point_estimate":0.4520216761882974,"standard_error":0.09963775194614305},"Slope":{"confidence_interval":{"confidence_level":0.95,"lower_bound":43.272463657544925,"upper_bound":43.52871702648472},"point_estimate":43.39875527304203,"standard_error":0.06542244970539522},"StdDev":{"confidence_interval":{"confidence_level":0.95,"lower_bound":0.3049912110081832,"upper_bound":1.9465845783793703},"point_estimate":1.188147761580493,"standard_error":0.5532512554849528}}