{"Mean":{"confidence_interval":{"confidence_level":0.95,"lower_bound":-0.03223541730956506,"upper_bound":-0.02537137801574802},"point_estimate":-0.028842535282095683,"standard_error":0.0017370761435076256},"Median":{"confidence_interval":{"confidence_level":0.95,"lower_bound":-0.031127136720747628,"upper_bound":-0.026459582011643556},"point_estimate":-0.028854317079178515,"standard_error":0.0011250502814166906}}