{"Mean":{"confidence_interval":{"confidence_level":0.95,"lower_bound":22345.135161268045,"upper_bound":23685.09151184474},"point_estimate":23015.113336556395,"standard_error":338.18178336006105},"Median":{"confidence_interval":{"confidence_level":0.95,"lower_bound":22091.07535050763,"upper_bound":23974.238552386214},"point_estimate":22923.938117273294,"standard_error":620.4166313677232},"MedianAbsDev":{"confidence_interval":{"confidence_level":0.95,"lower_bound":0.0,"upper_bound":1234.8023160846471},"point_estimate":1234.8023160846471,"standard_error":449.41076201605335},"Slope":{"confidence_interval":{"confidence_level":0.95,"lower_bound":22134.8483660146,"upper_bound":23829.58645990339},"point_estimate":22920.59057318122,"standard_error":493.37339408419564},"StdDev":{"confidence_interval":{"confidence_level":0.95,"lower_bound":313.74305745051953,"upper_bound":995.5311280127574},"point_estimate":845.4729840244588,"standard_error":183.29168147256271}}