{"Mean":{"confidence_interval":{"confidence_level":0.95,"lower_bound":32633861.563916966,"upper_bound":33029280.831383612},"point_estimate":32784537.071118716,"standard_error":108725.98635476048},"Median":{"confidence_interval":{"confidence_level":0.95,"lower_bound":32604368.466666665,"upper_bound":32664386.95238095},"point_estimate":32625877.847701147,"standard_error":17898.893681974492},"MedianAbsDev":{"confidence_interval":{"confidence_level":0.95,"lower_bound":44586.6136328983,"upper_bound":163411.17087103013},"point_estimate":94912.5251700941,"standard_error":33348.99692419075},"Slope":{"confidence_interval":{"confidence_level":0.95,"lower_bound":32621256.946420543,"upper_bound":32806861.08529258},"point_estimate":32707595.54055944,"standard_error":48747.96583821013},"StdDev":{"confidence_interval":{"confidence_level":0.95,"lower_bound":116297.93126737625,"upper_bound":1028234.303317916},"point_estimate":627503.9674854744,"standard_error":301581.6448763065}}