{"Mean":{"confidence_interval":{"confidence_level":0.95,"lower_bound":2679.35380151844,"upper_bound":2749.7773591422983},"point_estimate":2714.3103698275577,"standard_error":18.019797872347425},"Median":{"confidence_interval":{"confidence_level":0.95,"lower_bound":2637.435313723092,"upper_bound":2798.590629342863},"point_estimate":2695.502792911997,"standard_error":37.747058934622295},"MedianAbsDev":{"confidence_interval":{"confidence_level":0.95,"lower_bound":58.532697990517015,"upper_bound":177.28864643630612},"point_estimate":146.7298717585015,"standard_error":29.853275801383933},"Slope":{"confidence_interval":{"confidence_level":0.95,"lower_bound":2671.9523526973912,"upper_bound":2771.1794785140332},"point_estimate":2722.088362874996,"standard_error":25.396412089012564},"StdDev":{"confidence_interval":{"confidence_level":0.95,"lower_bound":88.20771516705031,"upper_bound":113.10852196943766},"point_estimate":103.48016181950197,"standard_error":6.332615434980586}}