{"Mean":{"confidence_interval":{"confidence_level":0.95,"lower_bound":31087.142555791434,"upper_bound":32471.334405614532},"point_estimate":31760.93942505741,"standard_error":353.4558824003704},"Median":{"confidence_interval":{"confidence_level":0.95,"lower_bound":30170.994554604178,"upper_bound":32768.679161254404},"point_estimate":31416.310909286207,"standard_error":832.1240768295258},"MedianAbsDev":{"confidence_interval":{"confidence_level":0.95,"lower_bound":1065.1494749383946,"upper_bound":3129.955392276769},"point_estimate":2134.988783074288,"standard_error":518.0150573637326},"Slope":{"confidence_interval":{"confidence_level":0.95,"lower_bound":30540.47039059431,"upper_bound":31875.2970210377},"point_estimate":31189.88065065849,"standard_error":342.0517045207564},"StdDev":{"confidence_interval":{"confidence_level":0.95,"lower_bound":1544.1627668855865,"upper_bound":2434.848659531296},"point_estimate":2035.751761721499,"standard_error":228.49002688163293}}