{"Mean":{"confidence_interval":{"confidence_level":0.95,"lower_bound":13334310.166666666,"upper_bound":15418557.666666666},"point_estimate":14239937.25,"standard_error":559748.2497043738},"Median":{"confidence_interval":{"confidence_level":0.95,"lower_bound":13086929.166666666,"upper_bound":16560675.0},"point_estimate":14141318.75,"standard_error":785295.3831046692},"MedianAbsDev":{"confidence_interval":{"confidence_level":0.95,"lower_bound":0.0,"upper_bound":1680953.317657113},"point_estimate":1410355.9657111773,"standard_error":673106.3573080256},"Slope":{"confidence_interval":{"confidence_level":0.95,"lower_bound":13190046.666666666,"upper_bound":14433597.368421054},"point_estimate":13459171.515151516,"standard_error":321590.5805105788},"StdDev":{"confidence_interval":{"confidence_level":0.95,"lower_bound":435657.4609714061,"upper_bound":1865470.826798046},"point_estimate":1398893.904201191,"standard_error":483171.6527237943}}