{"Mean":{"confidence_interval":{"confidence_level":0.95,"lower_bound":71748807.53333333,"upper_bound":73671989.33333334},"point_estimate":72926147.53333333,"standard_error":519517.4415974697},"Median":{"confidence_interval":{"confidence_level":0.95,"lower_bound":70666005.0,"upper_bound":73916640.0},"point_estimate":73302070.0,"standard_error":673981.8314385957},"MedianAbsDev":{"confidence_interval":{"confidence_level":0.95,"lower_bound":0.0,"upper_bound":1158568.8538312912},"point_estimate":457762.6258730962,"standard_error":337386.2689258272},"Slope":{"confidence_interval":{"confidence_level":0.95,"lower_bound":71114571.57894737,"upper_bound":73584851.66666667},"point_estimate":72521060.72727273,"standard_error":680589.0750787245},"StdDev":{"confidence_interval":{"confidence_level":0.95,"lower_bound":169112.99111343946,"upper_bound":1687002.986825305},"point_estimate":1298376.3009513423,"standard_error":536531.8906749223}}