{"Mean":{"confidence_interval":{"confidence_level":0.95,"lower_bound":984.1778377503822,"upper_bound":1004.4756645224712},"point_estimate":993.4167866853696,"standard_error":5.229723177361606},"Median":{"confidence_interval":{"confidence_level":0.95,"lower_bound":980.4819496518479,"upper_bound":987.9093602076946},"point_estimate":982.5702609127922,"standard_error":1.898969271639962},"MedianAbsDev":{"confidence_interval":{"confidence_level":0.95,"lower_bound":3.318372109082141,"upper_bound":16.676453412915578},"point_estimate":7.587048970105623,"standard_error":3.386209709184307},"Slope":{"confidence_interval":{"confidence_level":0.95,"lower_bound":978.9584741123037,"upper_bound":985.3236240242771},"point_estimate":982.2405903978186,"standard_error":1.628679032561465},"StdDev":{"confidence_interval":{"confidence_level":0.95,"lower_bound":13.296299039214599,"upper_bound":40.063286835998866},"point_estimate":30.072204047927503,"standard_error":6.507217857546357}}