{"Mean":{"confidence_interval":{"confidence_level":0.95,"lower_bound":977.3994223530843,"upper_bound":984.8350162930531},"point_estimate":980.8117435889243,"standard_error":1.9015898638492315},"Median":{"confidence_interval":{"confidence_level":0.95,"lower_bound":979.0312559719715,"upper_bound":981.217654836935},"point_estimate":980.173042764904,"standard_error":0.7439216882249826},"MedianAbsDev":{"confidence_interval":{"confidence_level":0.95,"lower_bound":1.7401782049713435,"upper_bound":7.983558735267315},"point_estimate":4.458612738634397,"standard_error":1.9079046451562935},"Slope":{"confidence_interval":{"confidence_level":0.95,"lower_bound":974.4034306536838,"upper_bound":979.9907085373542},"point_estimate":977.4365220629779,"standard_error":1.4392499727148147},"StdDev":{"confidence_interval":{"confidence_level":0.95,"lower_bound":5.470762652039751,"upper_bound":15.392748944346168},"point_estimate":10.916822390552364,"standard_error":2.624668176219209}}