{"Mean":{"confidence_interval":{"confidence_level":0.95,"lower_bound":550.6075803535285,"upper_bound":557.7794404193539},"point_estimate":553.9557524777032,"standard_error":1.8314781886350098},"Median":{"confidence_interval":{"confidence_level":0.95,"lower_bound":550.8661016949153,"upper_bound":552.6895714316074},"point_estimate":552.0543535275602,"standard_error":0.48799924174736},"MedianAbsDev":{"confidence_interval":{"confidence_level":0.95,"lower_bound":1.2089731337575358,"upper_bound":10.902293179207115},"point_estimate":4.2484376804220005,"standard_error":2.37408508210867},"Slope":{"confidence_interval":{"confidence_level":0.95,"lower_bound":546.6872978021339,"upper_bound":550.8955877876208},"point_estimate":548.7920284243515,"standard_error":1.0760144267030154},"StdDev":{"confidence_interval":{"confidence_level":0.95,"lower_bound":5.9496882865248475,"upper_bound":13.769394702384075},"point_estimate":10.533178609571031,"standard_error":1.9869658242879504}}