{"Mean":{"confidence_interval":{"confidence_level":0.95,"lower_bound":552.0922588836108,"upper_bound":555.6084817784326},"point_estimate":553.7821889247147,"standard_error":0.8944183580821645},"Median":{"confidence_interval":{"confidence_level":0.95,"lower_bound":551.9360619898673,"upper_bound":554.5029836871777},"point_estimate":552.915907667293,"standard_error":0.7088138080330932},"MedianAbsDev":{"confidence_interval":{"confidence_level":0.95,"lower_bound":1.3925303549106254,"upper_bound":4.573114002169392},"point_estimate":2.4122710562628447,"standard_error":0.771555694876897},"Slope":{"confidence_interval":{"confidence_level":0.95,"lower_bound":550.5957539655637,"upper_bound":554.669643269209},"point_estimate":552.6960914295612,"standard_error":1.0419177542714821},"StdDev":{"confidence_interval":{"confidence_level":0.95,"lower_bound":3.1243701619652775,"upper_bound":6.8500824221700745},"point_estimate":5.151235416179348,"standard_error":0.9677862250600796}}