{"Mean":{"confidence_interval":{"confidence_level":0.95,"lower_bound":-0.20975581214695016,"upper_bound":-0.17657627365276188},"point_estimate":-0.19413391417534165,"standard_error":0.00847058866458707},"Median":{"confidence_interval":{"confidence_level":0.95,"lower_bound":-0.20831034819333438,"upper_bound":-0.18668389460058554},"point_estimate":-0.19461679983301472,"standard_error":0.005038633391445365}}