{"Mean":{"confidence_interval":{"confidence_level":0.95,"lower_bound":6003331.766666668,"upper_bound":6105407.333333334},"point_estimate":6053734.433333334,"standard_error":26204.41349076018},"Median":{"confidence_interval":{"confidence_level":0.95,"lower_bound":5983154.0,"upper_bound":6136684.0},"point_estimate":6031849.5,"standard_error":45771.122261337885},"MedianAbsDev":{"confidence_interval":{"confidence_level":0.95,"lower_bound":0.0,"upper_bound":72195.94701826572},"point_estimate":72195.94701826572,"standard_error":24602.71123074474},"Slope":{"confidence_interval":{"confidence_level":0.95,"lower_bound":6006238.074074074,"upper_bound":6099869.357142857},"point_estimate":6061009.054545455,"standard_error":26856.245829084804},"StdDev":{"confidence_interval":{"confidence_level":0.95,"lower_bound":15856.568039774558,"upper_bound":79687.64063517001},"point_estimate":65642.85411176819,"standard_error":15264.614203077886}}