{"Mean":{"confidence_interval":{"confidence_level":0.95,"lower_bound":7549250.511719619,"upper_bound":8659379.4089327},"point_estimate":7987565.152320281,"standard_error":294278.5580604655},"Median":{"confidence_interval":{"confidence_level":0.95,"lower_bound":7492250.027777778,"upper_bound":7709604.588235294},"point_estimate":7566010.0478125,"standard_error":58120.26655355141},"MedianAbsDev":{"confidence_interval":{"confidence_level":0.95,"lower_bound":163091.7848815599,"upper_bound":658691.0849496453},"point_estimate":324955.8951911068,"standard_error":127364.1512103972},"Slope":{"confidence_interval":{"confidence_level":0.95,"lower_bound":7496725.025615989,"upper_bound":7644929.501569254},"point_estimate":7574299.382867133,"standard_error":37660.699520083894},"StdDev":{"confidence_interval":{"confidence_level":0.95,"lower_bound":436144.4648717119,"upper_bound":2720117.637358068},"point_estimate":1692217.7220541958,"standard_error":730781.138492346}}