{"Mean":{"confidence_interval":{"confidence_level":0.95,"lower_bound":408313.53476611886,"upper_bound":418600.35903919087},"point_estimate":412792.2048040455,"standard_error":2690.679235097423},"Median":{"confidence_interval":{"confidence_level":0.95,"lower_bound":405882.61694058153,"upper_bound":423644.75347661186},"point_estimate":412366.1188369153,"standard_error":3606.877334485025},"MedianAbsDev":{"confidence_interval":{"confidence_level":0.95,"lower_bound":0.0,"upper_bound":10769.092640668821},"point_estimate":5107.341360653976,"standard_error":3420.219377574655},"Slope":{"confidence_interval":{"confidence_level":0.95,"lower_bound":408758.79491739697,"upper_bound":413382.785503582},"point_estimate":410661.47569244914,"standard_error":1269.3542472214328},"StdDev":{"confidence_interval":{"confidence_level":0.95,"lower_bound":1664.3356606102438,"upper_bound":8945.559707613013},"point_estimate":6723.304803415215,"standard_error":2181.6047207705087}}