{"Mean":{"confidence_interval":{"confidence_level":0.95,"lower_bound":-0.07776185305693668,"upper_bound":-0.037338068339161576},"point_estimate":-0.058205956696159245,"standard_error":0.010288069109127055},"Median":{"confidence_interval":{"confidence_level":0.95,"lower_bound":-0.10713233479977535,"upper_bound":-0.043904296968725},"point_estimate":-0.08190613575803996,"standard_error":0.02234602611148313}}