{"Mean":{"confidence_interval":{"confidence_level":0.95,"lower_bound":240.88241354906145,"upper_bound":246.07365163299778},"point_estimate":242.98072489663792,"standard_error":1.3663989509630028},"Median":{"confidence_interval":{"confidence_level":0.95,"lower_bound":239.87376610008445,"upper_bound":242.44231242961712},"point_estimate":241.1778902228121,"standard_error":0.7155216393437753},"MedianAbsDev":{"confidence_interval":{"confidence_level":0.95,"lower_bound":1.5848771565650632,"upper_bound":4.659907249047033},"point_estimate":2.9808298175394032,"standard_error":0.7556414785550795},"Slope":{"confidence_interval":{"confidence_level":0.95,"lower_bound":239.59051733130715,"upper_bound":241.03688890010378},"point_estimate":240.24443348762196,"standard_error":0.3711786176070017},"StdDev":{"confidence_interval":{"confidence_level":0.95,"lower_bound":2.399721100214293,"upper_bound":12.439192671932913},"point_estimate":7.831769433967364,"standard_error":3.1686671273270304}}