{"Mean":{"confidence_interval":{"confidence_level":0.95,"lower_bound":15182.77304126771,"upper_bound":15579.336711411133},"point_estimate":15343.378125172349,"standard_error":104.1086060491055},"Median":{"confidence_interval":{"confidence_level":0.95,"lower_bound":15142.53384557582,"upper_bound":15273.6348510059},"point_estimate":15233.83396094229,"standard_error":35.106388279946046},"MedianAbsDev":{"confidence_interval":{"confidence_level":0.95,"lower_bound":70.79969924222257,"upper_bound":275.88450535686167},"point_estimate":172.85554259787372,"standard_error":52.21696937900666},"Slope":{"confidence_interval":{"confidence_level":0.95,"lower_bound":15083.714754744859,"upper_bound":15228.10974721313},"point_estimate":15151.050550946558,"standard_error":36.75268208133002},"StdDev":{"confidence_interval":{"confidence_level":0.95,"lower_bound":175.5150626235721,"upper_bound":946.1855861043122},"point_estimate":596.6834124628987,"standard_error":240.1649635797308}}