{"Mean":{"confidence_interval":{"confidence_level":0.95,"lower_bound":1775.6124182917615,"upper_bound":1822.9546971027005},"point_estimate":1794.9427590752352,"standard_error":12.397895339532822},"Median":{"confidence_interval":{"confidence_level":0.95,"lower_bound":1776.1879075441552,"upper_bound":1785.7818499805674},"point_estimate":1784.043881979531,"standard_error":2.6291357519973784},"MedianAbsDev":{"confidence_interval":{"confidence_level":0.95,"lower_bound":4.873292467739486,"upper_bound":33.90425581114087},"point_estimate":12.760812731951026,"standard_error":7.723984928839904},"Slope":{"confidence_interval":{"confidence_level":0.95,"lower_bound":1768.7414476677022,"upper_bound":1780.2644603188226},"point_estimate":1774.6253775761743,"standard_error":2.9293527413482816},"StdDev":{"confidence_interval":{"confidence_level":0.95,"lower_bound":18.974048924942196,"upper_bound":112.03408054644987},"point_estimate":71.09715332340694,"standard_error":27.918279065161837}}