{"Mean":{"confidence_interval":{"confidence_level":0.95,"lower_bound":6080528.297010137,"upper_bound":6582530.417240049},"point_estimate":6365087.196857086,"standard_error":129135.76171627472},"Median":{"confidence_interval":{"confidence_level":0.95,"lower_bound":6284760.125,"upper_bound":6696301.056153846},"point_estimate":6517594.280100334,"standard_error":93453.39636477435},"MedianAbsDev":{"confidence_interval":{"confidence_level":0.95,"lower_bound":248432.0403255301,"upper_bound":568589.8861555111},"point_estimate":476100.43242928304,"standard_error":83743.73872933583},"Slope":{"confidence_interval":{"confidence_level":0.95,"lower_bound":6347781.51774942,"upper_bound":6582980.6542393},"point_estimate":6453520.736276223,"standard_error":60059.84393086739},"StdDev":{"confidence_interval":{"confidence_level":0.95,"lower_bound":321499.0293808696,"upper_bound":1106345.2953942877},"point_estimate":739218.9223995574,"standard_error":226477.78527399144}}