{"Mean":{"confidence_interval":{"confidence_level":0.95,"lower_bound":1875.1890189434503,"upper_bound":1916.1245092717545},"point_estimate":1890.3648342091958,"standard_error":11.709420782393416},"Median":{"confidence_interval":{"confidence_level":0.95,"lower_bound":1880.128729859253,"upper_bound":1882.0491959979427},"point_estimate":1881.6181575868854,"standard_error":0.5788235864766069},"MedianAbsDev":{"confidence_interval":{"confidence_level":0.95,"lower_bound":0.8137678846293046,"upper_bound":9.145429167165354},"point_estimate":2.9982240448312423,"standard_error":2.0333973946425266},"Slope":{"confidence_interval":{"confidence_level":0.95,"lower_bound":1871.962811138034,"upper_bound":1880.0230594633601},"point_estimate":1876.292367457792,"standard_error":2.06237638444673},"StdDev":{"confidence_interval":{"confidence_level":0.95,"lower_bound":8.16981553544207,"upper_bound":112.80662080793599},"point_estimate":67.77800958357462,"standard_error":35.551124847766374}}