{"Mean":{"confidence_interval":{"confidence_level":0.95,"lower_bound":1887.7769969159351,"upper_bound":1911.918585403119},"point_estimate":1898.6471303358846,"standard_error":6.174564068400579},"Median":{"confidence_interval":{"confidence_level":0.95,"lower_bound":1881.7201232633645,"upper_bound":1887.4775935459388},"point_estimate":1882.4153892219174,"standard_error":1.578955794382996},"MedianAbsDev":{"confidence_interval":{"confidence_level":0.95,"lower_bound":1.222283473958187,"upper_bound":10.044668614205383},"point_estimate":3.1776256001385175,"standard_error":2.5069982449258807},"Slope":{"confidence_interval":{"confidence_level":0.95,"lower_bound":1879.8555504206988,"upper_bound":1884.6989637864997},"point_estimate":1882.2853323820075,"standard_error":1.2366908636771101},"StdDev":{"confidence_interval":{"confidence_level":0.95,"lower_bound":16.255008914110647,"upper_bound":48.13865406178646},"point_estimate":35.31556619977709,"standard_error":8.040601219756802}}