{"Mean":{"confidence_interval":{"confidence_level":0.95,"lower_bound":39.91643636385322,"upper_bound":40.52883849084062},"point_estimate":40.20712860022565,"standard_error":0.1565805762664077},"Median":{"confidence_interval":{"confidence_level":0.95,"lower_bound":39.794217934902406,"upper_bound":40.15080186658639},"point_estimate":39.857590019754376,"standard_error":0.08778356831249208},"MedianAbsDev":{"confidence_interval":{"confidence_level":0.95,"lower_bound":0.08774825060543773,"upper_bound":0.9861326561234415},"point_estimate":0.17036432126960938,"standard_error":0.27704242959275965},"Slope":{"confidence_interval":{"confidence_level":0.95,"lower_bound":39.64922811875722,"upper_bound":40.346404995187264},"point_estimate":39.96070264067537,"standard_error":0.17773238144349193},"StdDev":{"confidence_interval":{"confidence_level":0.95,"lower_bound":0.5833989633219684,"upper_bound":1.128734909540323},"point_estimate":0.8989178255357378,"standard_error":0.1393644009397714}}