{"Mean":{"confidence_interval":{"confidence_level":0.95,"lower_bound":544745.5708994976,"upper_bound":568674.7895192206},"point_estimate":554276.9729442282,"standard_error":6313.643435965576},"Median":{"confidence_interval":{"confidence_level":0.95,"lower_bound":543762.2016806722,"upper_bound":547924.1176470588},"point_estimate":545275.5220142603,"standard_error":1406.8472348774744},"MedianAbsDev":{"confidence_interval":{"confidence_level":0.95,"lower_bound":3710.5688385255467,"upper_bound":13202.176169357892},"point_estimate":7540.47224951184,"standard_error":2467.531915775926},"Slope":{"confidence_interval":{"confidence_level":0.95,"lower_bound":542765.8053706209,"upper_bound":547363.9946271556},"point_estimate":545048.9813914027,"standard_error":1168.1689405228162},"StdDev":{"confidence_interval":{"confidence_level":0.95,"lower_bound":7002.539416806135,"upper_bound":57587.87635929274},"point_estimate":36257.70063264457,"standard_error":15016.604584110013}}