{"Mean":{"confidence_interval":{"confidence_level":0.95,"lower_bound":980.0729068627488,"upper_bound":985.0775445202656},"point_estimate":982.2974813675875,"standard_error":1.2870411564503084},"Median":{"confidence_interval":{"confidence_level":0.95,"lower_bound":980.4416524701874,"upper_bound":982.229551746167},"point_estimate":981.4315246082708,"standard_error":0.5643904457564181},"MedianAbsDev":{"confidence_interval":{"confidence_level":0.95,"lower_bound":1.3695920401260546,"upper_bound":3.524117987385358},"point_estimate":2.0899806746304956,"standard_error":0.5310178277918434},"Slope":{"confidence_interval":{"confidence_level":0.95,"lower_bound":980.1723294970361,"upper_bound":982.2163919591572},"point_estimate":981.2756780152876,"standard_error":0.5207729635600518},"StdDev":{"confidence_interval":{"confidence_level":0.95,"lower_bound":2.683605647232837,"upper_bound":10.580670377162722},"point_estimate":7.397993818669234,"standard_error":2.069931087811281}}