{"Mean":{"confidence_interval":{"confidence_level":0.95,"lower_bound":27976.043374191668,"upper_bound":28641.841355347864},"point_estimate":28254.699054372188,"standard_error":172.22547317866437},"Median":{"confidence_interval":{"confidence_level":0.95,"lower_bound":27960.693452380954,"upper_bound":28006.866512345678},"point_estimate":27984.523046875,"standard_error":12.817367870711301},"MedianAbsDev":{"confidence_interval":{"confidence_level":0.95,"lower_bound":28.941841553491898,"upper_bound":98.58277958503064},"point_estimate":48.199879731482135,"standard_error":18.036214473735843},"Slope":{"confidence_interval":{"confidence_level":0.95,"lower_bound":27963.678225254174,"upper_bound":28017.21246872688},"point_estimate":27990.72666318057,"standard_error":13.682796404386773},"StdDev":{"confidence_interval":{"confidence_level":0.95,"lower_bound":75.46340114792281,"upper_bound":1524.8818260616954},"point_estimate":991.41390205197,"standard_error":368.3678326575035}}