{"Mean":{"confidence_interval":{"confidence_level":0.95,"lower_bound":7352215.489227897,"upper_bound":8561800.60843202},"point_estimate":7808692.811108363,"standard_error":334192.32516039873},"Median":{"confidence_interval":{"confidence_level":0.95,"lower_bound":7328595.947368421,"upper_bound":7496631.516335227},"point_estimate":7369369.990399385,"standard_error":42084.478108223484},"MedianAbsDev":{"confidence_interval":{"confidence_level":0.95,"lower_bound":92777.54948526206,"upper_bound":550714.3408063438},"point_estimate":328594.10157035093,"standard_error":110874.65783597957},"Slope":{"confidence_interval":{"confidence_level":0.95,"lower_bound":7327870.503251315,"upper_bound":7454403.862403675},"point_estimate":7396463.440297203,"standard_error":32176.3312108749},"StdDev":{"confidence_interval":{"confidence_level":0.95,"lower_bound":353250.12024199904,"upper_bound":3174770.876503265},"point_estimate":1928597.3953436548,"standard_error":944312.7698569621}}