{"Mean":{"confidence_interval":{"confidence_level":0.95,"lower_bound":61.17158533483619,"upper_bound":61.82679349108481},"point_estimate":61.481392573770314,"standard_error":0.16739206405262536},"Median":{"confidence_interval":{"confidence_level":0.95,"lower_bound":60.80542107416031,"upper_bound":61.63579694474576},"point_estimate":61.4763671970597,"standard_error":0.2701192665147356},"MedianAbsDev":{"confidence_interval":{"confidence_level":0.95,"lower_bound":0.19218949020054535,"upper_bound":1.1741791109470268},"point_estimate":1.0324071430116004,"standard_error":0.2619557715794194},"Slope":{"confidence_interval":{"confidence_level":0.95,"lower_bound":61.300065761034,"upper_bound":62.353339697218296},"point_estimate":61.76669000026044,"standard_error":0.2721531747975491},"StdDev":{"confidence_interval":{"confidence_level":0.95,"lower_bound":0.6219167397357008,"upper_bound":1.2937513888853434},"point_estimate":0.9612543961288823,"standard_error":0.181783338661622}}