{"Mean":{"confidence_interval":{"confidence_level":0.95,"lower_bound":4478697.850728429,"upper_bound":4595790.28859846},"point_estimate":4534934.795601164,"standard_error":29882.6801357724},"Median":{"confidence_interval":{"confidence_level":0.95,"lower_bound":4430232.111111111,"upper_bound":4568167.461538462},"point_estimate":4477583.335565476,"standard_error":37019.27571450268},"MedianAbsDev":{"confidence_interval":{"confidence_level":0.95,"lower_bound":81719.31755995292,"upper_bound":255997.47341513602},"point_estimate":158762.88505122703,"standard_error":47883.93160188002},"Slope":{"confidence_interval":{"confidence_level":0.95,"lower_bound":4433866.577577348,"upper_bound":4491358.369023598},"point_estimate":4463265.089044289,"standard_error":14620.115485247798},"StdDev":{"confidence_interval":{"confidence_level":0.95,"lower_bound":123856.16841162145,"upper_bound":215740.85557133684},"point_estimate":172050.5564959241,"standard_error":24054.68861174315}}