{"Mean":{"confidence_interval":{"confidence_level":0.95,"lower_bound":193.8009577545765,"upper_bound":199.10740343927756},"point_estimate":196.2817665683416,"standard_error":1.3622252582462588},"Median":{"confidence_interval":{"confidence_level":0.95,"lower_bound":192.41708034214145,"upper_bound":195.00092484268444},"point_estimate":193.0121327834632,"standard_error":0.8266853859144716},"MedianAbsDev":{"confidence_interval":{"confidence_level":0.95,"lower_bound":2.1143626659909067,"upper_bound":6.139796503949316},"point_estimate":3.5151001510510675,"standard_error":1.0951670318818014},"Slope":{"confidence_interval":{"confidence_level":0.95,"lower_bound":194.27288859339777,"upper_bound":201.78432690274397},"point_estimate":197.69265915274585,"standard_error":1.9218261360895181},"StdDev":{"confidence_interval":{"confidence_level":0.95,"lower_bound":4.767208336540725,"upper_bound":9.796591175280367},"point_estimate":7.850182389585232,"standard_error":1.2893630647564462}}