{"Mean":{"confidence_interval":{"confidence_level":0.95,"lower_bound":4701182.380952381,"upper_bound":5009579.777777778},"point_estimate":4854129.460317461,"standard_error":82213.29087417906},"Median":{"confidence_interval":{"confidence_level":0.95,"lower_bound":4631006.349206349,"upper_bound":5142000.0},"point_estimate":4875742.063492063,"standard_error":130234.59328675267},"MedianAbsDev":{"confidence_interval":{"confidence_level":0.95,"lower_bound":0.0,"upper_bound":362845.16355821106},"point_estimate":284160.2882884791,"standard_error":126348.57992997188},"Slope":{"confidence_interval":{"confidence_level":0.95,"lower_bound":4665657.142857143,"upper_bound":4929218.954248366},"point_estimate":4854813.67965368,"standard_error":65566.48698651478},"StdDev":{"confidence_interval":{"confidence_level":0.95,"lower_bound":91311.92995661154,"upper_bound":261402.99183689998},"point_estimate":205573.5509046629,"standard_error":51003.9399286444}}