{"Mean":{"confidence_interval":{"confidence_level":0.95,"lower_bound":0.0038958429719705787,"upper_bound":0.06763693057879196},"point_estimate":0.03515763521962323,"standard_error":0.016383376033751906},"Median":{"confidence_interval":{"confidence_level":0.95,"lower_bound":0.022088909232440113,"upper_bound":0.03136160659471354},"point_estimate":0.027591537129905808,"standard_error":0.002498930340365401}}