{"Mean":{"confidence_interval":{"confidence_level":0.95,"lower_bound":187.30532633163804,"upper_bound":190.88490593253212},"point_estimate":188.87582754761357,"standard_error":0.9223373347249613},"Median":{"confidence_interval":{"confidence_level":0.95,"lower_bound":186.66077164930107,"upper_bound":188.60019368477228},"point_estimate":187.22406734571354,"standard_error":0.5365258046692797},"MedianAbsDev":{"confidence_interval":{"confidence_level":0.95,"lower_bound":0.9033794080761003,"upper_bound":3.478157914020391},"point_estimate":2.4185012891058526,"standard_error":0.6366396784440788},"Slope":{"confidence_interval":{"confidence_level":0.95,"lower_bound":186.42441527881334,"upper_bound":187.38636624124518},"point_estimate":186.9201722601457,"standard_error":0.2442858588968919},"StdDev":{"confidence_interval":{"confidence_level":0.95,"lower_bound":2.1889749444847264,"upper_bound":7.855043837749476},"point_estimate":5.322826332249206,"standard_error":1.5789451520720752}}