{"Mean":{"confidence_interval":{"confidence_level":0.95,"lower_bound":313.88299801639346,"upper_bound":323.0092979128768},"point_estimate":318.3062689184238,"standard_error":2.3312825313069703},"Median":{"confidence_interval":{"confidence_level":0.95,"lower_bound":308.18382720831045,"upper_bound":322.28574192300255},"point_estimate":316.728081471271,"standard_error":3.6214719684862753},"MedianAbsDev":{"confidence_interval":{"confidence_level":0.95,"lower_bound":7.25590730991498,"upper_bound":20.863178033410072},"point_estimate":16.739974980941753,"standard_error":3.9342048823073084},"Slope":{"confidence_interval":{"confidence_level":0.95,"lower_bound":312.6700376443575,"upper_bound":324.2544654676922},"point_estimate":318.1776069309817,"standard_error":2.965023850011026},"StdDev":{"confidence_interval":{"confidence_level":0.95,"lower_bound":10.495240756744867,"upper_bound":15.57816112578403},"point_estimate":13.415969965648584,"standard_error":1.2997213202491031}}