{"Mean":{"confidence_interval":{"confidence_level":0.95,"lower_bound":7.367397752402003,"upper_bound":7.467109955349868},"point_estimate":7.4111719478941005,"standard_error":0.025671825417156652},"Median":{"confidence_interval":{"confidence_level":0.95,"lower_bound":7.343323605835459,"upper_bound":7.424036113742166},"point_estimate":7.396648812282818,"standard_error":0.021506929495061784},"MedianAbsDev":{"confidence_interval":{"confidence_level":0.95,"lower_bound":0.052284062412696466,"upper_bound":0.12462824948729126},"point_estimate":0.09155351722831111,"standard_error":0.01862256264077758},"Slope":{"confidence_interval":{"confidence_level":0.95,"lower_bound":7.3427857127660365,"upper_bound":7.396672054573682},"point_estimate":7.368841684443608,"standard_error":0.013728219771140348},"StdDev":{"confidence_interval":{"confidence_level":0.95,"lower_bound":0.06746539663474889,"upper_bound":0.2202239863343748},"point_estimate":0.14704649558734378,"standard_error":0.04442848252263251}}