{"Mean":{"confidence_interval":{"confidence_level":0.95,"lower_bound":6951.589485403166,"upper_bound":7023.979663639365},"point_estimate":6984.993021616814,"standard_error":18.566768807889538},"Median":{"confidence_interval":{"confidence_level":0.95,"lower_bound":6923.206686429513,"upper_bound":6942.359217171717},"point_estimate":6928.4120541351,"standard_error":9.043595778178167},"MedianAbsDev":{"confidence_interval":{"confidence_level":0.95,"lower_bound":5.824804206934,"upper_bound":37.93353086694923},"point_estimate":12.741703113921325,"standard_error":12.734519283794535},"Slope":{"confidence_interval":{"confidence_level":0.95,"lower_bound":6927.363269481748,"upper_bound":6943.619406044558},"point_estimate":6933.628931314897,"standard_error":4.195276070869011},"StdDev":{"confidence_interval":{"confidence_level":0.95,"lower_bound":63.62165187084408,"upper_bound":141.29915324354363},"point_estimate":106.45220799767273,"standard_error":20.687314775640626}}