{"Mean":{"confidence_interval":{"confidence_level":0.95,"lower_bound":44.59641121814359,"upper_bound":45.62300989742476},"point_estimate":45.02385581482382,"standard_error":0.2681341052976314},"Median":{"confidence_interval":{"confidence_level":0.95,"lower_bound":44.57843984481792,"upper_bound":44.74943121006946},"point_estimate":44.644071264098194,"standard_error":0.05376699915355784},"MedianAbsDev":{"confidence_interval":{"confidence_level":0.95,"lower_bound":0.12939757438556498,"upper_bound":0.5441518477553281},"point_estimate":0.21254540586667164,"standard_error":0.1044094358849542},"Slope":{"confidence_interval":{"confidence_level":0.95,"lower_bound":44.336194352481364,"upper_bound":44.613073228249014},"point_estimate":44.47353619311103,"standard_error":0.07103251541755964},"StdDev":{"confidence_interval":{"confidence_level":0.95,"lower_bound":0.4145379510184605,"upper_bound":2.3999815722234024},"point_estimate":1.5449163604832044,"standard_error":0.5780574749155829}}