{"Mean":{"confidence_interval":{"confidence_level":0.95,"lower_bound":41.57456593656295,"upper_bound":43.64792058405062},"point_estimate":42.37121540640381,"standard_error":0.5662607799374202},"Median":{"confidence_interval":{"confidence_level":0.95,"lower_bound":41.56976440591231,"upper_bound":42.103595100527286},"point_estimate":41.85207336523126,"standard_error":0.14063575812737755},"MedianAbsDev":{"confidence_interval":{"confidence_level":0.95,"lower_bound":0.3800353098371077,"upper_bound":1.4144595179268873},"point_estimate":1.021471231459325,"standard_error":0.2976299799420039},"Slope":{"confidence_interval":{"confidence_level":0.95,"lower_bound":41.60259405480395,"upper_bound":42.20464244352451},"point_estimate":41.8921403141105,"standard_error":0.153010782946391},"StdDev":{"confidence_interval":{"confidence_level":0.95,"lower_bound":0.7278785716178097,"upper_bound":5.362582249724782},"point_estimate":3.259758315391181,"standard_error":1.555469407083212}}