{"Mean":{"confidence_interval":{"confidence_level":0.95,"lower_bound":1683.6997842143242,"upper_bound":1710.4835821511992},"point_estimate":1695.4642209369877,"standard_error":6.924925905941376},"Median":{"confidence_interval":{"confidence_level":0.95,"lower_bound":1680.4109415153407,"upper_bound":1685.961034866469},"point_estimate":1682.3776214615423,"standard_error":1.379538084251439},"MedianAbsDev":{"confidence_interval":{"confidence_level":0.95,"lower_bound":3.398817427603925,"upper_bound":10.526597763256355},"point_estimate":6.154152048259504,"standard_error":1.8912077537314778},"Slope":{"confidence_interval":{"confidence_level":0.95,"lower_bound":1678.3335793291549,"upper_bound":1685.3698603231257},"point_estimate":1682.1716529182056,"standard_error":1.7942231052204491},"StdDev":{"confidence_interval":{"confidence_level":0.95,"lower_bound":12.132034465200405,"upper_bound":57.21232253099046},"point_estimate":39.85131828862201,"standard_error":11.651242009780322}}