{"Mean":{"confidence_interval":{"confidence_level":0.95,"lower_bound":32713.145186225884,"upper_bound":33734.685353238296},"point_estimate":33186.25826584513,"standard_error":260.123979018886},"Median":{"confidence_interval":{"confidence_level":0.95,"lower_bound":32402.451372235544,"upper_bound":33672.38391105298},"point_estimate":33320.80485611511,"standard_error":290.87075443912624},"MedianAbsDev":{"confidence_interval":{"confidence_level":0.95,"lower_bound":500.618775809176,"upper_bound":1638.8493552432917},"point_estimate":1009.7379114800431,"standard_error":315.00062696378444},"Slope":{"confidence_interval":{"confidence_level":0.95,"lower_bound":32027.83900662432,"upper_bound":32784.44719928508},"point_estimate":32341.743661015244,"standard_error":193.35379647357024},"StdDev":{"confidence_interval":{"confidence_level":0.95,"lower_bound":878.2417284745006,"upper_bound":2063.66992872758},"point_estimate":1494.8008478072436,"standard_error":323.9824470432796}}