{"Mean":{"confidence_interval":{"confidence_level":0.95,"lower_bound":1360215.277777778,"upper_bound":1450987.514619883},"point_estimate":1405256.5847953218,"standard_error":23443.3181576923},"Median":{"confidence_interval":{"confidence_level":0.95,"lower_bound":1340749.5614035088,"upper_bound":1492036.6228070175},"point_estimate":1414669.0350877193,"standard_error":34592.17446521844},"MedianAbsDev":{"confidence_interval":{"confidence_level":0.95,"lower_bound":0.0,"upper_bound":111883.40994349714},"point_estimate":77177.06676141212,"standard_error":40787.788342454325},"Slope":{"confidence_interval":{"confidence_level":0.95,"lower_bound":1371969.0417080438,"upper_bound":1440195.6371191135},"point_estimate":1404061.2360446572,"standard_error":17376.82530377731},"StdDev":{"confidence_interval":{"confidence_level":0.95,"lower_bound":23462.05993154582,"upper_bound":75647.46004689917},"point_estimate":58564.05370655098,"standard_error":15945.172283408725}}