{"Mean":{"confidence_interval":{"confidence_level":0.95,"lower_bound":308556.54092632455,"upper_bound":317644.2294724424},"point_estimate":312421.17765879165,"standard_error":2363.273116893646},"Median":{"confidence_interval":{"confidence_level":0.95,"lower_bound":307147.76504273503,"upper_bound":308157.03205128206},"point_estimate":307595.1977777778,"standard_error":306.8254556638161},"MedianAbsDev":{"confidence_interval":{"confidence_level":0.95,"lower_bound":656.0505913111095,"upper_bound":2352.361229134724},"point_estimate":1161.1337047191028,"standard_error":495.62062986988946},"Slope":{"confidence_interval":{"confidence_level":0.95,"lower_bound":307694.7240901109,"upper_bound":312424.5537095622},"point_estimate":309565.09777097905,"standard_error":1285.746117147307},"StdDev":{"confidence_interval":{"confidence_level":0.95,"lower_bound":3270.9893484837226,"upper_bound":20665.388458111516},"point_estimate":13642.553809388248,"standard_error":4618.641986884838}}