{"Mean":{"confidence_interval":{"confidence_level":0.95,"lower_bound":1330403.0361248436,"upper_bound":1370554.6640578278},"point_estimate":1347469.9304721595,"standard_error":10429.573584084812},"Median":{"confidence_interval":{"confidence_level":0.95,"lower_bound":1325694.801904762,"upper_bound":1335236.4642857143},"point_estimate":1329340.146577381,"standard_error":2685.3522461975726},"MedianAbsDev":{"confidence_interval":{"confidence_level":0.95,"lower_bound":6206.961894680095,"upper_bound":18510.205046037237},"point_estimate":9483.313961108888,"standard_error":3281.7116012879014},"Slope":{"confidence_interval":{"confidence_level":0.95,"lower_bound":1323456.0644120318,"upper_bound":1329127.6483187939},"point_estimate":1326163.3179070929,"standard_error":1441.0631096084446},"StdDev":{"confidence_interval":{"confidence_level":0.95,"lower_bound":11826.961327554214,"upper_bound":90245.29179291228},"point_estimate":59819.92730307543,"standard_error":20343.68919498246}}