{"Mean":{"confidence_interval":{"confidence_level":0.95,"lower_bound":274704.34925864905,"upper_bound":292107.489291598},"point_estimate":284460.1680395387,"standard_error":4502.708837296001},"Median":{"confidence_interval":{"confidence_level":0.95,"lower_bound":266270.6754530478,"upper_bound":295931.0708401977},"point_estimate":287354.8599670511,"standard_error":6010.27574130315},"MedianAbsDev":{"confidence_interval":{"confidence_level":0.95,"lower_bound":0.0,"upper_bound":19549.82704336594},"point_estimate":6834.737028576766,"standard_error":5400.673529362317},"Slope":{"confidence_interval":{"confidence_level":0.95,"lower_bound":282461.57331136736,"upper_bound":294782.99410107883},"point_estimate":289721.0333982327,"standard_error":3647.524329275353},"StdDev":{"confidence_interval":{"confidence_level":0.95,"lower_bound":2620.7083593090474,"upper_bound":15091.62793937532},"point_estimate":11229.905376316021,"standard_error":3699.1941715639405}}