{"Mean":{"confidence_interval":{"confidence_level":0.95,"lower_bound":118659.55280774932,"upper_bound":127060.52370432389},"point_estimate":122656.79237683622,"standard_error":2150.2391235627515},"Median":{"confidence_interval":{"confidence_level":0.95,"lower_bound":114446.23263888889,"upper_bound":122926.79761904762},"point_estimate":116265.69453071084,"standard_error":2544.404869064057},"MedianAbsDev":{"confidence_interval":{"confidence_level":0.95,"lower_bound":3130.0600962821763,"upper_bound":15093.48864432868},"point_estimate":6099.813124367133,"standard_error":3166.936385412619},"Slope":{"confidence_interval":{"confidence_level":0.95,"lower_bound":115313.1789203673,"upper_bound":122424.03711563924},"point_estimate":118137.19739947552,"standard_error":1820.9431694148298},"StdDev":{"confidence_interval":{"confidence_level":0.95,"lower_bound":8634.96916150216,"upper_bound":14906.787961350074},"point_estimate":12362.401709021311,"standard_error":1601.7232827036344}}