{"Mean":{"confidence_interval":{"confidence_level":0.95,"lower_bound":393.8020415729843,"upper_bound":402.1801853167341},"point_estimate":397.5703861857032,"standard_error":2.1532756490645144},"Median":{"confidence_interval":{"confidence_level":0.95,"lower_bound":392.02025123807084,"upper_bound":396.92636878195754},"point_estimate":394.4549892154289,"standard_error":1.3403808922186067},"MedianAbsDev":{"confidence_interval":{"confidence_level":0.95,"lower_bound":3.015704125921072,"upper_bound":8.20654574137938},"point_estimate":4.883335391296305,"standard_error":1.3582387126325028},"Slope":{"confidence_interval":{"confidence_level":0.95,"lower_bound":393.917820522823,"upper_bound":408.6856081545391},"point_estimate":400.77189229395356,"standard_error":3.772166217457414},"StdDev":{"confidence_interval":{"confidence_level":0.95,"lower_bound":4.629156986148799,"upper_bound":17.052163973312283},"point_estimate":12.371534296396025,"standard_error":3.011593417643857}}