{"Mean":{"confidence_interval":{"confidence_level":0.95,"lower_bound":815179.1497158917,"upper_bound":832125.949172059},"point_estimate":822376.2268254969,"standard_error":4386.318077495823},"Median":{"confidence_interval":{"confidence_level":0.95,"lower_bound":814531.45,"upper_bound":820427.2280701754},"point_estimate":818308.2179738563,"standard_error":1575.6450845078396},"MedianAbsDev":{"confidence_interval":{"confidence_level":0.95,"lower_bound":4493.525775224069,"upper_bound":18288.362546497185},"point_estimate":9450.296564915994,"standard_error":3148.980688919621},"Slope":{"confidence_interval":{"confidence_level":0.95,"lower_bound":809458.6456325405,"upper_bound":817273.3896377685},"point_estimate":813276.4615166084,"standard_error":2001.614112919877},"StdDev":{"confidence_interval":{"confidence_level":0.95,"lower_bound":8610.319967607142,"upper_bound":38680.79828779501},"point_estimate":25278.882921966866,"standard_error":8612.272507746397}}