{"Mean":{"confidence_interval":{"confidence_level":0.95,"lower_bound":5.034522774748385,"upper_bound":5.100420533561269},"point_estimate":5.0607445982754635,"standard_error":0.017503977795732508},"Median":{"confidence_interval":{"confidence_level":0.95,"lower_bound":5.023203241564407,"upper_bound":5.056971460048835},"point_estimate":5.04356256474412,"standard_error":0.010764707543094146},"MedianAbsDev":{"confidence_interval":{"confidence_level":0.95,"lower_bound":0.02483854976151627,"upper_bound":0.060784892610354385},"point_estimate":0.03583053632454749,"standard_error":0.00927156752359897},"Slope":{"confidence_interval":{"confidence_level":0.95,"lower_bound":5.023146594694271,"upper_bound":5.044386077482173},"point_estimate":5.033772265648302,"standard_error":0.00542633164297651},"StdDev":{"confidence_interval":{"confidence_level":0.95,"lower_bound":0.029669803188912474,"upper_bound":0.16247620766374482},"point_estimate":0.10072329151393583,"standard_error":0.04353209680316708}}