{"Mean":{"confidence_interval":{"confidence_level":0.95,"lower_bound":859.6313767784437,"upper_bound":867.4148949326418},"point_estimate":863.1630012154451,"standard_error":2.004386812678923},"Median":{"confidence_interval":{"confidence_level":0.95,"lower_bound":857.7280311244167,"upper_bound":861.5156717102246},"point_estimate":860.1486518246811,"standard_error":1.0282512434015227},"MedianAbsDev":{"confidence_interval":{"confidence_level":0.95,"lower_bound":2.834787814184139,"upper_bound":8.306598248778846},"point_estimate":5.380742935897895,"standard_error":1.42250703545125},"Slope":{"confidence_interval":{"confidence_level":0.95,"lower_bound":856.0495327890364,"upper_bound":859.0616612411145},"point_estimate":857.3806908840816,"standard_error":0.7697783000064441},"StdDev":{"confidence_interval":{"confidence_level":0.95,"lower_bound":5.209209516924398,"upper_bound":15.842255294144863},"point_estimate":11.54304922648563,"standard_error":2.6991171746628355}}