{"Mean":{"confidence_interval":{"confidence_level":0.95,"lower_bound":168.2204916845978,"upper_bound":184.44366356248858},"point_estimate":176.2074217573646,"standard_error":4.1535545266182705},"Median":{"confidence_interval":{"confidence_level":0.95,"lower_bound":154.06160967612092,"upper_bound":190.93291989897995},"point_estimate":171.0149986935877,"standard_error":8.736992456061353},"MedianAbsDev":{"confidence_interval":{"confidence_level":0.95,"lower_bound":4.356256134091898,"upper_bound":39.10727523397988},"point_estimate":28.4741646085519,"standard_error":9.16838165600594},"Slope":{"confidence_interval":{"confidence_level":0.95,"lower_bound":157.27994977607446,"upper_bound":166.48492933585857},"point_estimate":161.67215531863542,"standard_error":2.3600294711935743},"StdDev":{"confidence_interval":{"confidence_level":0.95,"lower_bound":19.848008632737663,"upper_bound":26.375412775283927},"point_estimate":23.866990282450004,"standard_error":1.66446065725893}}