{"Mean":{"confidence_interval":{"confidence_level":0.95,"lower_bound":12.285306517045314,"upper_bound":12.601401500670796},"point_estimate":12.417971438025239,"standard_error":0.08255691140790176},"Median":{"confidence_interval":{"confidence_level":0.95,"lower_bound":12.187154849106378,"upper_bound":12.388388674280101},"point_estimate":12.260295919643308,"standard_error":0.05927324456547408},"MedianAbsDev":{"confidence_interval":{"confidence_level":0.95,"lower_bound":0.055727216070654284,"upper_bound":0.2907599534615329},"point_estimate":0.15763829451858782,"standard_error":0.06907589086004647},"Slope":{"confidence_interval":{"confidence_level":0.95,"lower_bound":12.20381501741557,"upper_bound":12.27665794804986},"point_estimate":12.238289394555187,"standard_error":0.018641594705328633},"StdDev":{"confidence_interval":{"confidence_level":0.95,"lower_bound":0.1579361174895051,"upper_bound":0.7351121751019299},"point_estimate":0.474792388191494,"standard_error":0.17236551852635087}}