{"Mean":{"confidence_interval":{"confidence_level":0.95,"lower_bound":614802.7151051626,"upper_bound":710361.03250478},"point_estimate":655547.5334608031,"standard_error":25123.688140490394},"Median":{"confidence_interval":{"confidence_level":0.95,"lower_bound":608624.0917782027,"upper_bound":760897.3231357553},"point_estimate":639103.0592734226,"standard_error":35394.85026796144},"MedianAbsDev":{"confidence_interval":{"confidence_level":0.95,"lower_bound":0.0,"upper_bound":76588.0530571163},"point_estimate":44881.107654443884,"standard_error":27130.02431635271},"Slope":{"confidence_interval":{"confidence_level":0.95,"lower_bound":610583.4527402151,"upper_bound":660840.9680990238},"point_estimate":620231.2289240396,"standard_error":12691.960957706624},"StdDev":{"confidence_interval":{"confidence_level":0.95,"lower_bound":13561.45014936302,"upper_bound":83327.91365943897},"point_estimate":62800.56265332613,"standard_error":22578.05421723217}}