{"Mean":{"confidence_interval":{"confidence_level":0.95,"lower_bound":-0.014277030715585734,"upper_bound":0.001216622018540502},"point_estimate":-0.005604209351464329,"standard_error":0.003977822224080077},"Median":{"confidence_interval":{"confidence_level":0.95,"lower_bound":-0.007874016668518613,"upper_bound":-0.0004959095440071337},"point_estimate":-0.004180112389007062,"standard_error":0.001878413167885857}}