{"Mean":{"confidence_interval":{"confidence_level":0.95,"lower_bound":2155232.815430384,"upper_bound":2228894.933936092},"point_estimate":2190332.7757952,"standard_error":18825.884797632873},"Median":{"confidence_interval":{"confidence_level":0.95,"lower_bound":2138047.904166667,"upper_bound":2213530.75},"point_estimate":2180364.859764706,"standard_error":19013.98950483457},"MedianAbsDev":{"confidence_interval":{"confidence_level":0.95,"lower_bound":47845.32407466653,"upper_bound":126747.54588343718},"point_estimate":85334.17912966853,"standard_error":20701.89222796879},"Slope":{"confidence_interval":{"confidence_level":0.95,"lower_bound":2112538.2401543814,"upper_bound":2167743.603996725},"point_estimate":2135625.1036713286,"standard_error":14078.085914596764},"StdDev":{"confidence_interval":{"confidence_level":0.95,"lower_bound":70247.45003239822,"upper_bound":136117.49518023065},"point_estimate":108380.2143549376,"standard_error":16757.55218944752}}