{"Mean":{"confidence_interval":{"confidence_level":0.95,"lower_bound":2170175.526370646,"upper_bound":2242710.0666530756},"point_estimate":2205391.4778604764,"standard_error":18485.47731346585},"Median":{"confidence_interval":{"confidence_level":0.95,"lower_bound":2151090.2372727273,"upper_bound":2241955.7683333335},"point_estimate":2213341.021764706,"standard_error":22933.341045429595},"MedianAbsDev":{"confidence_interval":{"confidence_level":0.95,"lower_bound":43499.891259517266,"upper_bound":141518.30778532568},"point_estimate":98385.70969995175,"standard_error":25314.925746758185},"Slope":{"confidence_interval":{"confidence_level":0.95,"lower_bound":2122582.2277380535,"upper_bound":2177409.6714410074},"point_estimate":2145447.6878146855,"standard_error":13998.367042063552},"StdDev":{"confidence_interval":{"confidence_level":0.95,"lower_bound":74017.61081156971,"upper_bound":131127.60576747966},"point_estimate":106171.8659090693,"standard_error":14614.878066532136}}