{"Mean":{"confidence_interval":{"confidence_level":0.95,"lower_bound":-0.03309221793624029,"upper_bound":0.022768566651651063},"point_estimate":-0.006738201351278117,"standard_error":0.014320551648077115},"Median":{"confidence_interval":{"confidence_level":0.95,"lower_bound":-0.055575092478123755,"upper_bound":0.04412615081714977},"point_estimate":-0.011138695293480438,"standard_error":0.019687310717280016}}