{"Mean":{"confidence_interval":{"confidence_level":0.95,"lower_bound":990.5215824301669,"upper_bound":993.4941507916999},"point_estimate":991.9187283573457,"standard_error":0.7608030980380023},"Median":{"confidence_interval":{"confidence_level":0.95,"lower_bound":989.9455097853536,"upper_bound":992.3230576599326},"point_estimate":990.9607622491145,"standard_error":0.7170421408770606},"MedianAbsDev":{"confidence_interval":{"confidence_level":0.95,"lower_bound":1.5830428459484034,"upper_bound":4.336150454058922},"point_estimate":2.4458813631911247,"standard_error":0.7008023590065074},"Slope":{"confidence_interval":{"confidence_level":0.95,"lower_bound":989.3022389499271,"upper_bound":991.3399085443729},"point_estimate":990.2672518637718,"standard_error":0.519838068810435},"StdDev":{"confidence_interval":{"confidence_level":0.95,"lower_bound":2.656413020099139,"upper_bound":5.845463740760764},"point_estimate":4.371275811760541,"standard_error":0.8417855556531633}}