{"Mean":{"confidence_interval":{"confidence_level":0.95,"lower_bound":9135.000869494335,"upper_bound":9774.251628037568},"point_estimate":9437.000996295592,"standard_error":161.47525950751051},"Median":{"confidence_interval":{"confidence_level":0.95,"lower_bound":9031.578947368422,"upper_bound":10017.425209901367},"point_estimate":9317.018313724424,"standard_error":260.51854777416315},"MedianAbsDev":{"confidence_interval":{"confidence_level":0.95,"lower_bound":0.0,"upper_bound":512.7672365015405},"point_estimate":423.192397046242,"standard_error":196.04476398139067},"Slope":{"confidence_interval":{"confidence_level":0.95,"lower_bound":9183.914035140997,"upper_bound":9750.341206081228},"point_estimate":9343.691645690938,"standard_error":144.96372929580156},"StdDev":{"confidence_interval":{"confidence_level":0.95,"lower_bound":101.98670437820917,"upper_bound":501.58061752606494},"point_estimate":404.5174977322216,"standard_error":104.50141006664741}}