{"Mean":{"confidence_interval":{"confidence_level":0.95,"lower_bound":3044998.282951946,"upper_bound":3122689.2027191683},"point_estimate":3081564.6918996624,"standard_error":19915.162900839474},"Median":{"confidence_interval":{"confidence_level":0.95,"lower_bound":3012760.771464647,"upper_bound":3095604.933333333},"point_estimate":3038856.251602564,"standard_error":20350.809886208426},"MedianAbsDev":{"confidence_interval":{"confidence_level":0.95,"lower_bound":30875.657004102184,"upper_bound":127806.75185454935},"point_estimate":75861.875333147,"standard_error":24009.214561755598},"Slope":{"confidence_interval":{"confidence_level":0.95,"lower_bound":3032312.659691805,"upper_bound":3127760.1153676463},"point_estimate":3078687.5548076923,"standard_error":24428.030348807766},"StdDev":{"confidence_interval":{"confidence_level":0.95,"lower_bound":72690.64057881535,"upper_bound":145518.02629891032},"point_estimate":114534.2217651677,"standard_error":18672.307875070623}}