{"Mean":{"confidence_interval":{"confidence_level":0.95,"lower_bound":23323.240733085735,"upper_bound":23773.317641202888},"point_estimate":23509.31979750199,"standard_error":117.67932116697135},"Median":{"confidence_interval":{"confidence_level":0.95,"lower_bound":23310.61514898357,"upper_bound":23415.519990452318},"point_estimate":23365.895811973118,"standard_error":26.60940800702965},"MedianAbsDev":{"confidence_interval":{"confidence_level":0.95,"lower_bound":68.07598387251086,"upper_bound":173.96198457035874},"point_estimate":105.21443648221069,"standard_error":27.34102396516634},"Slope":{"confidence_interval":{"confidence_level":0.95,"lower_bound":23188.62358997455,"upper_bound":23317.294285925134},"point_estimate":23248.333495890074,"standard_error":32.8367104753186},"StdDev":{"confidence_interval":{"confidence_level":0.95,"lower_bound":124.99769968872751,"upper_bound":1046.8715486513508},"point_estimate":674.9470686748275,"standard_error":252.00870440895554}}