{"Mean":{"confidence_interval":{"confidence_level":0.95,"lower_bound":179.24248406560142,"upper_bound":182.53458412619807},"point_estimate":180.45786646022026,"standard_error":0.9290242836464879},"Median":{"confidence_interval":{"confidence_level":0.95,"lower_bound":179.0075649636297,"upper_bound":179.68357582552454},"point_estimate":179.33307070745678,"standard_error":0.19358345702853116},"MedianAbsDev":{"confidence_interval":{"confidence_level":0.95,"lower_bound":0.4315943709781622,"upper_bound":1.0202874892426315},"point_estimate":0.6973012985580997,"standard_error":0.15146550740004075},"Slope":{"confidence_interval":{"confidence_level":0.95,"lower_bound":179.09479622634655,"upper_bound":179.65390631759334},"point_estimate":179.37308792837297,"standard_error":0.14366952842217892},"StdDev":{"confidence_interval":{"confidence_level":0.95,"lower_bound":0.5542468846722861,"upper_bound":8.820869927634376},"point_estimate":5.345761162140214,"standard_error":2.732851359441048}}