{"Mean":{"confidence_interval":{"confidence_level":0.95,"lower_bound":189.12756140919203,"upper_bound":192.95837546925347},"point_estimate":190.5805724819761,"standard_error":1.052886416373111},"Median":{"confidence_interval":{"confidence_level":0.95,"lower_bound":188.8379846881185,"upper_bound":189.83218272201324},"point_estimate":189.1299070642291,"standard_error":0.29726873415677013},"MedianAbsDev":{"confidence_interval":{"confidence_level":0.95,"lower_bound":0.4627451952941881,"upper_bound":1.7783771145983065},"point_estimate":0.9530785389137986,"standard_error":0.34433312915466313},"Slope":{"confidence_interval":{"confidence_level":0.95,"lower_bound":188.80367847955446,"upper_bound":189.68821991175892},"point_estimate":189.21994381357825,"standard_error":0.22476897415142125},"StdDev":{"confidence_interval":{"confidence_level":0.95,"lower_bound":1.0320807068142752,"upper_bound":9.921203021011097},"point_estimate":6.048886333977813,"standard_error":2.918380024410541}}