{"Mean":{"confidence_interval":{"confidence_level":0.95,"lower_bound":23243448.40552456,"upper_bound":23770590.323285062},"point_estimate":23472725.557606064,"standard_error":136092.62130200883},"Median":{"confidence_interval":{"confidence_level":0.95,"lower_bound":23092657.45772059,"upper_bound":23371751.938095238},"point_estimate":23186429.481884055,"standard_error":78850.53325604729},"MedianAbsDev":{"confidence_interval":{"confidence_level":0.95,"lower_bound":134279.88487135133,"upper_bound":461590.62955793267},"point_estimate":262033.38560483238,"standard_error":84795.13951415826},"Slope":{"confidence_interval":{"confidence_level":0.95,"lower_bound":23096385.613282066,"upper_bound":23202067.549010586},"point_estimate":23140512.85026224,"standard_error":26929.719771324413},"StdDev":{"confidence_interval":{"confidence_level":0.95,"lower_bound":333097.7375387901,"upper_bound":1159929.4581149255},"point_estimate":784267.5801037529,"standard_error":237954.20757498313}}