{"Mean":{"confidence_interval":{"confidence_level":0.95,"lower_bound":33967106.271073245,"upper_bound":41033197.42160507},"point_estimate":37495794.33393575,"standard_error":1803696.655418663},"Median":{"confidence_interval":{"confidence_level":0.95,"lower_bound":28625670.222222224,"upper_bound":44315719.80645161},"point_estimate":38574641.05833334,"standard_error":4327300.183435167},"MedianAbsDev":{"confidence_interval":{"confidence_level":0.95,"lower_bound":5415183.17890987,"upper_bound":17419986.09681676},"point_estimate":15481874.455280755,"standard_error":2955278.017574974},"Slope":{"confidence_interval":{"confidence_level":0.95,"lower_bound":32529729.54057562,"upper_bound":40721333.17233327},"point_estimate":36718240.65821678,"standard_error":2095349.4335735107},"StdDev":{"confidence_interval":{"confidence_level":0.95,"lower_bound":8812868.271994231,"upper_bound":11333343.88134302},"point_estimate":10327245.211314978,"standard_error":641144.519640817}}