{"Mean":{"confidence_interval":{"confidence_level":0.95,"lower_bound":251.3386600189762,"upper_bound":257.5697846486401},"point_estimate":253.80862472835082,"standard_error":1.6520046494258702},"Median":{"confidence_interval":{"confidence_level":0.95,"lower_bound":250.6522512943787,"upper_bound":253.59948802699705},"point_estimate":252.14377488830615,"standard_error":0.747460392078428},"MedianAbsDev":{"confidence_interval":{"confidence_level":0.95,"lower_bound":1.7217490636575856,"upper_bound":4.377144766040163},"point_estimate":3.638614750221081,"standard_error":0.692768322443333},"Slope":{"confidence_interval":{"confidence_level":0.95,"lower_bound":250.69629390365097,"upper_bound":252.66872931787694},"point_estimate":251.69936924587924,"standard_error":0.5039379123083706},"StdDev":{"confidence_interval":{"confidence_level":0.95,"lower_bound":2.336047336496001,"upper_bound":15.317398349922984},"point_estimate":9.53694353295297,"standard_error":4.0889841672696186}}