{"Mean":{"confidence_interval":{"confidence_level":0.95,"lower_bound":7469053.148148147,"upper_bound":7771430.703703703},"point_estimate":7620241.925925927,"standard_error":78606.48285350995},"Median":{"confidence_interval":{"confidence_level":0.95,"lower_bound":7364500.0,"upper_bound":7824338.333333333},"point_estimate":7598771.296296297,"standard_error":135546.9904051328},"MedianAbsDev":{"confidence_interval":{"confidence_level":0.95,"lower_bound":0.0,"upper_bound":334425.6831738674},"point_estimate":305536.39902008884,"standard_error":117216.94265797442},"Slope":{"confidence_interval":{"confidence_level":0.95,"lower_bound":7483862.087087087,"upper_bound":7800225.522875817},"point_estimate":7661821.96969697,"standard_error":93865.2717082319},"StdDev":{"confidence_interval":{"confidence_level":0.95,"lower_bound":79007.45746857148,"upper_bound":244877.95275836825},"point_estimate":196234.87184051157,"standard_error":45356.533944723196}}