{"Mean":{"confidence_interval":{"confidence_level":0.95,"lower_bound":1293346.9879094905,"upper_bound":1363072.314696874},"point_estimate":1320705.5637507509,"standard_error":18612.13727030179},"Median":{"confidence_interval":{"confidence_level":0.95,"lower_bound":1284938.725,"upper_bound":1295923.6527777778},"point_estimate":1289955.3005525689,"standard_error":2728.8513622317205},"MedianAbsDev":{"confidence_interval":{"confidence_level":0.95,"lower_bound":7437.574782195285,"upper_bound":26293.385445699154},"point_estimate":13570.512675359365,"standard_error":4931.632761435274},"Slope":{"confidence_interval":{"confidence_level":0.95,"lower_bound":1286000.5357736533,"upper_bound":1297441.941670439},"point_estimate":1290755.6725196678,"standard_error":3001.7517537854046},"StdDev":{"confidence_interval":{"confidence_level":0.95,"lower_bound":18629.089511204376,"upper_bound":171338.45408878863},"point_estimate":106782.2444165201,"standard_error":46946.358054073826}}