{"Mean":{"confidence_interval":{"confidence_level":0.95,"lower_bound":306303504.0,"upper_bound":315801259.99999994},"point_estimate":310862390.6666666,"standard_error":2423716.669234664},"Median":{"confidence_interval":{"confidence_level":0.95,"lower_bound":303729300.0,"upper_bound":318826833.3333333},"point_estimate":309230020.0,"standard_error":3900852.6844713194},"MedianAbsDev":{"confidence_interval":{"confidence_level":0.95,"lower_bound":0.0,"upper_bound":8155367.327213287},"point_estimate":8155367.327213287,"standard_error":2944585.4492766554},"Slope":{"confidence_interval":{"confidence_level":0.95,"lower_bound":307978018.9189189,"upper_bound":317166781.4814815},"point_estimate":310599961.8181818,"standard_error":2222419.945560028},"StdDev":{"confidence_interval":{"confidence_level":0.95,"lower_bound":2018439.7827901628,"upper_bound":7740974.771338547},"point_estimate":6060526.249841577,"standard_error":1445302.113034581}}