{"Mean":{"confidence_interval":{"confidence_level":0.95,"lower_bound":47.668448949662064,"upper_bound":52.10953206124399},"point_estimate":49.819779288393825,"standard_error":1.1359031069743957},"Median":{"confidence_interval":{"confidence_level":0.95,"lower_bound":45.27433069751538,"upper_bound":52.658950175827144},"point_estimate":49.68273024213964,"standard_error":1.7977688036957231},"MedianAbsDev":{"confidence_interval":{"confidence_level":0.95,"lower_bound":3.785807215461948,"upper_bound":9.117046828244398},"point_estimate":7.175852818740112,"standard_error":1.3615623412037043},"Slope":{"confidence_interval":{"confidence_level":0.95,"lower_bound":46.7354860640662,"upper_bound":52.651166318940156},"point_estimate":49.56257252686225,"standard_error":1.5101991689086116},"StdDev":{"confidence_interval":{"confidence_level":0.95,"lower_bound":4.684023617924161,"upper_bound":8.132434557938188},"point_estimate":6.542195567956231,"standard_error":0.8919913164715231}}