{"Mean":{"confidence_interval":{"confidence_level":0.95,"lower_bound":4001260.9006005446,"upper_bound":4119958.5385113265},"point_estimate":4059595.2713640714,"standard_error":30203.259107461072},"Median":{"confidence_interval":{"confidence_level":0.95,"lower_bound":3968057.0056089745,"upper_bound":4089978.461917563},"point_estimate":4009271.2757142857,"standard_error":34702.68669185551},"MedianAbsDev":{"confidence_interval":{"confidence_level":0.95,"lower_bound":84058.06648459379,"upper_bound":251671.183151943},"point_estimate":131982.0876134948,"standard_error":45331.16119051086},"Slope":{"confidence_interval":{"confidence_level":0.95,"lower_bound":3963743.3614023635,"upper_bound":4030042.21152378},"point_estimate":3997754.939131702,"standard_error":16894.81480428766},"StdDev":{"confidence_interval":{"confidence_level":0.95,"lower_bound":131497.39637078223,"upper_bound":203070.00717271076},"point_estimate":173384.66870408776,"standard_error":18164.502494582663}}