{"Mean":{"confidence_interval":{"confidence_level":0.95,"lower_bound":181.1276815082731,"upper_bound":184.31289949389492},"point_estimate":182.41557923599802,"standard_error":0.8402826061983433},"Median":{"confidence_interval":{"confidence_level":0.95,"lower_bound":181.13593661788678,"upper_bound":182.26915260043006},"point_estimate":181.62429368568172,"standard_error":0.29867786435515886},"MedianAbsDev":{"confidence_interval":{"confidence_level":0.95,"lower_bound":0.7479497213736547,"upper_bound":2.267457719486311},"point_estimate":1.3745990975418314,"standard_error":0.39497368569559704},"Slope":{"confidence_interval":{"confidence_level":0.95,"lower_bound":180.3134080622279,"upper_bound":181.47287359757476},"point_estimate":180.88545304269462,"standard_error":0.2961989825928964},"StdDev":{"confidence_interval":{"confidence_level":0.95,"lower_bound":1.4430385437714013,"upper_bound":7.729028728710653},"point_estimate":4.834913268557994,"standard_error":1.986868034656106}}