{"Mean":{"confidence_interval":{"confidence_level":0.95,"lower_bound":583.6345359704851,"upper_bound":596.9154866111564},"point_estimate":589.3198779467028,"standard_error":3.4446935789094906},"Median":{"confidence_interval":{"confidence_level":0.95,"lower_bound":581.1583384069145,"upper_bound":587.7946631616281},"point_estimate":584.8695698517474,"standard_error":1.7063117768459766},"MedianAbsDev":{"confidence_interval":{"confidence_level":0.95,"lower_bound":4.569505167325088,"upper_bound":11.400516430238264},"point_estimate":8.949213828883403,"standard_error":1.739699417996609},"Slope":{"confidence_interval":{"confidence_level":0.95,"lower_bound":580.6054305469715,"upper_bound":585.3677545352281},"point_estimate":582.7403318570707,"standard_error":1.2158355849289473},"StdDev":{"confidence_interval":{"confidence_level":0.95,"lower_bound":5.931425906759357,"upper_bound":29.938360680448582},"point_estimate":19.890487334397307,"standard_error":6.522729637662923}}