{"Mean":{"confidence_interval":{"confidence_level":0.95,"lower_bound":5293.793012539804,"upper_bound":5382.625113313367},"point_estimate":5333.725468637113,"standard_error":22.79050167125809},"Median":{"confidence_interval":{"confidence_level":0.95,"lower_bound":5266.889000334337,"upper_bound":5352.549560446044},"point_estimate":5318.926211833883,"standard_error":25.626685310265465},"MedianAbsDev":{"confidence_interval":{"confidence_level":0.95,"lower_bound":50.913908587730646,"upper_bound":134.1726670344758},"point_estimate":100.8649713163076,"standard_error":20.339895499928918},"Slope":{"confidence_interval":{"confidence_level":0.95,"lower_bound":5265.665354761574,"upper_bound":5319.473283653423},"point_estimate":5287.924078952882,"standard_error":13.739369389905702},"StdDev":{"confidence_interval":{"confidence_level":0.95,"lower_bound":66.73980278689947,"upper_bound":187.85256636805258},"point_estimate":127.26441568172037,"standard_error":36.064452252178}}