{"Mean":{"confidence_interval":{"confidence_level":0.95,"lower_bound":54611.12150610776,"upper_bound":55599.119464326955},"point_estimate":55021.00413362635,"standard_error":256.5112496717078},"Median":{"confidence_interval":{"confidence_level":0.95,"lower_bound":54597.01602564102,"upper_bound":55274.53879676871},"point_estimate":54925.88377525253,"standard_error":246.74914774195983},"MedianAbsDev":{"confidence_interval":{"confidence_level":0.95,"lower_bound":415.4597899959057,"upper_bound":1169.4772769199094},"point_estimate":789.1021909049502,"standard_error":203.09180394271468},"Slope":{"confidence_interval":{"confidence_level":0.95,"lower_bound":54353.31008913296,"upper_bound":54875.95355288028},"point_estimate":54615.709617465865,"standard_error":133.26423232960414},"StdDev":{"confidence_interval":{"confidence_level":0.95,"lower_bound":596.5685877493574,"upper_bound":2328.5150942865007},"point_estimate":1472.067621612546,"standard_error":557.5954923949198}}