{"Mean":{"confidence_interval":{"confidence_level":0.95,"lower_bound":61143.962006739894,"upper_bound":67043.7530477017},"point_estimate":64078.19907600567,"standard_error":1510.9044384680192},"Median":{"confidence_interval":{"confidence_level":0.95,"lower_bound":56204.87826305221,"upper_bound":72239.99005111355},"point_estimate":61460.08885542168,"standard_error":4891.469488426306},"MedianAbsDev":{"confidence_interval":{"confidence_level":0.95,"lower_bound":2228.70203633625,"upper_bound":13875.05897244356},"point_estimate":9821.185031346156,"standard_error":3489.3320998874806},"Slope":{"confidence_interval":{"confidence_level":0.95,"lower_bound":67841.2284144831,"upper_bound":72565.27383859351},"point_estimate":70750.69291852726,"standard_error":1209.9871507314708},"StdDev":{"confidence_interval":{"confidence_level":0.95,"lower_bound":7627.477313643308,"upper_bound":9243.002697118607},"point_estimate":8673.264991522032,"standard_error":412.37719075974354}}