{"Mean":{"confidence_interval":{"confidence_level":0.95,"lower_bound":257.14921547369545,"upper_bound":261.26623088739825},"point_estimate":258.6950015657539,"standard_error":1.1377050465332035},"Median":{"confidence_interval":{"confidence_level":0.95,"lower_bound":256.9205022900803,"upper_bound":258.00110853683805},"point_estimate":257.4215371318471,"standard_error":0.2730449109988623},"MedianAbsDev":{"confidence_interval":{"confidence_level":0.95,"lower_bound":0.6621613252801829,"upper_bound":1.5192705728243825},"point_estimate":1.0030103997736148,"standard_error":0.21745694535104707},"Slope":{"confidence_interval":{"confidence_level":0.95,"lower_bound":256.5205904621805,"upper_bound":257.22237813523896},"point_estimate":256.84089954483716,"standard_error":0.17868151230092547},"StdDev":{"confidence_interval":{"confidence_level":0.95,"lower_bound":0.8189941363971404,"upper_bound":10.730431241700197},"point_estimate":6.546119693337141,"standard_error":3.21193349706535}}