{"Mean":{"confidence_interval":{"confidence_level":0.95,"lower_bound":515.1726303079693,"upper_bound":530.3182328919178},"point_estimate":520.9023600891911,"standard_error":4.22283874210893},"Median":{"confidence_interval":{"confidence_level":0.95,"lower_bound":514.8982345607437,"upper_bound":518.607458409366},"point_estimate":516.1242975659703,"standard_error":1.0717415069540555},"MedianAbsDev":{"confidence_interval":{"confidence_level":0.95,"lower_bound":2.47514873702703,"upper_bound":8.706044881838396},"point_estimate":6.0186234963423555,"standard_error":1.6509470515645375},"Slope":{"confidence_interval":{"confidence_level":0.95,"lower_bound":514.969866239825,"upper_bound":521.4673921016451},"point_estimate":518.4665309294239,"standard_error":1.6613839451665935},"StdDev":{"confidence_interval":{"confidence_level":0.95,"lower_bound":4.831548171688158,"upper_bound":40.342603721517975},"point_estimate":24.358887922675283,"standard_error":12.13834893806639}}