{"Mean":{"confidence_interval":{"confidence_level":0.95,"lower_bound":6696.201223507794,"upper_bound":6843.5228639766865},"point_estimate":6760.421467381456,"standard_error":37.85169397478991},"Median":{"confidence_interval":{"confidence_level":0.95,"lower_bound":6683.004274134119,"upper_bound":6765.248629999331},"point_estimate":6730.180778598704,"standard_error":24.65796416989263},"MedianAbsDev":{"confidence_interval":{"confidence_level":0.95,"lower_bound":62.133585245471416,"upper_bound":155.17106480227446},"point_estimate":100.72499627015088,"standard_error":24.644820174166494},"Slope":{"confidence_interval":{"confidence_level":0.95,"lower_bound":6643.986279938608,"upper_bound":6722.411657250596},"point_estimate":6682.786435073769,"standard_error":20.10220165112103},"StdDev":{"confidence_interval":{"confidence_level":0.95,"lower_bound":80.7404137073753,"upper_bound":318.2428276809103},"point_estimate":216.64571457936785,"standard_error":64.28995958704145}}