{"Mean":{"confidence_interval":{"confidence_level":0.95,"lower_bound":-0.11079146763955687,"upper_bound":-0.07596518383635423},"point_estimate":-0.09444199395324859,"standard_error":0.008872259605717308},"Median":{"confidence_interval":{"confidence_level":0.95,"lower_bound":-0.10834171932580228,"upper_bound":-0.090079805552009},"point_estimate":-0.09905137737404823,"standard_error":0.005246689548122522}}