{"Mean":{"confidence_interval":{"confidence_level":0.95,"lower_bound":61.31891123144481,"upper_bound":63.08485188698918},"point_estimate":62.10521915138005,"standard_error":0.454434675024729},"Median":{"confidence_interval":{"confidence_level":0.95,"lower_bound":60.68982779107948,"upper_bound":62.16834045172089},"point_estimate":61.014154380999145,"standard_error":0.4660960368893576},"MedianAbsDev":{"confidence_interval":{"confidence_level":0.95,"lower_bound":0.34615678557104024,"upper_bound":2.1125388519225474},"point_estimate":1.2263683750644865,"standard_error":0.4670906773239351},"Slope":{"confidence_interval":{"confidence_level":0.95,"lower_bound":60.71030038601018,"upper_bound":61.58852385547299},"point_estimate":61.124819906267206,"standard_error":0.22458142103908008},"StdDev":{"confidence_interval":{"confidence_level":0.95,"lower_bound":1.2719275198675557,"upper_bound":3.7555711255590136},"point_estimate":2.610314876534806,"standard_error":0.696847492982379}}