{"Mean":{"confidence_interval":{"confidence_level":0.95,"lower_bound":63333.08326749531,"upper_bound":63767.74180385884},"point_estimate":63526.8746391875,"standard_error":111.82972776015271},"Median":{"confidence_interval":{"confidence_level":0.95,"lower_bound":63281.99480451521,"upper_bound":63453.37619047619},"point_estimate":63368.45788280225,"standard_error":37.08737564987264},"MedianAbsDev":{"confidence_interval":{"confidence_level":0.95,"lower_bound":112.92240559641444,"upper_bound":293.69296907162135},"point_estimate":204.21229901044214,"standard_error":46.234834963215306},"Slope":{"confidence_interval":{"confidence_level":0.95,"lower_bound":63156.466210572486,"upper_bound":63348.422487117125},"point_estimate":63259.00232327197,"standard_error":49.88592811173405},"StdDev":{"confidence_interval":{"confidence_level":0.95,"lower_bound":251.8411565404393,"upper_bound":914.6294473400706},"point_estimate":643.1439101655192,"standard_error":168.0308773219054}}