{"Mean":{"confidence_interval":{"confidence_level":0.95,"lower_bound":0.009784213333778158,"upper_bound":0.0191654658813182},"point_estimate":0.0142301386870618,"standard_error":0.0023917608104576282},"Median":{"confidence_interval":{"confidence_level":0.95,"lower_bound":0.011646399701751742,"upper_bound":0.016256067125949736},"point_estimate":0.01360586518623741,"standard_error":0.0012134828062003852}}