{"Mean":{"confidence_interval":{"confidence_level":0.95,"lower_bound":464.0821709372266,"upper_bound":476.3057649109405},"point_estimate":468.8437180619051,"standard_error":3.251865745933469},"Median":{"confidence_interval":{"confidence_level":0.95,"lower_bound":462.7899874409035,"upper_bound":466.1189607405906},"point_estimate":464.9337428838097,"standard_error":1.0224148310928913},"MedianAbsDev":{"confidence_interval":{"confidence_level":0.95,"lower_bound":2.474636996238037,"upper_bound":6.031111574000377},"point_estimate":4.672010892686126,"standard_error":0.9859332671059194},"Slope":{"confidence_interval":{"confidence_level":0.95,"lower_bound":463.5921870829532,"upper_bound":473.21611688978555},"point_estimate":467.38813816682,"standard_error":2.626891138906744},"StdDev":{"confidence_interval":{"confidence_level":0.95,"lower_bound":3.3849748887463744,"upper_bound":30.057547728190563},"point_estimate":18.66845629337578,"standard_error":8.268994256029218}}