{"Mean":{"confidence_interval":{"confidence_level":0.95,"lower_bound":3605.1090847869923,"upper_bound":3634.100976364318},"point_estimate":3618.8704443023335,"standard_error":7.422613476930246},"Median":{"confidence_interval":{"confidence_level":0.95,"lower_bound":3592.301434184676,"upper_bound":3628.240979572005},"point_estimate":3601.651853637183,"standard_error":8.687425166047896},"MedianAbsDev":{"confidence_interval":{"confidence_level":0.95,"lower_bound":11.573006737945095,"upper_bound":54.01739592780642},"point_estimate":22.607542213304626,"standard_error":12.352738746321162},"Slope":{"confidence_interval":{"confidence_level":0.95,"lower_bound":3598.424115705129,"upper_bound":3621.1013363617767},"point_estimate":3609.412940703697,"standard_error":5.816182855399602},"StdDev":{"confidence_interval":{"confidence_level":0.95,"lower_bound":29.36712942483062,"upper_bound":52.99594796271945},"point_estimate":42.71456790203076,"standard_error":6.0911730146770795}}