{"Mean":{"confidence_interval":{"confidence_level":0.95,"lower_bound":3573.252608442653,"upper_bound":3607.1093665994567},"point_estimate":3588.895081898474,"standard_error":8.696495906396981},"Median":{"confidence_interval":{"confidence_level":0.95,"lower_bound":3570.039734493019,"upper_bound":3573.8776713558814},"point_estimate":3572.4423367306335,"standard_error":1.167710550274917},"MedianAbsDev":{"confidence_interval":{"confidence_level":0.95,"lower_bound":2.5115938988406055,"upper_bound":13.30743852540431},"point_estimate":4.639508974044341,"standard_error":3.9206284874839956},"Slope":{"confidence_interval":{"confidence_level":0.95,"lower_bound":3558.033723953118,"upper_bound":3572.447680904406},"point_estimate":3565.7751868656637,"standard_error":3.7033226005345563},"StdDev":{"confidence_interval":{"confidence_level":0.95,"lower_bound":28.65914397084106,"upper_bound":64.27506466738392},"point_estimate":49.93860431520609,"standard_error":9.096223154807662}}