{"Mean":{"confidence_interval":{"confidence_level":0.95,"lower_bound":254.2376849332315,"upper_bound":260.00813583891807},"point_estimate":256.6427782490416,"standard_error":1.4999971271669013},"Median":{"confidence_interval":{"confidence_level":0.95,"lower_bound":253.72171370018555,"upper_bound":256.43921463897095},"point_estimate":255.378831152357,"standard_error":0.6654617064374119},"MedianAbsDev":{"confidence_interval":{"confidence_level":0.95,"lower_bound":1.7165724068168555,"upper_bound":6.411812978049979},"point_estimate":4.197031127811007,"standard_error":1.2580617697404763},"Slope":{"confidence_interval":{"confidence_level":0.95,"lower_bound":252.37993523614387,"upper_bound":254.7383797971915},"point_estimate":253.55824915170405,"standard_error":0.6017698461768444},"StdDev":{"confidence_interval":{"confidence_level":0.95,"lower_bound":3.1472500296159063,"upper_bound":13.437804047613104},"point_estimate":8.6004198375437,"standard_error":3.1795648174177686}}