{"Mean":{"confidence_interval":{"confidence_level":0.95,"lower_bound":-0.00032300695991371864,"upper_bound":0.04904818953876555},"point_estimate":0.024269588859532565,"standard_error":0.01253793152673447},"Median":{"confidence_interval":{"confidence_level":0.95,"lower_bound":-0.011321254942150416,"upper_bound":0.07119387459197157},"point_estimate":0.03143663413747855,"standard_error":0.017420353398042963}}