{"Mean":{"confidence_interval":{"confidence_level":0.95,"lower_bound":1971539.7373631527,"upper_bound":2006989.4538786816},"point_estimate":1989396.3737836555,"standard_error":9023.864394897717},"Median":{"confidence_interval":{"confidence_level":0.95,"lower_bound":1967318.75,"upper_bound":2012493.7142857143},"point_estimate":1982405.0,"standard_error":13414.141984599464},"MedianAbsDev":{"confidence_interval":{"confidence_level":0.95,"lower_bound":33051.38941322057,"upper_bound":75669.30160396938},"point_estimate":48818.13413330486,"standard_error":10014.19162042338},"Slope":{"confidence_interval":{"confidence_level":0.95,"lower_bound":1989969.970005527,"upper_bound":2032433.3802895562},"point_estimate":2013106.7054468535,"standard_error":10856.689379360458},"StdDev":{"confidence_interval":{"confidence_level":0.95,"lower_bound":37625.03619294871,"upper_bound":60888.40166788308},"point_estimate":50244.73906210468,"standard_error":5957.962348327966}}