{"Mean":{"confidence_interval":{"confidence_level":0.95,"lower_bound":197.15953663014324,"upper_bound":201.5118850032335},"point_estimate":199.0621580485087,"standard_error":1.121644252428332},"Median":{"confidence_interval":{"confidence_level":0.95,"lower_bound":195.71588652683278,"upper_bound":199.23107504342468},"point_estimate":197.61074116847973,"standard_error":0.8974120912985806},"MedianAbsDev":{"confidence_interval":{"confidence_level":0.95,"lower_bound":1.8069150359760735,"upper_bound":5.096726207874318},"point_estimate":3.4863993840350664,"standard_error":0.7986594360063678},"Slope":{"confidence_interval":{"confidence_level":0.95,"lower_bound":195.84774412192075,"upper_bound":197.68139731226606},"point_estimate":196.72919677799388,"standard_error":0.46804021159253517},"StdDev":{"confidence_interval":{"confidence_level":0.95,"lower_bound":2.49744584463229,"upper_bound":9.415826713091306},"point_estimate":6.439184534907095,"standard_error":1.8443730827889264}}