{"Mean":{"confidence_interval":{"confidence_level":0.95,"lower_bound":1422.2516220468347,"upper_bound":1522.5973553160227},"point_estimate":1461.216372596185,"standard_error":27.224236220649214},"Median":{"confidence_interval":{"confidence_level":0.95,"lower_bound":1413.7517499035657,"upper_bound":1580.2901264264694},"point_estimate":1439.9235893501843,"standard_error":35.590693319507196},"MedianAbsDev":{"confidence_interval":{"confidence_level":0.95,"lower_bound":0.0,"upper_bound":54.03948934733352},"point_estimate":26.698777172310947,"standard_error":16.284228145917492},"Slope":{"confidence_interval":{"confidence_level":0.95,"lower_bound":1424.9586138031375,"upper_bound":1501.1385522147043},"point_estimate":1443.1524623551566,"standard_error":20.121710303448744},"StdDev":{"confidence_interval":{"confidence_level":0.95,"lower_bound":9.637890979360595,"upper_bound":88.29876316118857},"point_estimate":68.10053333783235,"standard_error":28.651171317655596}}