{"Mean":{"confidence_interval":{"confidence_level":0.95,"lower_bound":0.06492498327106098,"upper_bound":0.08380968489471152},"point_estimate":0.07310413485454914,"standard_error":0.005087974921532867},"Median":{"confidence_interval":{"confidence_level":0.95,"lower_bound":0.06791350550375164,"upper_bound":0.07369490168153803},"point_estimate":0.0709582465437566,"standard_error":0.0014726199705080018}}