{"Mean":{"confidence_interval":{"confidence_level":0.95,"lower_bound":27338.830282225303,"upper_bound":27576.769880542663},"point_estimate":27455.652988240905,"standard_error":60.661544918622845},"Median":{"confidence_interval":{"confidence_level":0.95,"lower_bound":27232.044015825915,"upper_bound":27605.771844327777},"point_estimate":27441.217547198212,"standard_error":82.2903525104458},"MedianAbsDev":{"confidence_interval":{"confidence_level":0.95,"lower_bound":233.56018478950935,"upper_bound":553.2238857167279},"point_estimate":382.7719938663871,"standard_error":84.58737328990323},"Slope":{"confidence_interval":{"confidence_level":0.95,"lower_bound":27220.445280764954,"upper_bound":27425.579538094025},"point_estimate":27320.282640949554,"standard_error":52.581437548469},"StdDev":{"confidence_interval":{"confidence_level":0.95,"lower_bound":269.56789898303117,"upper_bound":410.6031140267061},"point_estimate":349.447188330944,"standard_error":35.97682709788525}}