{"Mean":{"confidence_interval":{"confidence_level":0.95,"lower_bound":95082.1644994333,"upper_bound":100094.54577986688},"point_estimate":97217.80093267722,"standard_error":1305.01991189806},"Median":{"confidence_interval":{"confidence_level":0.95,"lower_bound":94901.78787878787,"upper_bound":95382.42077020202},"point_estimate":95145.56346542347,"standard_error":127.90662707667488},"MedianAbsDev":{"confidence_interval":{"confidence_level":0.95,"lower_bound":349.35140330188824,"upper_bound":1032.840881006839},"point_estimate":593.4727100379087,"standard_error":176.98652515464687},"Slope":{"confidence_interval":{"confidence_level":0.95,"lower_bound":94898.60303321108,"upper_bound":95370.05230779015},"point_estimate":95134.66045066045,"standard_error":120.73104491829501},"StdDev":{"confidence_interval":{"confidence_level":0.95,"lower_bound":583.1600884163502,"upper_bound":11259.781842761995},"point_estimate":7535.526616626896,"standard_error":2689.868101179025}}