{"Mean":{"confidence_interval":{"confidence_level":0.95,"lower_bound":3688.0961333188516,"upper_bound":3783.94898112076},"point_estimate":3730.11695062964,"standard_error":24.701799731637777},"Median":{"confidence_interval":{"confidence_level":0.95,"lower_bound":3670.5888847246947,"upper_bound":3709.7104531684313},"point_estimate":3693.1616800832776,"standard_error":12.234666629520735},"MedianAbsDev":{"confidence_interval":{"confidence_level":0.95,"lower_bound":29.46282438044981,"upper_bound":70.88525627868485},"point_estimate":52.348184119889495,"standard_error":10.172927484378354},"Slope":{"confidence_interval":{"confidence_level":0.95,"lower_bound":3663.562941320428,"upper_bound":3685.101701716942},"point_estimate":3673.324428180427,"standard_error":5.492649289071715},"StdDev":{"confidence_interval":{"confidence_level":0.95,"lower_bound":48.65868960054313,"upper_bound":203.62152267306067},"point_estimate":142.06974270889205,"standard_error":39.959482533185636}}