{"Mean":{"confidence_interval":{"confidence_level":0.95,"lower_bound":26103.939699653263,"upper_bound":26328.89902196295},"point_estimate":26198.16299896748,"standard_error":58.419691099464615},"Median":{"confidence_interval":{"confidence_level":0.95,"lower_bound":26071.601484627263,"upper_bound":26168.05966183575},"point_estimate":26122.82322706229,"standard_error":27.078829461811548},"MedianAbsDev":{"confidence_interval":{"confidence_level":0.95,"lower_bound":65.70630799432146,"upper_bound":175.41044884991217},"point_estimate":114.91041000390193,"standard_error":27.113706253040494},"Slope":{"confidence_interval":{"confidence_level":0.95,"lower_bound":26031.14126320042,"upper_bound":26102.282407510378},"point_estimate":26062.876013986013,"standard_error":18.103987108531992},"StdDev":{"confidence_interval":{"confidence_level":0.95,"lower_bound":90.98563466262677,"upper_bound":517.9606166157074},"point_estimate":336.7018362194243,"standard_error":119.31769685003908}}