{"Mean":{"confidence_interval":{"confidence_level":0.95,"lower_bound":4064947.2204397246,"upper_bound":4174510.4902172983},"point_estimate":4119179.869278229,"standard_error":28099.24778904526},"Median":{"confidence_interval":{"confidence_level":0.95,"lower_bound":4055704.7011494255,"upper_bound":4147009.0222222223},"point_estimate":4089606.4638461536,"standard_error":25569.818190560207},"MedianAbsDev":{"confidence_interval":{"confidence_level":0.95,"lower_bound":71288.84186002205,"upper_bound":256304.13558420175},"point_estimate":145347.2878678772,"standard_error":49549.70468480305},"Slope":{"confidence_interval":{"confidence_level":0.95,"lower_bound":4031660.3657350754,"upper_bound":4091751.7420528876},"point_estimate":4063368.7297494174,"standard_error":15249.672303522875},"StdDev":{"confidence_interval":{"confidence_level":0.95,"lower_bound":125375.31330962924,"upper_bound":189628.65275808933},"point_estimate":162155.99594742185,"standard_error":16388.691157371006}}