{"Mean":{"confidence_interval":{"confidence_level":0.95,"lower_bound":55628.15771556207,"upper_bound":59713.655207818956},"point_estimate":57231.51943767141,"standard_error":1087.45198438079},"Median":{"confidence_interval":{"confidence_level":0.95,"lower_bound":55476.71699136072,"upper_bound":55777.39774408284},"point_estimate":55649.01060157791,"standard_error":88.18992797888811},"MedianAbsDev":{"confidence_interval":{"confidence_level":0.95,"lower_bound":225.50112043597906,"upper_bound":730.7033110374392},"point_estimate":460.3712916492581,"standard_error":132.5767416621482},"Slope":{"confidence_interval":{"confidence_level":0.95,"lower_bound":55535.32164611076,"upper_bound":55805.08352614898},"point_estimate":55669.969909897794,"standard_error":68.43819349007379},"StdDev":{"confidence_interval":{"confidence_level":0.95,"lower_bound":431.88321292445903,"upper_bound":9930.182930720679},"point_estimate":6254.1570524474355,"standard_error":2691.2509127605217}}