{"Mean":{"confidence_interval":{"confidence_level":0.95,"lower_bound":76.54338735332702,"upper_bound":78.5974296189807},"point_estimate":77.35228081376346,"standard_error":0.5507570901342075},"Median":{"confidence_interval":{"confidence_level":0.95,"lower_bound":76.66264551444546,"upper_bound":76.96933541155275},"point_estimate":76.86095348711032,"standard_error":0.08452697940175702},"MedianAbsDev":{"confidence_interval":{"confidence_level":0.95,"lower_bound":0.2455021320804453,"upper_bound":1.0080336299255421},"point_estimate":0.409162232529426,"standard_error":0.21496513837781117},"Slope":{"confidence_interval":{"confidence_level":0.95,"lower_bound":76.8263300655764,"upper_bound":77.10009884350254},"point_estimate":76.96264562099063,"standard_error":0.06948869920622375},"StdDev":{"confidence_interval":{"confidence_level":0.95,"lower_bound":0.606543640347881,"upper_bound":5.11626348536054},"point_estimate":3.167279338178564,"standard_error":1.4057446574468422}}