{"Mean":{"confidence_interval":{"confidence_level":0.95,"lower_bound":71.51687230251207,"upper_bound":73.2713266266043},"point_estimate":72.21896722287626,"standard_error":0.4627644987855634},"Median":{"confidence_interval":{"confidence_level":0.95,"lower_bound":71.43985073564872,"upper_bound":71.85355849886672},"point_estimate":71.64354143113522,"standard_error":0.12529414695980676},"MedianAbsDev":{"confidence_interval":{"confidence_level":0.95,"lower_bound":0.30829967097555244,"upper_bound":0.7808641434547681},"point_estimate":0.4846363791731396,"standard_error":0.12751427597572765},"Slope":{"confidence_interval":{"confidence_level":0.95,"lower_bound":71.34821662966185,"upper_bound":71.85626517217423},"point_estimate":71.5928255286303,"standard_error":0.1306857077307382},"StdDev":{"confidence_interval":{"confidence_level":0.95,"lower_bound":0.4191220463201522,"upper_bound":4.193213711713032},"point_estimate":2.6563898343068164,"standard_error":1.0840153739568459}}