{"Mean":{"confidence_interval":{"confidence_level":0.95,"lower_bound":5013.279802427554,"upper_bound":5073.442075798228},"point_estimate":5037.517870000659,"standard_error":15.844235876422866},"Median":{"confidence_interval":{"confidence_level":0.95,"lower_bound":5010.816618028928,"upper_bound":5027.164060377853},"point_estimate":5018.96576496411,"standard_error":3.528212674638956},"MedianAbsDev":{"confidence_interval":{"confidence_level":0.95,"lower_bound":11.046933098155849,"upper_bound":26.834435391530285},"point_estimate":21.678430281712092,"standard_error":3.9599054823941118},"Slope":{"confidence_interval":{"confidence_level":0.95,"lower_bound":4999.742916728762,"upper_bound":5021.737673895744},"point_estimate":5009.528066627713,"standard_error":5.688338904393367},"StdDev":{"confidence_interval":{"confidence_level":0.95,"lower_bound":16.107890751863586,"upper_bound":143.6076863501809},"point_estimate":91.14079216825216,"standard_error":36.76093171704058}}