{"Mean":{"confidence_interval":{"confidence_level":0.95,"lower_bound":145091.36081916376,"upper_bound":146913.6237546145},"point_estimate":145933.94974635317,"standard_error":467.0820664317259},"Median":{"confidence_interval":{"confidence_level":0.95,"lower_bound":144652.94305555557,"upper_bound":146304.95746527778},"point_estimate":145308.1739291487,"standard_error":464.2464395928302},"MedianAbsDev":{"confidence_interval":{"confidence_level":0.95,"lower_bound":1109.6466552998431,"upper_bound":2793.657628566734},"point_estimate":2314.5406554018946,"standard_error":455.61515285951845},"Slope":{"confidence_interval":{"confidence_level":0.95,"lower_bound":144538.50450863747,"upper_bound":145340.1561590586},"point_estimate":144949.1428990931,"standard_error":203.7316115825748},"StdDev":{"confidence_interval":{"confidence_level":0.95,"lower_bound":1460.2422184574514,"upper_bound":3590.092141474673},"point_estimate":2689.0235531182625,"standard_error":545.0561193230523}}