{"Mean":{"confidence_interval":{"confidence_level":0.95,"lower_bound":5363561.6624202,"upper_bound":5656226.358788262},"point_estimate":5474000.374792238,"standard_error":79428.16477551141},"Median":{"confidence_interval":{"confidence_level":0.95,"lower_bound":5351784.509792626,"upper_bound":5409069.452922078},"point_estimate":5383322.826203208,"standard_error":16073.291315392262},"MedianAbsDev":{"confidence_interval":{"confidence_level":0.95,"lower_bound":32310.08563645977,"upper_bound":79959.90289444686},"point_estimate":51979.00334364031,"standard_error":12443.80560818633},"Slope":{"confidence_interval":{"confidence_level":0.95,"lower_bound":5336399.297407482,"upper_bound":5368663.712221695},"point_estimate":5350543.947770979,"standard_error":8250.24963677549},"StdDev":{"confidence_interval":{"confidence_level":0.95,"lower_bound":45157.14287877233,"upper_bound":745676.7859174946},"point_estimate":459069.50748145493,"standard_error":218123.16032636375}}