{"Mean":{"confidence_interval":{"confidence_level":0.95,"lower_bound":-0.16107030230905597,"upper_bound":-0.13228952216636003},"point_estimate":-0.14894500573207836,"standard_error":0.007559287596168178},"Median":{"confidence_interval":{"confidence_level":0.95,"lower_bound":-0.1580190964724355,"upper_bound":-0.1514152135724921},"point_estimate":-0.15418943883720881,"standard_error":0.0018104789394876395}}