{"Mean":{"confidence_interval":{"confidence_level":0.95,"lower_bound":-0.17594582214056187,"upper_bound":-0.09485384699134738},"point_estimate":-0.13483046991353753,"standard_error":0.020746015266940674},"Median":{"confidence_interval":{"confidence_level":0.95,"lower_bound":-0.15114624423014877,"upper_bound":-0.06423588443071426},"point_estimate":-0.09390451051224402,"standard_error":0.020030534904141323}}