{"Mean":{"confidence_interval":{"confidence_level":0.95,"lower_bound":0.053096980017057226,"upper_bound":0.066563936792975},"point_estimate":0.059426227335130255,"standard_error":0.003542761231581658},"Median":{"confidence_interval":{"confidence_level":0.95,"lower_bound":0.05525738302662875,"upper_bound":0.06015662293716728},"point_estimate":0.0583705879830303,"standard_error":0.0010440235824673949}}