{"Mean":{"confidence_interval":{"confidence_level":0.95,"lower_bound":4515747.698814324,"upper_bound":5323435.97501884},"point_estimate":4867284.154984143,"standard_error":208908.81335830785},"Median":{"confidence_interval":{"confidence_level":0.95,"lower_bound":4320476.125,"upper_bound":4560640.55882353},"point_estimate":4389344.031850962,"standard_error":67808.53486194908},"MedianAbsDev":{"confidence_interval":{"confidence_level":0.95,"lower_bound":123378.62932646675,"upper_bound":496345.897442644},"point_estimate":240916.35594126987,"standard_error":99101.4129009895},"Slope":{"confidence_interval":{"confidence_level":0.95,"lower_bound":4310644.207991227,"upper_bound":4399561.0407468155},"point_estimate":4350010.101573426,"standard_error":22696.18856022491},"StdDev":{"confidence_interval":{"confidence_level":0.95,"lower_bound":449807.9795956346,"upper_bound":1768501.4278173076},"point_estimate":1202082.0173230227,"standard_error":359441.4018030652}}