{"Mean":{"confidence_interval":{"confidence_level":0.95,"lower_bound":6952.457346496807,"upper_bound":7016.509296404677},"point_estimate":6982.218936198414,"standard_error":16.366518312220997},"Median":{"confidence_interval":{"confidence_level":0.95,"lower_bound":6918.780963539872,"upper_bound":6985.086501940192},"point_estimate":6937.972757139247,"standard_error":20.816011636572522},"MedianAbsDev":{"confidence_interval":{"confidence_level":0.95,"lower_bound":4.09603702984051,"upper_bound":98.0336480647796},"point_estimate":33.14486750481318,"standard_error":28.80642671423272},"Slope":{"confidence_interval":{"confidence_level":0.95,"lower_bound":6934.93803871309,"upper_bound":6966.467962760954},"point_estimate":6950.260762086662,"standard_error":8.079495956487607},"StdDev":{"confidence_interval":{"confidence_level":0.95,"lower_bound":57.72296531975315,"upper_bound":120.47949675914948},"point_estimate":93.7109458706645,"standard_error":16.295334470169397}}