{"Mean":{"confidence_interval":{"confidence_level":0.95,"lower_bound":6993.62850443368,"upper_bound":7142.034914614143},"point_estimate":7054.423294080442,"standard_error":39.01790083140966},"Median":{"confidence_interval":{"confidence_level":0.95,"lower_bound":6936.468553940322,"upper_bound":7056.633435348125},"point_estimate":7024.425620286371,"standard_error":38.43555256271623},"MedianAbsDev":{"confidence_interval":{"confidence_level":0.95,"lower_bound":16.980698980022673,"upper_bound":143.916053808152},"point_estimate":132.8884546415219,"standard_error":42.943964799820684},"Slope":{"confidence_interval":{"confidence_level":0.95,"lower_bound":6952.034536180753,"upper_bound":7002.607047427011},"point_estimate":6975.981239198827,"standard_error":12.94110520299497},"StdDev":{"confidence_interval":{"confidence_level":0.95,"lower_bound":74.31866317888586,"upper_bound":355.58212256753393},"point_estimate":224.6668222520246,"standard_error":89.0111365519771}}