{"Mean":{"confidence_interval":{"confidence_level":0.95,"lower_bound":213.42103870063903,"upper_bound":219.12035347151019},"point_estimate":215.697907065216,"standard_error":1.5063598316459013},"Median":{"confidence_interval":{"confidence_level":0.95,"lower_bound":212.69939361363276,"upper_bound":215.0003615949268},"point_estimate":213.96473131337262,"standard_error":0.5536366786698533},"MedianAbsDev":{"confidence_interval":{"confidence_level":0.95,"lower_bound":1.526531022521957,"upper_bound":4.123835178345787},"point_estimate":2.8911792826832294,"standard_error":0.6429712225248339},"Slope":{"confidence_interval":{"confidence_level":0.95,"lower_bound":212.38839853368677,"upper_bound":213.7762662448495},"point_estimate":213.0522941418949,"standard_error":0.3521796609479301},"StdDev":{"confidence_interval":{"confidence_level":0.95,"lower_bound":2.093399743722514,"upper_bound":13.817016673698298},"point_estimate":8.658825858765054,"standard_error":3.632782782933106}}