{"Mean":{"confidence_interval":{"confidence_level":0.95,"lower_bound":101972.5763241142,"upper_bound":104806.56855979323},"point_estimate":103057.7406538631,"standard_error":767.3111096745275},"Median":{"confidence_interval":{"confidence_level":0.95,"lower_bound":101681.56472947603,"upper_bound":102252.71172389871},"point_estimate":102030.86895161291,"standard_error":156.21683248860424},"MedianAbsDev":{"confidence_interval":{"confidence_level":0.95,"lower_bound":315.3384370539604,"upper_bound":921.5204741966958},"point_estimate":590.7272870790536,"standard_error":162.3495010495999},"Slope":{"confidence_interval":{"confidence_level":0.95,"lower_bound":101897.21554237173,"upper_bound":102411.45017579607},"point_estimate":102144.29268929995,"standard_error":130.44218618945172},"StdDev":{"confidence_interval":{"confidence_level":0.95,"lower_bound":530.2160258620748,"upper_bound":7148.811031932748},"point_estimate":4413.704169484214,"standard_error":2054.6029474308384}}