{"Mean":{"confidence_interval":{"confidence_level":0.95,"lower_bound":-0.0395938284968152,"upper_bound":-0.027493843823164665},"point_estimate":-0.03358878505426932,"standard_error":0.003079204183483303},"Median":{"confidence_interval":{"confidence_level":0.95,"lower_bound":-0.03711252371374496,"upper_bound":-0.031191646155014463},"point_estimate":-0.03447042208945528,"standard_error":0.0016010068306766068}}