{"Mean":{"confidence_interval":{"confidence_level":0.95,"lower_bound":-0.05520964235141035,"upper_bound":-0.029293450514360737},"point_estimate":-0.04243853384294438,"standard_error":0.0065457987423757705},"Median":{"confidence_interval":{"confidence_level":0.95,"lower_bound":-0.0510053876427915,"upper_bound":-0.0387084977666633},"point_estimate":-0.04457848062836045,"standard_error":0.0032272375165165236}}