{"Mean":{"confidence_interval":{"confidence_level":0.95,"lower_bound":216.16236101187025,"upper_bound":219.98299668112114},"point_estimate":217.719976090366,"standard_error":1.0042087916767617},"Median":{"confidence_interval":{"confidence_level":0.95,"lower_bound":215.19847131365302,"upper_bound":217.9346978685714},"point_estimate":216.59063895197534,"standard_error":0.8112085407052712},"MedianAbsDev":{"confidence_interval":{"confidence_level":0.95,"lower_bound":1.7900627599789938,"upper_bound":4.3155615570110255},"point_estimate":3.2077778048818666,"standard_error":0.6583943492034001},"Slope":{"confidence_interval":{"confidence_level":0.95,"lower_bound":215.31256438023343,"upper_bound":216.77960525288228},"point_estimate":216.02614719271227,"standard_error":0.3740205240364828},"StdDev":{"confidence_interval":{"confidence_level":0.95,"lower_bound":2.0627450739854547,"upper_bound":9.172677500724227},"point_estimate":5.762498567343052,"standard_error":2.314335225144655}}