{"Mean":{"confidence_interval":{"confidence_level":0.95,"lower_bound":21.007602670628238,"upper_bound":22.315305560742924},"point_estimate":21.57408885513211,"standard_error":0.3381914009954421},"Median":{"confidence_interval":{"confidence_level":0.95,"lower_bound":20.642961985632034,"upper_bound":21.040268637830998},"point_estimate":20.828888334510594,"standard_error":0.11503294043426615},"MedianAbsDev":{"confidence_interval":{"confidence_level":0.95,"lower_bound":0.15860988543427526,"upper_bound":0.7412990960662567},"point_estimate":0.3866894233461,"standard_error":0.16415140588811014},"Slope":{"confidence_interval":{"confidence_level":0.95,"lower_bound":20.66110054319502,"upper_bound":20.85378430347602},"point_estimate":20.753767434163173,"standard_error":0.049074793827490554},"StdDev":{"confidence_interval":{"confidence_level":0.95,"lower_bound":0.7135493300375654,"upper_bound":2.8899107166746294},"point_estimate":1.9421382752285377,"standard_error":0.6042357798532771}}