{"Mean":{"confidence_interval":{"confidence_level":0.95,"lower_bound":200.2779771223507,"upper_bound":202.90184432492134},"point_estimate":201.37449807960047,"standard_error":0.6834701304278687},"Median":{"confidence_interval":{"confidence_level":0.95,"lower_bound":200.45853051472812,"upper_bound":201.0180176623559},"point_estimate":200.73343429690735,"standard_error":0.14809046501934472},"MedianAbsDev":{"confidence_interval":{"confidence_level":0.95,"lower_bound":0.3985768535770545,"upper_bound":1.5163320413113262},"point_estimate":0.6637733480414616,"standard_error":0.294982587968069},"Slope":{"confidence_interval":{"confidence_level":0.95,"lower_bound":199.82072675880534,"upper_bound":202.06206662218284},"point_estimate":200.85130578893072,"standard_error":0.5736458453535892},"StdDev":{"confidence_interval":{"confidence_level":0.95,"lower_bound":1.2632223076407767,"upper_bound":6.141456146222167},"point_estimate":3.924101901542979,"standard_error":1.4680055661144529}}