{"Mean":{"confidence_interval":{"confidence_level":0.95,"lower_bound":29772.639100358672,"upper_bound":30415.6536692388},"point_estimate":30026.19578203046,"standard_error":171.6588754095358},"Median":{"confidence_interval":{"confidence_level":0.95,"lower_bound":29709.808906539445,"upper_bound":29901.97948438635},"point_estimate":29757.20953548086,"standard_error":46.5858163548936},"MedianAbsDev":{"confidence_interval":{"confidence_level":0.95,"lower_bound":77.77571127380676,"upper_bound":332.77953767961003},"point_estimate":214.6359224367279,"standard_error":68.60413851386815},"Slope":{"confidence_interval":{"confidence_level":0.95,"lower_bound":29639.877695748524,"upper_bound":29825.756540241164},"point_estimate":29736.156968725718,"standard_error":47.38527906562755},"StdDev":{"confidence_interval":{"confidence_level":0.95,"lower_bound":227.90235327551758,"upper_bound":1593.0896166884443},"point_estimate":988.0118614793887,"standard_error":434.5985421632846}}