{"Mean":{"confidence_interval":{"confidence_level":0.95,"lower_bound":-0.12725172147399508,"upper_bound":-0.06701861493449379},"point_estimate":-0.09347478079872928,"standard_error":0.015528864786307862},"Median":{"confidence_interval":{"confidence_level":0.95,"lower_bound":-0.09416464817831971,"upper_bound":-0.0743646904631492},"point_estimate":-0.08352422166337814,"standard_error":0.004866304915369118}}