{"Mean":{"confidence_interval":{"confidence_level":0.95,"lower_bound":15969.97290631366,"upper_bound":16398.621965298542},"point_estimate":16132.914883421814,"standard_error":117.88069409075158},"Median":{"confidence_interval":{"confidence_level":0.95,"lower_bound":15961.548442906575,"upper_bound":16073.961937716263},"point_estimate":16005.921945701357,"standard_error":28.245949365299836},"MedianAbsDev":{"confidence_interval":{"confidence_level":0.95,"lower_bound":77.87535160949885,"upper_bound":242.00591984406418},"point_estimate":181.74683158170686,"standard_error":41.70796017590042},"Slope":{"confidence_interval":{"confidence_level":0.95,"lower_bound":15870.993773652943,"upper_bound":15988.813333348135},"point_estimate":15921.39432150894,"standard_error":30.070206211315938},"StdDev":{"confidence_interval":{"confidence_level":0.95,"lower_bound":125.67151395423261,"upper_bound":1114.148623841558},"point_estimate":678.4207253414385,"standard_error":327.3865061545161}}