{"Mean":{"confidence_interval":{"confidence_level":0.95,"lower_bound":2440626.83689828,"upper_bound":2601203.42111581},"point_estimate":2498879.2408957705,"standard_error":46753.70045091383},"Median":{"confidence_interval":{"confidence_level":0.95,"lower_bound":2428767.5009920634,"upper_bound":2463566.2509578546},"point_estimate":2451052.8380681816,"standard_error":9265.482761877674},"MedianAbsDev":{"confidence_interval":{"confidence_level":0.95,"lower_bound":24848.637095038197,"upper_bound":67210.62070593575},"point_estimate":44297.12689940953,"standard_error":11257.142150302196},"Slope":{"confidence_interval":{"confidence_level":0.95,"lower_bound":2428594.397005886,"upper_bound":2452020.0379516655},"point_estimate":2441089.9902753495,"standard_error":5972.192072108022},"StdDev":{"confidence_interval":{"confidence_level":0.95,"lower_bound":33478.10686062622,"upper_bound":447702.4624009235},"point_estimate":268409.2804533662,"standard_error":144318.08255755453}}