{"Mean":{"confidence_interval":{"confidence_level":0.95,"lower_bound":975.1005847540912,"upper_bound":983.4986681702122},"point_estimate":979.0198236569141,"standard_error":2.14075514205221},"Median":{"confidence_interval":{"confidence_level":0.95,"lower_bound":974.3095222339863,"upper_bound":981.1029115934357},"point_estimate":977.6584193922578,"standard_error":1.8760823721927748},"MedianAbsDev":{"confidence_interval":{"confidence_level":0.95,"lower_bound":4.556434942564104,"upper_bound":12.01202370242794},"point_estimate":8.000742256134151,"standard_error":1.9411813807337197},"Slope":{"confidence_interval":{"confidence_level":0.95,"lower_bound":973.3840259957542,"upper_bound":981.7213704364634},"point_estimate":977.2304375534471,"standard_error":2.132605646102406},"StdDev":{"confidence_interval":{"confidence_level":0.95,"lower_bound":7.178805169417779,"upper_bound":16.658917614182073},"point_estimate":12.289849993380008,"standard_error":2.4917272298558193}}