{"Mean":{"confidence_interval":{"confidence_level":0.95,"lower_bound":186.1951583459954,"upper_bound":191.06357595095534},"point_estimate":188.1633395654404,"standard_error":1.2806189640039052},"Median":{"confidence_interval":{"confidence_level":0.95,"lower_bound":185.25001031246777,"upper_bound":187.0518889003472},"point_estimate":185.80302523608185,"standard_error":0.5486535222443943},"MedianAbsDev":{"confidence_interval":{"confidence_level":0.95,"lower_bound":0.9859385132944442,"upper_bound":3.666675364188628},"point_estimate":1.7872237882147441,"standard_error":0.7129284625342954},"Slope":{"confidence_interval":{"confidence_level":0.95,"lower_bound":185.12715527544682,"upper_bound":186.15099634173674},"point_estimate":185.6125735772941,"standard_error":0.26148400186579696},"StdDev":{"confidence_interval":{"confidence_level":0.95,"lower_bound":2.066375391381547,"upper_bound":11.654125713436919},"point_estimate":7.370399793350127,"standard_error":2.960740019619135}}