{"Mean":{"confidence_interval":{"confidence_level":0.95,"lower_bound":3938.2737572804617,"upper_bound":4004.8698725084864},"point_estimate":3966.2208532101004,"standard_error":17.296382544292506},"Median":{"confidence_interval":{"confidence_level":0.95,"lower_bound":3944.6132237871675,"upper_bound":3970.7235737658275},"point_estimate":3955.2506115480764,"standard_error":7.034151826113865},"MedianAbsDev":{"confidence_interval":{"confidence_level":0.95,"lower_bound":18.174870544746202,"upper_bound":76.30736461148082},"point_estimate":36.764988357041524,"standard_error":15.76157755211478},"Slope":{"confidence_interval":{"confidence_level":0.95,"lower_bound":3933.6488356320574,"upper_bound":3982.1417372246833},"point_estimate":3960.3079499938813,"standard_error":12.529359645826608},"StdDev":{"confidence_interval":{"confidence_level":0.95,"lower_bound":38.019650365801944,"upper_bound":157.29795972696206},"point_estimate":99.38970512402352,"standard_error":37.51372237296479}}