{"Mean":{"confidence_interval":{"confidence_level":0.95,"lower_bound":309320.9778542124,"upper_bound":320596.17337519146},"point_estimate":313855.4884343159,"standard_error":2972.718874587174},"Median":{"confidence_interval":{"confidence_level":0.95,"lower_bound":307864.8870967742,"upper_bound":309664.66133333335},"point_estimate":308621.3170833333,"standard_error":509.45395676397874},"MedianAbsDev":{"confidence_interval":{"confidence_level":0.95,"lower_bound":980.8336538687932,"upper_bound":3555.061294296355},"point_estimate":1868.209087481204,"standard_error":658.074872987928},"Slope":{"confidence_interval":{"confidence_level":0.95,"lower_bound":307957.9586837826,"upper_bound":310423.58525223937},"point_estimate":308986.55828379956,"standard_error":636.8037758637743},"StdDev":{"confidence_interval":{"confidence_level":0.95,"lower_bound":3189.8180738274596,"upper_bound":27097.296912772836},"point_estimate":17127.408442246116,"standard_error":7032.675641063073}}