{"Mean":{"confidence_interval":{"confidence_level":0.95,"lower_bound":1556689.1277808528,"upper_bound":1662124.1604712363},"point_estimate":1599980.5842966374,"standard_error":27606.252587979052},"Median":{"confidence_interval":{"confidence_level":0.95,"lower_bound":1544159.1564814816,"upper_bound":1559086.3703703703},"point_estimate":1552722.4055555556,"standard_error":3812.6138519868673},"MedianAbsDev":{"confidence_interval":{"confidence_level":0.95,"lower_bound":8312.778810196509,"upper_bound":25190.64313214216},"point_estimate":14784.580286410193,"standard_error":4208.922849842679},"Slope":{"confidence_interval":{"confidence_level":0.95,"lower_bound":1543695.179621613,"upper_bound":1550461.7417093688},"point_estimate":1546645.2247377622,"standard_error":1729.0302500123923},"StdDev":{"confidence_interval":{"confidence_level":0.95,"lower_bound":24508.343013908652,"upper_bound":249067.4705556278},"point_estimate":159337.54114028497,"standard_error":62114.98418978173}}