{"Mean":{"confidence_interval":{"confidence_level":0.95,"lower_bound":129.54179954636732,"upper_bound":133.32080789797388},"point_estimate":131.26370875511097,"standard_error":0.9688628098535959},"Median":{"confidence_interval":{"confidence_level":0.95,"lower_bound":128.7157574456482,"upper_bound":129.81994686912427},"point_estimate":129.08025594640674,"standard_error":0.25072604635434026},"MedianAbsDev":{"confidence_interval":{"confidence_level":0.95,"lower_bound":0.6024106058441462,"upper_bound":2.5190257265143647},"point_estimate":1.5768544803437947,"standard_error":0.4985493802939563},"Slope":{"confidence_interval":{"confidence_level":0.95,"lower_bound":129.35616010320584,"upper_bound":133.56622701227963},"point_estimate":131.1932361204689,"standard_error":1.0796966574693803},"StdDev":{"confidence_interval":{"confidence_level":0.95,"lower_bound":2.7050001787524094,"upper_bound":7.7071703390088935},"point_estimate":5.605332926878883,"standard_error":1.2939353303870007}}