{"Mean":{"confidence_interval":{"confidence_level":0.95,"lower_bound":14456.654533502984,"upper_bound":14648.100850585579},"point_estimate":14546.676481201097,"standard_error":48.996129676931254},"Median":{"confidence_interval":{"confidence_level":0.95,"lower_bound":14417.31995890167,"upper_bound":14555.632875847838},"point_estimate":14472.026484753493,"standard_error":35.82802893135992},"MedianAbsDev":{"confidence_interval":{"confidence_level":0.95,"lower_bound":100.34163570350798,"upper_bound":290.4244871166636},"point_estimate":188.51682775014862,"standard_error":48.779738836757225},"Slope":{"confidence_interval":{"confidence_level":0.95,"lower_bound":14393.807624650404,"upper_bound":14495.847670103876},"point_estimate":14443.640409962294,"standard_error":26.02863227534492},"StdDev":{"confidence_interval":{"confidence_level":0.95,"lower_bound":168.4690243461288,"upper_bound":362.92072333531667},"point_estimate":281.62488110192277,"standard_error":49.40427840208813}}