{"Mean":{"confidence_interval":{"confidence_level":0.95,"lower_bound":-0.2843281382429573,"upper_bound":-0.22665863541362624},"point_estimate":-0.2571905464405557,"standard_error":0.014780734797212603},"Median":{"confidence_interval":{"confidence_level":0.95,"lower_bound":-0.2944889678549377,"upper_bound":-0.23575186128592562},"point_estimate":-0.2713141005745061,"standard_error":0.014999814441466326}}