{"Mean":{"confidence_interval":{"confidence_level":0.95,"lower_bound":1878.0583384041267,"upper_bound":1939.2586644128885},"point_estimate":1904.439517988725,"standard_error":15.811274413629645},"Median":{"confidence_interval":{"confidence_level":0.95,"lower_bound":1860.2992630528606,"upper_bound":1907.601240255759},"point_estimate":1881.9160037625702,"standard_error":14.23364804605066},"MedianAbsDev":{"confidence_interval":{"confidence_level":0.95,"lower_bound":27.760586435442693,"upper_bound":69.48139255261282},"point_estimate":48.87265554626151,"standard_error":10.198023749490313},"Slope":{"confidence_interval":{"confidence_level":0.95,"lower_bound":1855.5973127869215,"upper_bound":1879.8553249961888},"point_estimate":1866.5253099368442,"standard_error":6.243340233776089},"StdDev":{"confidence_interval":{"confidence_level":0.95,"lower_bound":35.132910716553454,"upper_bound":136.6926451248292},"point_estimate":91.06700706198052,"standard_error":28.889563173521932}}