{"Mean":{"confidence_interval":{"confidence_level":0.95,"lower_bound":21792877.985360373,"upper_bound":22072661.02832077},"point_estimate":21891067.92248586,"standard_error":85243.4224101991},"Median":{"confidence_interval":{"confidence_level":0.95,"lower_bound":21783770.14285714,"upper_bound":21807125.5625},"point_estimate":21792816.963157892,"standard_error":6399.501605182101},"MedianAbsDev":{"confidence_interval":{"confidence_level":0.95,"lower_bound":12128.316158188238,"upper_bound":45231.57183031272},"point_estimate":21623.19146446949,"standard_error":8082.4269454361265},"Slope":{"confidence_interval":{"confidence_level":0.95,"lower_bound":21789391.101009134,"upper_bound":21824554.247408587},"point_estimate":21805056.815034963,"standard_error":9154.57461185632},"StdDev":{"confidence_interval":{"confidence_level":0.95,"lower_bound":32289.473586520482,"upper_bound":818717.2409954623},"point_estimate":488810.95118083054,"standard_error":278914.3084138059}}