{"Mean":{"confidence_interval":{"confidence_level":0.95,"lower_bound":325815.1918746542,"upper_bound":354064.201205563},"point_estimate":336571.9752273698,"standard_error":7748.928968115326},"Median":{"confidence_interval":{"confidence_level":0.95,"lower_bound":323555.2747844828,"upper_bound":329302.1885057471},"point_estimate":327796.9414184953,"standard_error":1702.9966117761614},"MedianAbsDev":{"confidence_interval":{"confidence_level":0.95,"lower_bound":3264.269216871573,"upper_bound":12316.884315853607},"point_estimate":6250.265247333002,"standard_error":2170.4698752316976},"Slope":{"confidence_interval":{"confidence_level":0.95,"lower_bound":323420.7572694564,"upper_bound":328380.60476667184},"point_estimate":325561.5485019291,"standard_error":1265.1137751531028},"StdDev":{"confidence_interval":{"confidence_level":0.95,"lower_bound":5798.828216273452,"upper_bound":72663.87698129998},"point_estimate":44553.51270042281,"standard_error":21354.35157227565}}