{"Mean":{"confidence_interval":{"confidence_level":0.95,"lower_bound":309036.1818522716,"upper_bound":318239.2403719828},"point_estimate":312821.54658969,"standard_error":2391.3510518588982},"Median":{"confidence_interval":{"confidence_level":0.95,"lower_bound":307965.41458333336,"upper_bound":309062.67142857146},"point_estimate":308202.65989583335,"standard_error":319.0508138518878},"MedianAbsDev":{"confidence_interval":{"confidence_level":0.95,"lower_bound":480.4766752198396,"upper_bound":2115.3962648098222},"point_estimate":905.0270238176299,"standard_error":446.2767150952594},"Slope":{"confidence_interval":{"confidence_level":0.95,"lower_bound":308106.71328193083,"upper_bound":309590.9736436582},"point_estimate":308753.5394842657,"standard_error":387.7645529870531},"StdDev":{"confidence_interval":{"confidence_level":0.95,"lower_bound":2445.3651019971717,"upper_bound":21242.969984851417},"point_estimate":13725.311605122277,"standard_error":5140.243189556994}}