{"Mean":{"confidence_interval":{"confidence_level":0.95,"lower_bound":510070.1013806057,"upper_bound":559287.688788155},"point_estimate":529906.5445785809,"standard_error":13030.260236200209},"Median":{"confidence_interval":{"confidence_level":0.95,"lower_bound":506975.26205173426,"upper_bound":515433.037037037},"point_estimate":512343.74201787997,"standard_error":2278.6225728851755},"MedianAbsDev":{"confidence_interval":{"confidence_level":0.95,"lower_bound":6491.489327281716,"upper_bound":19080.395864032995},"point_estimate":11666.662080250855,"standard_error":3007.2630482449104},"Slope":{"confidence_interval":{"confidence_level":0.95,"lower_bound":505448.7695857173,"upper_bound":514061.87068316137},"point_estimate":509558.9659527972,"standard_error":2189.3206275066427},"StdDev":{"confidence_interval":{"confidence_level":0.95,"lower_bound":9655.961862726595,"upper_bound":117430.66779967051},"point_estimate":74895.52171606259,"standard_error":30248.74169984184}}