{"Mean":{"confidence_interval":{"confidence_level":0.95,"lower_bound":-0.033336034634162695,"upper_bound":-0.00029810266162557986},"point_estimate":-0.018788103996274286,"standard_error":0.008569940025089732},"Median":{"confidence_interval":{"confidence_level":0.95,"lower_bound":-0.03744519908270183,"upper_bound":-0.0020489899787802246},"point_estimate":-0.013948597140377439,"standard_error":0.010122664676258485}}