{"Mean":{"confidence_interval":{"confidence_level":0.95,"lower_bound":-0.6817922918541042,"upper_bound":-0.6408093629777744},"point_estimate":-0.661716377097362,"standard_error":0.010593815324715202},"Median":{"confidence_interval":{"confidence_level":0.95,"lower_bound":-0.7024191447800033,"upper_bound":-0.652158942006142},"point_estimate":-0.691093812708058,"standard_error":0.013168727137338883}}