{"Mean":{"confidence_interval":{"confidence_level":0.95,"lower_bound":1873.4502623718229,"upper_bound":1889.270532521973},"point_estimate":1880.3973781481186,"standard_error":4.051261405263139},"Median":{"confidence_interval":{"confidence_level":0.95,"lower_bound":1872.5883329940973,"upper_bound":1886.6433374540534},"point_estimate":1880.958886045768,"standard_error":4.502760264026388},"MedianAbsDev":{"confidence_interval":{"confidence_level":0.95,"lower_bound":3.1635711426955218,"upper_bound":21.039569259729742},"point_estimate":11.161101063808923,"standard_error":4.802958780390346},"Slope":{"confidence_interval":{"confidence_level":0.95,"lower_bound":1867.6840475269976,"upper_bound":1878.7594639210856},"point_estimate":1873.177346973706,"standard_error":2.821179106718577},"StdDev":{"confidence_interval":{"confidence_level":0.95,"lower_bound":11.244389577046253,"upper_bound":34.28454399224717},"point_estimate":23.1527174924135,"standard_error":6.639122626599205}}