{"Mean":{"confidence_interval":{"confidence_level":0.95,"lower_bound":1874.5891107178325,"upper_bound":1932.2782517817288},"point_estimate":1897.291351826151,"standard_error":15.288292459406822},"Median":{"confidence_interval":{"confidence_level":0.95,"lower_bound":1873.923164092752,"upper_bound":1883.739392696957},"point_estimate":1882.0206870722554,"standard_error":2.4083914196570806},"MedianAbsDev":{"confidence_interval":{"confidence_level":0.95,"lower_bound":2.7777884276427343,"upper_bound":15.121189167106055},"point_estimate":6.6793362744070395,"standard_error":3.327403043078969},"Slope":{"confidence_interval":{"confidence_level":0.95,"lower_bound":1867.5090651496962,"upper_bound":1877.091296452004},"point_estimate":1872.4137306215719,"standard_error":2.447603471404774},"StdDev":{"confidence_interval":{"confidence_level":0.95,"lower_bound":9.468838792037092,"upper_bound":139.12195407800593},"point_estimate":87.7845393678474,"standard_error":37.18655947924602}}