{"Mean":{"confidence_interval":{"confidence_level":0.95,"lower_bound":88702.12695072769,"upper_bound":97717.00771523759},"point_estimate":92250.32211116956,"standard_error":2466.145140861917},"Median":{"confidence_interval":{"confidence_level":0.95,"lower_bound":87470.69963177275,"upper_bound":102982.25933719095},"point_estimate":89819.13028230755,"standard_error":3153.850377135876},"MedianAbsDev":{"confidence_interval":{"confidence_level":0.95,"lower_bound":0.0,"upper_bound":5646.787332679523},"point_estimate":2165.0041120106275,"standard_error":1678.784171709211},"Slope":{"confidence_interval":{"confidence_level":0.95,"lower_bound":88139.38074208189,"upper_bound":95515.21359949057},"point_estimate":90065.72186887285,"standard_error":1863.5029804189728},"StdDev":{"confidence_interval":{"confidence_level":0.95,"lower_bound":682.2674903339274,"upper_bound":8124.0387863758615},"point_estimate":6151.75163855117,"standard_error":2587.9759382067587}}