{"Mean":{"confidence_interval":{"confidence_level":0.95,"lower_bound":141137920.0,"upper_bound":143517234.6666667},"point_estimate":142505375.1111111,"standard_error":622311.9438668253},"Median":{"confidence_interval":{"confidence_level":0.95,"lower_bound":139912755.55555555,"upper_bound":143830853.33333334},"point_estimate":142975666.66666666,"standard_error":858998.9273251737},"MedianAbsDev":{"confidence_interval":{"confidence_level":0.95,"lower_bound":0.0,"upper_bound":2220420.792579666},"point_estimate":952521.063089356,"standard_error":632398.6603117732},"Slope":{"confidence_interval":{"confidence_level":0.95,"lower_bound":140612966.66666666,"upper_bound":143711147.6190476},"point_estimate":142825527.27272728,"standard_error":780317.5127598745},"StdDev":{"confidence_interval":{"confidence_level":0.95,"lower_bound":304854.55423129204,"upper_bound":2021117.796476883},"point_estimate":1554702.248730735,"standard_error":548143.8144246443}}