{"Mean":{"confidence_interval":{"confidence_level":0.95,"lower_bound":17082.5971223686,"upper_bound":17595.30589409818},"point_estimate":17300.486323626916,"standard_error":133.4593700307628},"Median":{"confidence_interval":{"confidence_level":0.95,"lower_bound":16993.759018759018,"upper_bound":17181.78258778259},"point_estimate":17104.491341991343,"standard_error":53.18489386307707},"MedianAbsDev":{"confidence_interval":{"confidence_level":0.95,"lower_bound":131.65545931037886,"upper_bound":364.1916980797602},"point_estimate":208.87241715216527,"standard_error":67.12101954058565},"Slope":{"confidence_interval":{"confidence_level":0.95,"lower_bound":17070.159732075288,"upper_bound":17446.119097691382},"point_estimate":17221.0578646631,"standard_error":96.76596197611313},"StdDev":{"confidence_interval":{"confidence_level":0.95,"lower_bound":212.41922034488152,"upper_bound":1129.813993075307},"point_estimate":743.895698415994,"standard_error":252.96606014919743}}