{"Mean":{"confidence_interval":{"confidence_level":0.95,"lower_bound":444.94757746874814,"upper_bound":447.56279421057985},"point_estimate":446.13275754487603,"standard_error":0.6708813488316341},"Median":{"confidence_interval":{"confidence_level":0.95,"lower_bound":444.7215959425939,"upper_bound":445.9228558579556},"point_estimate":445.5349986685524,"standard_error":0.3398160972545026},"MedianAbsDev":{"confidence_interval":{"confidence_level":0.95,"lower_bound":0.6986549708461257,"upper_bound":2.4367408934683237},"point_estimate":1.4842854504974279,"standard_error":0.46554685217265057},"Slope":{"confidence_interval":{"confidence_level":0.95,"lower_bound":444.9258852586115,"upper_bound":445.8969721621125},"point_estimate":445.4216086935702,"standard_error":0.2477017244620701},"StdDev":{"confidence_interval":{"confidence_level":0.95,"lower_bound":1.5452526949561005,"upper_bound":5.19739894666658},"point_estimate":3.8476713104047993,"standard_error":0.8775823481459288}}