{"Mean":{"confidence_interval":{"confidence_level":0.95,"lower_bound":5743354.296296297,"upper_bound":5941525.555555556},"point_estimate":5847719.12962963,"standard_error":52234.8352758063},"Median":{"confidence_interval":{"confidence_level":0.95,"lower_bound":5681664.814814814,"upper_bound":6019512.5},"point_estimate":5888680.555555556,"standard_error":80077.96247787696},"MedianAbsDev":{"confidence_interval":{"confidence_level":0.95,"lower_bound":0.0,"upper_bound":193971.4373896513},"point_estimate":192595.50224741315,"standard_error":84917.38521314881},"Slope":{"confidence_interval":{"confidence_level":0.95,"lower_bound":5721968.448637317,"upper_bound":5998922.222222222},"point_estimate":5833841.515151516,"standard_error":72511.65727076231},"StdDev":{"confidence_interval":{"confidence_level":0.95,"lower_bound":58082.95974028318,"upper_bound":169839.0491564797},"point_estimate":130824.29314075614,"standard_error":32749.511809285716}}