{"Mean":{"confidence_interval":{"confidence_level":0.95,"lower_bound":1873.3215498535146,"upper_bound":1887.5893076243394},"point_estimate":1879.402157886007,"standard_error":3.692787682113669},"Median":{"confidence_interval":{"confidence_level":0.95,"lower_bound":1871.50592534121,"upper_bound":1882.4778722754127},"point_estimate":1878.5475305318705,"standard_error":3.0389914023766216},"MedianAbsDev":{"confidence_interval":{"confidence_level":0.95,"lower_bound":1.176784695954341,"upper_bound":15.69456201001919},"point_estimate":6.833425868700744,"standard_error":3.3998299129195297},"Slope":{"confidence_interval":{"confidence_level":0.95,"lower_bound":1868.3541967657002,"upper_bound":1876.890225411222},"point_estimate":1872.668867283155,"standard_error":2.187430235070968},"StdDev":{"confidence_interval":{"confidence_level":0.95,"lower_bound":7.775608068916163,"upper_bound":32.88906062732684},"point_estimate":21.18164982311254,"standard_error":7.484718768148793}}