{"Mean":{"confidence_interval":{"confidence_level":0.95,"lower_bound":67.92133484558374,"upper_bound":70.01586533765699},"point_estimate":68.84437640563803,"standard_error":0.5406579535796282},"Median":{"confidence_interval":{"confidence_level":0.95,"lower_bound":67.95890039417807,"upper_bound":68.69562745068953},"point_estimate":68.4983825533381,"standard_error":0.19042333902682784},"MedianAbsDev":{"confidence_interval":{"confidence_level":0.95,"lower_bound":0.4149331267572923,"upper_bound":1.6122169852405672},"point_estimate":0.8116663267342668,"standard_error":0.31366030850094484},"Slope":{"confidence_interval":{"confidence_level":0.95,"lower_bound":68.15844426813429,"upper_bound":68.76112400938806},"point_estimate":68.4948423292845,"standard_error":0.15310602026921918},"StdDev":{"confidence_interval":{"confidence_level":0.95,"lower_bound":1.054569654018612,"upper_bound":4.495573926495446},"point_estimate":3.101234702789694,"standard_error":0.8849385577893085}}