{"Mean":{"confidence_interval":{"confidence_level":0.95,"lower_bound":2148391.740144212,"upper_bound":2263610.17637557},"point_estimate":2199141.883157734,"standard_error":29706.827463524813},"Median":{"confidence_interval":{"confidence_level":0.95,"lower_bound":2127053.833478261,"upper_bound":2199720.332748538},"point_estimate":2171800.896405229,"standard_error":18952.073461593267},"MedianAbsDev":{"confidence_interval":{"confidence_level":0.95,"lower_bound":47690.643359286456,"upper_bound":169183.00616414315},"point_estimate":87205.33282631851,"standard_error":31607.173076924882},"Slope":{"confidence_interval":{"confidence_level":0.95,"lower_bound":2081759.686611494,"upper_bound":2136015.2153558484},"point_estimate":2104641.7192657343,"standard_error":13873.229802997761},"StdDev":{"confidence_interval":{"confidence_level":0.95,"lower_bound":82280.85900856348,"upper_bound":251498.46068460552},"point_estimate":169951.98757619993,"standard_error":49712.16162136011}}