{"Mean":{"confidence_interval":{"confidence_level":0.95,"lower_bound":-0.17153802023694137,"upper_bound":-0.1495379318932378},"point_estimate":-0.16072719041924166,"standard_error":0.005656648377639609},"Median":{"confidence_interval":{"confidence_level":0.95,"lower_bound":-0.1741224760408316,"upper_bound":-0.1519230902973063},"point_estimate":-0.1628995358756684,"standard_error":0.0054903967002357}}