{"Mean":{"confidence_interval":{"confidence_level":0.95,"lower_bound":45110.04893539559,"upper_bound":46126.261840768},"point_estimate":45543.47408162306,"standard_error":262.5724487605701},"Median":{"confidence_interval":{"confidence_level":0.95,"lower_bound":45014.65024630542,"upper_bound":45544.349137931036},"point_estimate":45217.46971762843,"standard_error":138.9330411545712},"MedianAbsDev":{"confidence_interval":{"confidence_level":0.95,"lower_bound":393.5130445787387,"upper_bound":929.0668305747392},"point_estimate":614.7260571898825,"standard_error":139.25336607833327},"Slope":{"confidence_interval":{"confidence_level":0.95,"lower_bound":44848.5096914224,"upper_bound":45231.49688091052},"point_estimate":45035.73726015364,"standard_error":97.4878353489262},"StdDev":{"confidence_interval":{"confidence_level":0.95,"lower_bound":533.8398401514336,"upper_bound":2310.3638471366844},"point_estimate":1512.0698746611388,"standard_error":511.39390899757575}}