{"Mean":{"confidence_interval":{"confidence_level":0.95,"lower_bound":32388.045210339584,"upper_bound":32769.48775130934},"point_estimate":32574.44243960128,"standard_error":100.24985427329067},"Median":{"confidence_interval":{"confidence_level":0.95,"lower_bound":32255.229599594528,"upper_bound":32859.34617334009},"point_estimate":32488.23618854536,"standard_error":171.0347866954638},"MedianAbsDev":{"confidence_interval":{"confidence_level":0.95,"lower_bound":0.0,"upper_bound":345.45556264544314},"point_estimate":345.45556264544314,"standard_error":142.32632273005882},"Slope":{"confidence_interval":{"confidence_level":0.95,"lower_bound":32298.095264329317,"upper_bound":32804.48011112988},"point_estimate":32459.788784960605,"standard_error":132.15345065295122},"StdDev":{"confidence_interval":{"confidence_level":0.95,"lower_bound":98.6343547626271,"upper_bound":309.7129870910762},"point_estimate":250.7537120494719,"standard_error":58.43694083509383}}