{"Mean":{"confidence_interval":{"confidence_level":0.95,"lower_bound":-0.008322813474875438,"upper_bound":0.033390445561710544},"point_estimate":0.010384964899148308,"standard_error":0.010959337747223283},"Median":{"confidence_interval":{"confidence_level":0.95,"lower_bound":-0.006068029090097293,"upper_bound":0.01660296107323935},"point_estimate":0.00925016351094321,"standard_error":0.0058964758600553386}}