{"Mean":{"confidence_interval":{"confidence_level":0.95,"lower_bound":3112.471755233629,"upper_bound":3181.080252957473},"point_estimate":3142.8966700903425,"standard_error":17.70043528109266},"Median":{"confidence_interval":{"confidence_level":0.95,"lower_bound":3099.2014018991867,"upper_bound":3134.455808458775},"point_estimate":3125.8833219295248,"standard_error":8.264419247385788},"MedianAbsDev":{"confidence_interval":{"confidence_level":0.95,"lower_bound":18.102610291348974,"upper_bound":70.57183410529319},"point_estimate":38.78382646958732,"standard_error":13.521414490016733},"Slope":{"confidence_interval":{"confidence_level":0.95,"lower_bound":3092.135458379451,"upper_bound":3114.6190138688166},"point_estimate":3103.2879481876316,"standard_error":5.7463730530146355},"StdDev":{"confidence_interval":{"confidence_level":0.95,"lower_bound":38.495661512678716,"upper_bound":146.9673052164317},"point_estimate":101.61816650537044,"standard_error":28.58367611236863}}