{"Mean":{"confidence_interval":{"confidence_level":0.95,"lower_bound":144993.0236841461,"upper_bound":146954.3454523006},"point_estimate":145874.41999807986,"standard_error":505.07634303397106},"Median":{"confidence_interval":{"confidence_level":0.95,"lower_bound":144127.5197368421,"upper_bound":146271.38942307694},"point_estimate":145328.2419448758,"standard_error":632.717910833094},"MedianAbsDev":{"confidence_interval":{"confidence_level":0.95,"lower_bound":989.8394845711186,"upper_bound":2709.970816753423},"point_estimate":2353.3721857840715,"standard_error":504.1631132384074},"Slope":{"confidence_interval":{"confidence_level":0.95,"lower_bound":144385.6249649065,"upper_bound":145371.11627565548},"point_estimate":144866.94638193838,"standard_error":252.1517074846416},"StdDev":{"confidence_interval":{"confidence_level":0.95,"lower_bound":1409.008148417394,"upper_bound":4098.00211073604},"point_estimate":2898.84758542239,"standard_error":722.615059345892}}