{"Mean":{"confidence_interval":{"confidence_level":0.95,"lower_bound":0.01258707302488915,"upper_bound":0.06377885485412293},"point_estimate":0.03790471056155864,"standard_error":0.01306205551070416},"Median":{"confidence_interval":{"confidence_level":0.95,"lower_bound":-0.002982213726486549,"upper_bound":0.07528743281070227},"point_estimate":0.03754477288684699,"standard_error":0.020989602933947207}}