{"Mean":{"confidence_interval":{"confidence_level":0.95,"lower_bound":109074.9797316975,"upper_bound":109978.41148055492},"point_estimate":109525.68018799818,"standard_error":231.28782511945883},"Median":{"confidence_interval":{"confidence_level":0.95,"lower_bound":109101.12545787546,"upper_bound":110129.34166666667},"point_estimate":109947.65370783731,"standard_error":337.41704479388466},"MedianAbsDev":{"confidence_interval":{"confidence_level":0.95,"lower_bound":466.8640790191976,"upper_bound":1905.7648502075417},"point_estimate":1158.8563132690463,"standard_error":383.1035537503236},"Slope":{"confidence_interval":{"confidence_level":0.95,"lower_bound":108632.23676385087,"upper_bound":109586.13026483648},"point_estimate":109091.58092428405,"standard_error":244.08436435337805},"StdDev":{"confidence_interval":{"confidence_level":0.95,"lower_bound":1018.5780055774652,"upper_bound":1583.842871174903},"point_estimate":1331.9941593323385,"standard_error":145.17293004767834}}