{"Mean":{"confidence_interval":{"confidence_level":0.95,"lower_bound":309144.2664165103,"upper_bound":315283.70356472797},"point_estimate":312213.9849906191,"standard_error":1570.4487352795609},"Median":{"confidence_interval":{"confidence_level":0.95,"lower_bound":308617.54221388366,"upper_bound":316493.05816135084},"point_estimate":310757.91744840523,"standard_error":3133.645644300826},"MedianAbsDev":{"confidence_interval":{"confidence_level":0.95,"lower_bound":0.0,"upper_bound":3173.3202663639922},"point_estimate":3173.3202663639922,"standard_error":1321.0342603469785},"Slope":{"confidence_interval":{"confidence_level":0.95,"lower_bound":308926.7078688886,"upper_bound":312696.9438135677},"point_estimate":310366.8088009551,"standard_error":1017.1715792662976},"StdDev":{"confidence_interval":{"confidence_level":0.95,"lower_bound":880.9815130912945,"upper_bound":4269.758014454825},"point_estimate":3923.8865425280687,"standard_error":916.630075244866}}