{"Mean":{"confidence_interval":{"confidence_level":0.95,"lower_bound":-0.3847689918589799,"upper_bound":-0.2954287179135884},"point_estimate":-0.34136861755418013,"standard_error":0.022783855479485676},"Median":{"confidence_interval":{"confidence_level":0.95,"lower_bound":-0.39590756512514746,"upper_bound":-0.23553207734852333},"point_estimate":-0.306032372394329,"standard_error":0.04477724160239877}}