{"Mean":{"confidence_interval":{"confidence_level":0.95,"lower_bound":-0.24398493649029512,"upper_bound":-0.1427632813658986},"point_estimate":-0.19320573260363172,"standard_error":0.02592436085499717},"Median":{"confidence_interval":{"confidence_level":0.95,"lower_bound":-0.19797122192844108,"upper_bound":-0.11032036203588183},"point_estimate":-0.16387774849503312,"standard_error":0.02232283473414416}}