{"Mean":{"confidence_interval":{"confidence_level":0.95,"lower_bound":233707603.3333333,"upper_bound":254261016.66666666},"point_estimate":244212678.3333333,"standard_error":5426136.79296347},"Median":{"confidence_interval":{"confidence_level":0.95,"lower_bound":227965650.0,"upper_bound":255374075.0},"point_estimate":253082600.0,"standard_error":10804514.966546806},"MedianAbsDev":{"confidence_interval":{"confidence_level":0.95,"lower_bound":0.0,"upper_bound":4356249.372661114},"point_estimate":3397340.7746851444,"standard_error":1688667.27179233},"Slope":{"confidence_interval":{"confidence_level":0.95,"lower_bound":240482500.0,"upper_bound":254495793.90243903},"point_estimate":251626385.45454547,"standard_error":3638235.5801129956},"StdDev":{"confidence_interval":{"confidence_level":0.95,"lower_bound":896571.6187348576,"upper_bound":14623801.00021665},"point_estimate":13555973.538676796,"standard_error":3546907.833807853}}