{"Mean":{"confidence_interval":{"confidence_level":0.95,"lower_bound":-0.04939422418487925,"upper_bound":-0.028494142665119196},"point_estimate":-0.03933563651932226,"standard_error":0.005338849895941605},"Median":{"confidence_interval":{"confidence_level":0.95,"lower_bound":-0.05553048675622485,"upper_bound":-0.025925734299238834},"point_estimate":-0.04335058623916055,"standard_error":0.007864987239199234}}