{"Mean":{"confidence_interval":{"confidence_level":0.95,"lower_bound":0.0007341643967226918,"upper_bound":0.1571752854387165},"point_estimate":0.07630051168847718,"standard_error":0.04004142073958243},"Median":{"confidence_interval":{"confidence_level":0.95,"lower_bound":-0.05303912736420713,"upper_bound":0.22476871919543107},"point_estimate":0.08261630793119745,"standard_error":0.05280455715374781}}