{"Mean":{"confidence_interval":{"confidence_level":0.95,"lower_bound":979.2691520729231,"upper_bound":1006.5111539182443},"point_estimate":990.7600473151875,"standard_error":7.084798722653016},"Median":{"confidence_interval":{"confidence_level":0.95,"lower_bound":977.9420211376566,"upper_bound":981.5707222103691},"point_estimate":980.511741454442,"standard_error":0.8504490747016797},"MedianAbsDev":{"confidence_interval":{"confidence_level":0.95,"lower_bound":1.779073770437565,"upper_bound":14.910844569395213},"point_estimate":4.101337260284099,"standard_error":3.420008092041658},"Slope":{"confidence_interval":{"confidence_level":0.95,"lower_bound":972.6000259981814,"upper_bound":978.3859997375013},"point_estimate":975.5065008426074,"standard_error":1.4777703486046996},"StdDev":{"confidence_interval":{"confidence_level":0.95,"lower_bound":10.240903538285371,"upper_bound":62.3126227346455},"point_estimate":40.705882201292624,"standard_error":14.320622823543316}}