{"Mean":{"confidence_interval":{"confidence_level":0.95,"lower_bound":244.16817544189553,"upper_bound":251.45731863431135},"point_estimate":247.14784195263678,"standard_error":1.9090302919571085},"Median":{"confidence_interval":{"confidence_level":0.95,"lower_bound":242.99442797267983,"upper_bound":247.73778636501402},"point_estimate":244.00617900050162,"standard_error":1.4113215966588544},"MedianAbsDev":{"confidence_interval":{"confidence_level":0.95,"lower_bound":2.6435078878306197,"upper_bound":6.518317887113463},"point_estimate":5.012382555169591,"standard_error":0.9741483260672632},"Slope":{"confidence_interval":{"confidence_level":0.95,"lower_bound":241.48788551026425,"upper_bound":243.53649028668895},"point_estimate":242.40492598472287,"standard_error":0.5224177540761064},"StdDev":{"confidence_interval":{"confidence_level":0.95,"lower_bound":3.612123858248642,"upper_bound":17.371206816353023},"point_estimate":10.985474154701798,"standard_error":4.330260929284323}}