{"Mean":{"confidence_interval":{"confidence_level":0.95,"lower_bound":4646.81908981542,"upper_bound":4784.633885038167},"point_estimate":4700.014132084183,"standard_error":37.72699216875253},"Median":{"confidence_interval":{"confidence_level":0.95,"lower_bound":4669.897989231028,"upper_bound":4688.381814740031},"point_estimate":4678.600874978967,"standard_error":4.7080262022300206},"MedianAbsDev":{"confidence_interval":{"confidence_level":0.95,"lower_bound":12.614749239698725,"upper_bound":39.52955094510542},"point_estimate":19.528101382543163,"standard_error":6.968942123726031},"Slope":{"confidence_interval":{"confidence_level":0.95,"lower_bound":4669.080891991231,"upper_bound":4686.9486651222205},"point_estimate":4678.74352679123,"standard_error":4.534291587579335},"StdDev":{"confidence_interval":{"confidence_level":0.95,"lower_bound":37.755098835508775,"upper_bound":359.1465723669935},"point_estimate":216.52009147720955,"standard_error":105.33043523174796}}