{"Mean":{"confidence_interval":{"confidence_level":0.95,"lower_bound":2013600.1132538477,"upper_bound":2055518.6557221669},"point_estimate":2030583.5113151786,"standard_error":11131.039345720943},"Median":{"confidence_interval":{"confidence_level":0.95,"lower_bound":2011856.347368421,"upper_bound":2017058.0316770186},"point_estimate":2014260.2089605734,"standard_error":1201.4264481627185},"MedianAbsDev":{"confidence_interval":{"confidence_level":0.95,"lower_bound":3354.471104308031,"upper_bound":10520.294668227272},"point_estimate":6185.549419784575,"standard_error":1761.7866167959153},"Slope":{"confidence_interval":{"confidence_level":0.95,"lower_bound":2013699.2034411659,"upper_bound":2020206.7328454652},"point_estimate":2016801.9397027972,"standard_error":1665.4068835906965},"StdDev":{"confidence_interval":{"confidence_level":0.95,"lower_bound":6823.685101459737,"upper_bound":99525.34301148063},"point_estimate":63991.27376049742,"standard_error":25547.508768059775}}