{"Mean":{"confidence_interval":{"confidence_level":0.95,"lower_bound":3058.963280172529,"upper_bound":3261.742361147213},"point_estimate":3160.9662659065148,"standard_error":51.98620733160983},"Median":{"confidence_interval":{"confidence_level":0.95,"lower_bound":2862.301468598208,"upper_bound":3358.2151047676025},"point_estimate":3274.302403464735,"standard_error":139.57410533121742},"MedianAbsDev":{"confidence_interval":{"confidence_level":0.95,"lower_bound":119.75664699145358,"upper_bound":461.8158664223369},"point_estimate":347.07567915149065,"standard_error":89.2849612240379},"Slope":{"confidence_interval":{"confidence_level":0.95,"lower_bound":3078.354321619022,"upper_bound":3326.4459587547676},"point_estimate":3221.763113306683,"standard_error":63.577661332095886},"StdDev":{"confidence_interval":{"confidence_level":0.95,"lower_bound":248.62276213464452,"upper_bound":313.8505737119546},"point_estimate":289.4670735456438,"standard_error":16.591113916672843}}