{"Mean":{"confidence_interval":{"confidence_level":0.95,"lower_bound":198.11834970563186,"upper_bound":202.3053999507905},"point_estimate":199.8165063723061,"standard_error":1.1038047492116423},"Median":{"confidence_interval":{"confidence_level":0.95,"lower_bound":197.32884483483417,"upper_bound":198.85279522345036},"point_estimate":198.20170294780337,"standard_error":0.4990166041778548},"MedianAbsDev":{"confidence_interval":{"confidence_level":0.95,"lower_bound":1.0683222988864716,"upper_bound":3.146579408656059},"point_estimate":1.8779612572628888,"standard_error":0.558935865521148},"Slope":{"confidence_interval":{"confidence_level":0.95,"lower_bound":197.28864592992656,"upper_bound":198.29026316146187},"point_estimate":197.75538329211776,"standard_error":0.2556905068352528},"StdDev":{"confidence_interval":{"confidence_level":0.95,"lower_bound":1.9466610486846185,"upper_bound":10.059018127161904},"point_estimate":6.355676022356311,"standard_error":2.5660699556873148}}