{"Mean":{"confidence_interval":{"confidence_level":0.95,"lower_bound":29496.412142631594,"upper_bound":30130.298487518467},"point_estimate":29782.483399700017,"standard_error":162.23219372176004},"Median":{"confidence_interval":{"confidence_level":0.95,"lower_bound":29495.576923076922,"upper_bound":30000.096153846152},"point_estimate":29896.0943961952,"standard_error":124.77650598334151},"MedianAbsDev":{"confidence_interval":{"confidence_level":0.95,"lower_bound":143.49386577181076,"upper_bound":949.2942961808418},"point_estimate":499.83299994029346,"standard_error":224.39748776555453},"Slope":{"confidence_interval":{"confidence_level":0.95,"lower_bound":29265.648729167257,"upper_bound":29755.577091871055},"point_estimate":29497.017661825354,"standard_error":125.32015923637525},"StdDev":{"confidence_interval":{"confidence_level":0.95,"lower_bound":482.63186329858274,"upper_bound":1387.242020084388},"point_estimate":932.9193420201136,"standard_error":262.1957493961853}}