{"Mean":{"confidence_interval":{"confidence_level":0.95,"lower_bound":26954.341089147332,"upper_bound":27477.477473493756},"point_estimate":27164.22744832922,"standard_error":138.19059566407336},"Median":{"confidence_interval":{"confidence_level":0.95,"lower_bound":26933.42777777778,"upper_bound":27000.585288870592},"point_estimate":26965.075475504324,"standard_error":16.969411551238462},"MedianAbsDev":{"confidence_interval":{"confidence_level":0.95,"lower_bound":45.45780000075076,"upper_bound":121.1302505796702},"point_estimate":77.50920862105716,"standard_error":19.130961468861216},"Slope":{"confidence_interval":{"confidence_level":0.95,"lower_bound":26959.62647664129,"upper_bound":27020.466035126134},"point_estimate":26991.299470486287,"standard_error":15.53447667175596},"StdDev":{"confidence_interval":{"confidence_level":0.95,"lower_bound":66.11347084696435,"upper_bound":1212.2388259456006},"point_estimate":791.0777597284277,"standard_error":311.5253989550596}}