{"Mean":{"confidence_interval":{"confidence_level":0.95,"lower_bound":9776421.929509465,"upper_bound":11165094.891353317},"point_estimate":10563939.478175769,"standard_error":361178.0192158302},"Median":{"confidence_interval":{"confidence_level":0.95,"lower_bound":10754766.924137931,"upper_bound":11308576.958333332},"point_estimate":10946040.931003585,"standard_error":135231.18654390605},"MedianAbsDev":{"confidence_interval":{"confidence_level":0.95,"lower_bound":275020.0406693418,"upper_bound":931150.9694387657},"point_estimate":571780.7455297114,"standard_error":165535.307474764},"Slope":{"confidence_interval":{"confidence_level":0.95,"lower_bound":10950449.196433509,"upper_bound":11272964.079540784},"point_estimate":11107625.595017482,"standard_error":82780.93863304393},"StdDev":{"confidence_interval":{"confidence_level":0.95,"lower_bound":555179.1742669315,"upper_bound":3031194.4154070546},"point_estimate":2072651.3371167004,"standard_error":655991.2338860901}}