{"Mean":{"confidence_interval":{"confidence_level":0.95,"lower_bound":10220887.71144427,"upper_bound":11717536.284084307},"point_estimate":11071684.21394659,"standard_error":387597.14565153886},"Median":{"confidence_interval":{"confidence_level":0.95,"lower_bound":11428582.0,"upper_bound":11921786.966875},"point_estimate":11545132.596296296,"standard_error":129151.98146455917},"MedianAbsDev":{"confidence_interval":{"confidence_level":0.95,"lower_bound":356961.98800265754,"upper_bound":845045.2704407376},"point_estimate":591951.4856460198,"standard_error":126162.29102733501},"Slope":{"confidence_interval":{"confidence_level":0.95,"lower_bound":11567217.699572373,"upper_bound":11883207.347324729},"point_estimate":11721354.781031469,"standard_error":80314.2393276722},"StdDev":{"confidence_interval":{"confidence_level":0.95,"lower_bound":563745.71545104,"upper_bound":3260503.2918080785},"point_estimate":2229827.6368692378,"standard_error":709220.0576575999}}