{"Mean":{"confidence_interval":{"confidence_level":0.95,"lower_bound":273366.1480319574,"upper_bound":279500.9011901978},"point_estimate":276364.7173094073,"standard_error":1561.4406572634384},"Median":{"confidence_interval":{"confidence_level":0.95,"lower_bound":272004.60881934565,"upper_bound":281021.4768339768},"point_estimate":274892.1864171864,"standard_error":2648.915064511929},"MedianAbsDev":{"confidence_interval":{"confidence_level":0.95,"lower_bound":5274.506091390013,"upper_bound":11661.672810981925},"point_estimate":10051.8675404626,"standard_error":1665.6227374977877},"Slope":{"confidence_interval":{"confidence_level":0.95,"lower_bound":271130.5091031729,"upper_bound":278314.64307202},"point_estimate":274624.8517158089,"standard_error":1834.9105867758276},"StdDev":{"confidence_interval":{"confidence_level":0.95,"lower_bound":6295.340473715593,"upper_bound":10658.41335504199},"point_estimate":8701.016303469607,"standard_error":1125.583967690651}}