{"Mean":{"confidence_interval":{"confidence_level":0.95,"lower_bound":-0.22217843286729222,"upper_bound":-0.12900406386740249},"point_estimate":-0.1752741722276583,"standard_error":0.02383306614397342},"Median":{"confidence_interval":{"confidence_level":0.95,"lower_bound":-0.2125751245661348,"upper_bound":-0.08762415338972884},"point_estimate":-0.16225248659730573,"standard_error":0.03248359082348339}}