{"Mean":{"confidence_interval":{"confidence_level":0.95,"lower_bound":21784401.689740475,"upper_bound":21967962.084468953},"point_estimate":21850015.540906724,"standard_error":54732.02939673467},"Median":{"confidence_interval":{"confidence_level":0.95,"lower_bound":21777435.80952381,"upper_bound":21809280.444444444},"point_estimate":21785499.605820104,"standard_error":8585.295871122626},"MedianAbsDev":{"confidence_interval":{"confidence_level":0.95,"lower_bound":14542.882108856682,"upper_bound":53205.37612902274},"point_estimate":34409.644771398045,"standard_error":9974.446136538794},"Slope":{"confidence_interval":{"confidence_level":0.95,"lower_bound":21773588.131618038,"upper_bound":21800064.434195314},"point_estimate":21785524.14222028,"standard_error":6759.370239493846},"StdDev":{"confidence_interval":{"confidence_level":0.95,"lower_bound":31012.40372264598,"upper_bound":527643.5564382594},"point_estimate":315273.5024900899,"standard_error":175586.63886578646}}