{"Mean":{"confidence_interval":{"confidence_level":0.95,"lower_bound":1692.2181675189445,"upper_bound":1729.968706182694},"point_estimate":1708.5452017473756,"standard_error":9.76713384211053},"Median":{"confidence_interval":{"confidence_level":0.95,"lower_bound":1683.056175608607,"upper_bound":1694.4849145933902},"point_estimate":1685.4878852580764,"standard_error":3.4971107551599716},"MedianAbsDev":{"confidence_interval":{"confidence_level":0.95,"lower_bound":3.076769061265989,"upper_bound":21.259780037710026},"point_estimate":8.59853211684271,"standard_error":4.988696133848154},"Slope":{"confidence_interval":{"confidence_level":0.95,"lower_bound":1683.16322109262,"upper_bound":1687.3834725664788},"point_estimate":1684.9786606009104,"standard_error":1.0730445093972754},"StdDev":{"confidence_interval":{"confidence_level":0.95,"lower_bound":18.01234348820135,"upper_bound":83.61654676688366},"point_estimate":56.135198061243585,"standard_error":17.46236781563794}}