{"Mean":{"confidence_interval":{"confidence_level":0.95,"lower_bound":185.11268761700643,"upper_bound":190.04099601245892},"point_estimate":187.2175861112508,"standard_error":1.2722172833496281},"Median":{"confidence_interval":{"confidence_level":0.95,"lower_bound":183.88273646671294,"upper_bound":186.67271246500695},"point_estimate":184.24497372119453,"standard_error":0.651356325234416},"MedianAbsDev":{"confidence_interval":{"confidence_level":0.95,"lower_bound":0.9471694719514391,"upper_bound":5.011810844885742},"point_estimate":1.858899878184465,"standard_error":0.8593357974102271},"Slope":{"confidence_interval":{"confidence_level":0.95,"lower_bound":183.88569839497282,"upper_bound":186.77870549035813},"point_estimate":185.14822383504853,"standard_error":0.7414262510707281},"StdDev":{"confidence_interval":{"confidence_level":0.95,"lower_bound":2.977473636301022,"upper_bound":11.068363295028222},"point_estimate":7.329669214683978,"standard_error":2.41076518057065}}