{"Mean":{"confidence_interval":{"confidence_level":0.95,"lower_bound":5816821.492148705,"upper_bound":6121442.925495489},"point_estimate":5949451.008277094,"standard_error":78399.05760716044},"Median":{"confidence_interval":{"confidence_level":0.95,"lower_bound":5723194.659090909,"upper_bound":6039065.571428572},"point_estimate":5888037.631578947,"standard_error":96995.07830894295},"MedianAbsDev":{"confidence_interval":{"confidence_level":0.95,"lower_bound":157890.28458977852,"upper_bound":371398.68375552195},"point_estimate":304384.88441089087,"standard_error":56184.90266534352},"Slope":{"confidence_interval":{"confidence_level":0.95,"lower_bound":5675251.670285285,"upper_bound":5801901.113867398},"point_estimate":5726382.635708042,"standard_error":32336.909688010415},"StdDev":{"confidence_interval":{"confidence_level":0.95,"lower_bound":196000.12059335317,"upper_bound":671959.2202166942},"point_estimate":450221.55450689665,"standard_error":136036.7773056966}}