{"Mean":{"confidence_interval":{"confidence_level":0.95,"lower_bound":95677.05292952165,"upper_bound":98858.03396546845},"point_estimate":97043.14010755732,"standard_error":820.3523518513907},"Median":{"confidence_interval":{"confidence_level":0.95,"lower_bound":95498.36399660345,"upper_bound":100370.49249929239},"point_estimate":95944.49476365696,"standard_error":1250.2306493241383},"MedianAbsDev":{"confidence_interval":{"confidence_level":0.95,"lower_bound":0.0,"upper_bound":3234.9802675039396},"point_estimate":661.4334634907315,"standard_error":1077.345103528758},"Slope":{"confidence_interval":{"confidence_level":0.95,"lower_bound":95588.33195912658,"upper_bound":97885.4097457059},"point_estimate":96058.75459949052,"standard_error":638.7919368495766},"StdDev":{"confidence_interval":{"confidence_level":0.95,"lower_bound":157.73137813637138,"upper_bound":2593.52580304476},"point_estimate":2050.3654210037726,"standard_error":699.9142766382803}}