{"Mean":{"confidence_interval":{"confidence_level":0.95,"lower_bound":390997.90910710086,"upper_bound":413336.25442219886},"point_estimate":399295.54859900876,"standard_error":6207.990834994029},"Median":{"confidence_interval":{"confidence_level":0.95,"lower_bound":387625.5543959519,"upper_bound":396129.5372596154},"point_estimate":391068.96334325394,"standard_error":1953.647740804921},"MedianAbsDev":{"confidence_interval":{"confidence_level":0.95,"lower_bound":1176.3898807199155,"upper_bound":8821.309039863138},"point_estimate":6078.222914192182,"standard_error":2171.806191242764},"Slope":{"confidence_interval":{"confidence_level":0.95,"lower_bound":388666.7905963189,"upper_bound":391032.9072401132},"point_estimate":389739.77291302447,"standard_error":605.0969032865625},"StdDev":{"confidence_interval":{"confidence_level":0.95,"lower_bound":4613.085841149786,"upper_bound":58601.53812059621},"point_estimate":35638.81507183842,"standard_error":17783.572299364463}}