{"Mean":{"confidence_interval":{"confidence_level":0.95,"lower_bound":16019843.277392367,"upper_bound":18677766.37372155},"point_estimate":17519321.14485787,"standard_error":687945.0961362876},"Median":{"confidence_interval":{"confidence_level":0.95,"lower_bound":18429985.722222224,"upper_bound":19093762.060173698},"point_estimate":18701980.19375,"standard_error":161210.55409090646},"MedianAbsDev":{"confidence_interval":{"confidence_level":0.95,"lower_bound":447833.61369561276,"upper_bound":1223106.4776882394},"point_estimate":801741.0800444969,"standard_error":203622.58371751584},"Slope":{"confidence_interval":{"confidence_level":0.95,"lower_bound":18811725.154967416,"upper_bound":19287997.182853565},"point_estimate":19048775.34318182,"standard_error":120993.4746225677},"StdDev":{"confidence_interval":{"confidence_level":0.95,"lower_bound":1092852.7305462398,"upper_bound":5687816.104073106},"point_estimate":3950040.314717023,"standard_error":1177533.0276449504}}