{"Mean":{"confidence_interval":{"confidence_level":0.95,"lower_bound":349886566.0,"upper_bound":359981850.0},"point_estimate":354506461.0,"standard_error":2549465.6653220714},"Median":{"confidence_interval":{"confidence_level":0.95,"lower_bound":347373775.0,"upper_bound":363912500.0},"point_estimate":353074280.0,"standard_error":3758631.259598911},"MedianAbsDev":{"confidence_interval":{"confidence_level":0.95,"lower_bound":0.0,"upper_bound":9705470.077693462},"point_estimate":6363274.609029293,"standard_error":3382442.1430170303},"Slope":{"confidence_interval":{"confidence_level":0.95,"lower_bound":348606231.57894737,"upper_bound":361729208.3333333},"point_estimate":353460370.90909094,"standard_error":3022090.1573924515},"StdDev":{"confidence_interval":{"confidence_level":0.95,"lower_bound":2040441.7995510187,"upper_bound":8348782.062520706},"point_estimate":6388963.670050879,"standard_error":1720545.6809033703}}