{"Mean":{"confidence_interval":{"confidence_level":0.95,"lower_bound":187.79433959334554,"upper_bound":193.53641349803473},"point_estimate":189.9935294358251,"standard_error":1.5661181904479995},"Median":{"confidence_interval":{"confidence_level":0.95,"lower_bound":186.7243447859443,"upper_bound":189.64169172308695},"point_estimate":188.39419504482953,"standard_error":0.7926096925649833},"MedianAbsDev":{"confidence_interval":{"confidence_level":0.95,"lower_bound":1.5561246411724565,"upper_bound":3.9673403082502765},"point_estimate":2.9748063419088036,"standard_error":0.6209384046828066},"Slope":{"confidence_interval":{"confidence_level":0.95,"lower_bound":186.7231538281296,"upper_bound":187.91046702527606},"point_estimate":187.27480931287099,"standard_error":0.30223966030858607},"StdDev":{"confidence_interval":{"confidence_level":0.95,"lower_bound":2.0393522233881574,"upper_bound":14.74052192131743},"point_estimate":8.994505187883883,"standard_error":4.261694012869567}}