{"Mean":{"confidence_interval":{"confidence_level":0.95,"lower_bound":18120.30812257105,"upper_bound":18338.80769854528},"point_estimate":18227.382912286106,"standard_error":55.8387249782379},"Median":{"confidence_interval":{"confidence_level":0.95,"lower_bound":18093.000787792455,"upper_bound":18323.030303030304},"point_estimate":18239.658094098886,"standard_error":60.07459418025614},"MedianAbsDev":{"confidence_interval":{"confidence_level":0.95,"lower_bound":154.04369030670279,"upper_bound":407.47743871656695},"point_estimate":267.3113252206038,"standard_error":63.54894434909447},"Slope":{"confidence_interval":{"confidence_level":0.95,"lower_bound":18045.91770482037,"upper_bound":18303.200639341718},"point_estimate":18172.649819186045,"standard_error":65.49731268238074},"StdDev":{"confidence_interval":{"confidence_level":0.95,"lower_bound":216.9872862252837,"upper_bound":388.25587573484},"point_estimate":310.7627736038082,"standard_error":43.891968122079014}}