{"Mean":{"confidence_interval":{"confidence_level":0.95,"lower_bound":15215.47335925503,"upper_bound":15553.368001324961},"point_estimate":15370.285592137607,"standard_error":86.8218717819793},"Median":{"confidence_interval":{"confidence_level":0.95,"lower_bound":15149.396447093175,"upper_bound":15262.851048657718},"point_estimate":15174.83147021812,"standard_error":28.83158351159381},"MedianAbsDev":{"confidence_interval":{"confidence_level":0.95,"lower_bound":57.08268528411682,"upper_bound":275.75702030112376},"point_estimate":123.21477372345879,"standard_error":55.53122535264095},"Slope":{"confidence_interval":{"confidence_level":0.95,"lower_bound":15174.63279747734,"upper_bound":15655.01654724394},"point_estimate":15392.449400725114,"standard_error":123.40533657882393},"StdDev":{"confidence_interval":{"confidence_level":0.95,"lower_bound":260.6513129217989,"upper_bound":655.343704148524},"point_estimate":500.01492542777976,"standard_error":100.37523248266795}}