{"Mean":{"confidence_interval":{"confidence_level":0.95,"lower_bound":4538.662156940743,"upper_bound":4816.244923763101},"point_estimate":4641.280650432786,"standard_error":79.07031121808434},"Median":{"confidence_interval":{"confidence_level":0.95,"lower_bound":4516.544576420021,"upper_bound":4559.149036017364},"point_estimate":4526.872140315201,"standard_error":13.067292655099752},"MedianAbsDev":{"confidence_interval":{"confidence_level":0.95,"lower_bound":24.56277513254544,"upper_bound":105.94933957027641},"point_estimate":47.058366905346865,"standard_error":21.179690800436283},"Slope":{"confidence_interval":{"confidence_level":0.95,"lower_bound":4565.983458039943,"upper_bound":4663.096658618248},"point_estimate":4619.617557709194,"standard_error":24.941979844195107},"StdDev":{"confidence_interval":{"confidence_level":0.95,"lower_bound":74.13489272120516,"upper_bound":752.073251662468},"point_estimate":452.65138569443707,"standard_error":234.53086290939572}}