{"Mean":{"confidence_interval":{"confidence_level":0.95,"lower_bound":5988587.933288312,"upper_bound":7099764.941165593},"point_estimate":6409324.7382817175,"standard_error":308664.7492897943},"Median":{"confidence_interval":{"confidence_level":0.95,"lower_bound":5930207.043478261,"upper_bound":6153742.989814815},"point_estimate":5996156.017316017,"standard_error":49224.2373120713},"MedianAbsDev":{"confidence_interval":{"confidence_level":0.95,"lower_bound":126238.15960108269,"upper_bound":553364.9255182125},"point_estimate":316009.9460774291,"standard_error":117880.14804517018},"Slope":{"confidence_interval":{"confidence_level":0.95,"lower_bound":5952532.632849951,"upper_bound":6125412.28154277},"point_estimate":6040617.906337413,"standard_error":44024.94983765308},"StdDev":{"confidence_interval":{"confidence_level":0.95,"lower_bound":325746.5605204995,"upper_bound":2928200.352562671},"point_estimate":1777479.8028621392,"standard_error":874392.8134926629}}