{"Mean":{"confidence_interval":{"confidence_level":0.95,"lower_bound":119.27209626234217,"upper_bound":121.478878901296},"point_estimate":120.28651345063425,"standard_error":0.5657306392864528},"Median":{"confidence_interval":{"confidence_level":0.95,"lower_bound":118.39655915039002,"upper_bound":120.36940736441608},"point_estimate":119.25309244910653,"standard_error":0.4998696300081787},"MedianAbsDev":{"confidence_interval":{"confidence_level":0.95,"lower_bound":0.9326370011763132,"upper_bound":3.148770293044017},"point_estimate":1.7361194780285627,"standard_error":0.6244518100489049},"Slope":{"confidence_interval":{"confidence_level":0.95,"lower_bound":119.03615588798719,"upper_bound":122.68820732127931},"point_estimate":120.72839937050762,"standard_error":0.9285333800770154},"StdDev":{"confidence_interval":{"confidence_level":0.95,"lower_bound":1.7189058127807275,"upper_bound":4.381270685436104},"point_estimate":3.250887707238454,"standard_error":0.6800099104661274}}