{"Mean":{"confidence_interval":{"confidence_level":0.95,"lower_bound":34.261720443471155,"upper_bound":38.944163260957495},"point_estimate":36.451570290949945,"standard_error":1.200307702148057},"Median":{"confidence_interval":{"confidence_level":0.95,"lower_bound":32.216001521696114,"upper_bound":35.48927214477267},"point_estimate":32.78618344285451,"standard_error":1.0284822202301256},"MedianAbsDev":{"confidence_interval":{"confidence_level":0.95,"lower_bound":0.5903747602028662,"upper_bound":5.180821341587772},"point_estimate":1.9778803042988973,"standard_error":1.3097413486184548},"Slope":{"confidence_interval":{"confidence_level":0.95,"lower_bound":34.71936402392944,"upper_bound":40.23825071672923},"point_estimate":37.137411371484866,"standard_error":1.4185980734322425},"StdDev":{"confidence_interval":{"confidence_level":0.95,"lower_bound":4.221758045360678,"upper_bound":8.628457892897119},"point_estimate":6.893476288002169,"standard_error":1.132696617095335}}