{"Mean":{"confidence_interval":{"confidence_level":0.95,"lower_bound":14445032.556706866,"upper_bound":16810564.653221697},"point_estimate":15780035.380327191,"standard_error":607095.6063060072},"Median":{"confidence_interval":{"confidence_level":0.95,"lower_bound":16577256.0625,"upper_bound":17311484.619999997},"point_estimate":17044280.229310345,"standard_error":190278.42755636066},"MedianAbsDev":{"confidence_interval":{"confidence_level":0.95,"lower_bound":313824.49076134583,"upper_bound":1145606.2310072882},"point_estimate":614129.1849140141,"standard_error":209361.03911692873},"Slope":{"confidence_interval":{"confidence_level":0.95,"lower_bound":16977071.0897626,"upper_bound":17346679.934059978},"point_estimate":17173997.383916084,"standard_error":94138.18061386823},"StdDev":{"confidence_interval":{"confidence_level":0.95,"lower_bound":1112160.001933053,"upper_bound":4987528.303279487},"point_estimate":3475452.604750551,"standard_error":993850.9516872187}}