{"Mean":{"confidence_interval":{"confidence_level":0.95,"lower_bound":1088797.06187045,"upper_bound":1186601.6048807043},"point_estimate":1128945.951886037,"standard_error":25520.533154908982},"Median":{"confidence_interval":{"confidence_level":0.95,"lower_bound":1084870.3846153845,"upper_bound":1147698.0721153845},"point_estimate":1133695.939578005,"standard_error":16930.239159618857},"MedianAbsDev":{"confidence_interval":{"confidence_level":0.95,"lower_bound":19179.664155737613,"upper_bound":76499.24471511686},"point_estimate":39939.22548710042,"standard_error":16919.714055233653},"Slope":{"confidence_interval":{"confidence_level":0.95,"lower_bound":1134725.5557574506,"upper_bound":1150582.148924628},"point_estimate":1144140.8656796329,"standard_error":4057.8004889660187},"StdDev":{"confidence_interval":{"confidence_level":0.95,"lower_bound":42621.52681589451,"upper_bound":236866.3627485861},"point_estimate":146213.29382568685,"standard_error":60198.05975826537}}