{"Mean":{"confidence_interval":{"confidence_level":0.95,"lower_bound":958.4061127396567,"upper_bound":970.5348617372371},"point_estimate":963.8187082364597,"standard_error":3.1124068730385153},"Median":{"confidence_interval":{"confidence_level":0.95,"lower_bound":955.9003293887715,"upper_bound":956.7833012043593},"point_estimate":956.2810885996221,"standard_error":0.2702134268403298},"MedianAbsDev":{"confidence_interval":{"confidence_level":0.95,"lower_bound":0.5031930748867056,"upper_bound":1.7202688252051548},"point_estimate":0.9634174652044325,"standard_error":0.42122701419424846},"Slope":{"confidence_interval":{"confidence_level":0.95,"lower_bound":955.997488618703,"upper_bound":956.7725478211279},"point_estimate":956.349197934912,"standard_error":0.19740137575683495},"StdDev":{"confidence_interval":{"confidence_level":0.95,"lower_bound":8.15577471764754,"upper_bound":24.588970854554635},"point_estimate":17.8558696306608,"standard_error":4.230098164876526}}