{"Mean":{"confidence_interval":{"confidence_level":0.95,"lower_bound":-0.11024879080442217,"upper_bound":-0.04925501181700044},"point_estimate":-0.07825344473464557,"standard_error":0.015608304748703717},"Median":{"confidence_interval":{"confidence_level":0.95,"lower_bound":-0.06866003103043816,"upper_bound":-0.03117661424875251},"point_estimate":-0.05306216748885573,"standard_error":0.009881161152049848}}