{"Mean":{"confidence_interval":{"confidence_level":0.95,"lower_bound":27631641.714285713,"upper_bound":30317793.571428575},"point_estimate":28888583.85714286,"standard_error":680002.4519628228},"Median":{"confidence_interval":{"confidence_level":0.95,"lower_bound":27063085.714285713,"upper_bound":31319871.42857143},"point_estimate":28430608.57142857,"standard_error":1060308.369828373},"MedianAbsDev":{"confidence_interval":{"confidence_level":0.95,"lower_bound":0.0,"upper_bound":2210900.735748664},"point_estimate":2027489.3520048703,"standard_error":854152.597752262},"Slope":{"confidence_interval":{"confidence_level":0.95,"lower_bound":28208488.57142857,"upper_bound":30515492.653061226},"point_estimate":29239422.33766234,"standard_error":606204.3886339689},"StdDev":{"confidence_interval":{"confidence_level":0.95,"lower_bound":484391.72817555256,"upper_bound":2155421.2548169647},"point_estimate":1697093.72900481,"standard_error":436141.793213079}}