{"Mean":{"confidence_interval":{"confidence_level":0.95,"lower_bound":2151094.4855008777,"upper_bound":2361895.4894259707},"point_estimate":2255359.46699544,"standard_error":53790.75106868748},"Median":{"confidence_interval":{"confidence_level":0.95,"lower_bound":2099686.842105263,"upper_bound":2399102.083333333},"point_estimate":2208635.2173913047,"standard_error":57876.05611689625},"MedianAbsDev":{"confidence_interval":{"confidence_level":0.95,"lower_bound":161856.56624927867,"upper_bound":398968.5354168926},"point_estimate":342741.25371947454,"standard_error":69166.01903874998},"Slope":{"confidence_interval":{"confidence_level":0.95,"lower_bound":2194559.996744723,"upper_bound":2375163.8305595336},"point_estimate":2287774.320465362,"standard_error":46281.662703624985},"StdDev":{"confidence_interval":{"confidence_level":0.95,"lower_bound":213552.62316126673,"upper_bound":373747.2809012573},"point_estimate":299392.04547223577,"standard_error":41302.71309448596}}