{"Mean":{"confidence_interval":{"confidence_level":0.95,"lower_bound":54690.8002671386,"upper_bound":55653.18259238408},"point_estimate":55070.00930655167,"standard_error":256.7351073543088},"Median":{"confidence_interval":{"confidence_level":0.95,"lower_bound":54623.4771313364,"upper_bound":55202.89880952381},"point_estimate":54994.087797619046,"standard_error":155.55397482993362},"MedianAbsDev":{"confidence_interval":{"confidence_level":0.95,"lower_bound":158.5365399738721,"upper_bound":808.6087673023475},"point_estimate":352.954069791511,"standard_error":169.59695189556092},"Slope":{"confidence_interval":{"confidence_level":0.95,"lower_bound":54521.21517485236,"upper_bound":54861.78010100368},"point_estimate":54693.599102980355,"standard_error":87.11200019881039},"StdDev":{"confidence_interval":{"confidence_level":0.95,"lower_bound":426.41823207011953,"upper_bound":2395.2876625527997},"point_estimate":1468.426306347024,"standard_error":652.3471731936907}}