{"Mean":{"confidence_interval":{"confidence_level":0.95,"lower_bound":163.28478515578362,"upper_bound":171.4787388056241},"point_estimate":167.33745262075357,"standard_error":2.0911416279571102},"Median":{"confidence_interval":{"confidence_level":0.95,"lower_bound":156.31558831558831,"upper_bound":174.38028739049147},"point_estimate":167.73241871052932,"standard_error":5.702062331263799},"MedianAbsDev":{"confidence_interval":{"confidence_level":0.95,"lower_bound":2.948512261915792,"upper_bound":21.104639597705717},"point_estimate":17.352617376262884,"standard_error":5.552844573375075},"Slope":{"confidence_interval":{"confidence_level":0.95,"lower_bound":157.69528195106273,"upper_bound":163.52420549125907},"point_estimate":160.31862737414684,"standard_error":1.5007942502828153},"StdDev":{"confidence_interval":{"confidence_level":0.95,"lower_bound":9.928367507290288,"upper_bound":13.477415880285708},"point_estimate":12.017773633757866,"standard_error":0.9050966303536332}}