{"Mean":{"confidence_interval":{"confidence_level":0.95,"lower_bound":-0.19101251678235653,"upper_bound":-0.12068468922746968},"point_estimate":-0.1560120877240052,"standard_error":0.017988718895323785},"Median":{"confidence_interval":{"confidence_level":0.95,"lower_bound":-0.1927388668970974,"upper_bound":-0.1139043518591526},"point_estimate":-0.15211830543501093,"standard_error":0.01911803197238524}}