{"Mean":{"confidence_interval":{"confidence_level":0.95,"lower_bound":2037104.3876043088,"upper_bound":2203845.9974261234},"point_estimate":2114891.8666160507,"standard_error":42593.53262764433},"Median":{"confidence_interval":{"confidence_level":0.95,"lower_bound":2005827.3946360154,"upper_bound":2161846.875},"point_estimate":2076655.2631578948,"standard_error":57024.21773027992},"MedianAbsDev":{"confidence_interval":{"confidence_level":0.95,"lower_bound":101899.4863488172,"upper_bound":246997.59510273192},"point_estimate":164102.19583660358,"standard_error":34753.80691780958},"Slope":{"confidence_interval":{"confidence_level":0.95,"lower_bound":2034057.7145271008,"upper_bound":2149756.6985177076},"point_estimate":2091653.6541512427,"standard_error":29596.46042485893},"StdDev":{"confidence_interval":{"confidence_level":0.95,"lower_bound":136489.71660847942,"upper_bound":311946.5859734688},"point_estimate":238006.4861574928,"standard_error":44714.85656571164}}