{"Mean":{"confidence_interval":{"confidence_level":0.95,"lower_bound":133631.85618289473,"upper_bound":138305.9522197778},"point_estimate":135430.462845843,"standard_error":1263.6312653549435},"Median":{"confidence_interval":{"confidence_level":0.95,"lower_bound":134086.3392857143,"upper_bound":134893.57142857142},"point_estimate":134315.36478227656,"standard_error":242.31671159239545},"MedianAbsDev":{"confidence_interval":{"confidence_level":0.95,"lower_bound":644.4014885595835,"upper_bound":3058.2916193886854},"point_estimate":1323.1179926389798,"standard_error":697.2921772105723},"Slope":{"confidence_interval":{"confidence_level":0.95,"lower_bound":132206.564398047,"upper_bound":134067.00962092364},"point_estimate":133057.47102897102,"standard_error":475.15553769483705},"StdDev":{"confidence_interval":{"confidence_level":0.95,"lower_bound":1722.403919278767,"upper_bound":11947.12551956817},"point_estimate":7267.507428865089,"standard_error":3415.4540611594066}}