{"Mean":{"confidence_interval":{"confidence_level":0.95,"lower_bound":243.59683598972282,"upper_bound":245.07749929665093},"point_estimate":244.30311131089627,"standard_error":0.3795806011579518},"Median":{"confidence_interval":{"confidence_level":0.95,"lower_bound":242.90441354902566,"upper_bound":244.6146051501987},"point_estimate":243.85358246805947,"standard_error":0.3994776003333571},"MedianAbsDev":{"confidence_interval":{"confidence_level":0.95,"lower_bound":0.9954761319157945,"upper_bound":2.493542213986863},"point_estimate":1.9334790671324191,"standard_error":0.41485552004419995},"Slope":{"confidence_interval":{"confidence_level":0.95,"lower_bound":243.01615278230898,"upper_bound":244.64935467111803},"point_estimate":243.71582176209793,"standard_error":0.4210354257529315},"StdDev":{"confidence_interval":{"confidence_level":0.95,"lower_bound":1.467932751932641,"upper_bound":2.675561488750219},"point_estimate":2.1803971239110966,"standard_error":0.31050091944372016}}