{"Mean":{"confidence_interval":{"confidence_level":0.95,"lower_bound":1209616.6297662975,"upper_bound":1246113.6826568265},"point_estimate":1227865.156211562,"standard_error":9403.23157577089},"Median":{"confidence_interval":{"confidence_level":0.95,"lower_bound":1198431.980319803,"upper_bound":1252304.1328413284},"point_estimate":1224114.3911439115,"standard_error":16744.416035909064},"MedianAbsDev":{"confidence_interval":{"confidence_level":0.95,"lower_bound":0.0,"upper_bound":38076.741611825826},"point_estimate":38076.741611825826,"standard_error":13996.346659340628},"Slope":{"confidence_interval":{"confidence_level":0.95,"lower_bound":1203092.2509225092,"upper_bound":1251431.9655003778},"point_estimate":1239756.0214693055,"standard_error":12210.340229235504},"StdDev":{"confidence_interval":{"confidence_level":0.95,"lower_bound":8281.79412934227,"upper_bound":29008.11163827955},"point_estimate":23527.416122605147,"standard_error":5313.941562154784}}