{"Mean":{"confidence_interval":{"confidence_level":0.95,"lower_bound":91243.89869373018,"upper_bound":92982.13348076615},"point_estimate":92047.1553591172,"standard_error":444.3678168809622},"Median":{"confidence_interval":{"confidence_level":0.95,"lower_bound":90533.26806646182,"upper_bound":92414.00518623291},"point_estimate":91362.31587966488,"standard_error":662.6487159254508},"MedianAbsDev":{"confidence_interval":{"confidence_level":0.95,"lower_bound":907.6633747061977,"upper_bound":2898.982591226789},"point_estimate":1680.0245825374595,"standard_error":486.21038857683766},"Slope":{"confidence_interval":{"confidence_level":0.95,"lower_bound":90726.11044888389,"upper_bound":91869.97792099745},"point_estimate":91285.65368171432,"standard_error":292.3367617732746},"StdDev":{"confidence_interval":{"confidence_level":0.95,"lower_bound":1489.3239195073331,"upper_bound":3336.051085499603},"point_estimate":2545.0100088787867,"standard_error":472.33637213698876}}