{"Mean":{"confidence_interval":{"confidence_level":0.95,"lower_bound":81.54248134719528,"upper_bound":82.68881638271561},"point_estimate":82.07479930897829,"standard_error":0.2932372977353232},"Median":{"confidence_interval":{"confidence_level":0.95,"lower_bound":81.16245680677262,"upper_bound":82.15824993307129},"point_estimate":81.47437748940584,"standard_error":0.20001722637507754},"MedianAbsDev":{"confidence_interval":{"confidence_level":0.95,"lower_bound":0.48172025084307685,"upper_bound":1.6732534792347278},"point_estimate":1.0111715009237534,"standard_error":0.2684143619817248},"Slope":{"confidence_interval":{"confidence_level":0.95,"lower_bound":80.95827438697272,"upper_bound":81.37924618335784},"point_estimate":81.1408097407479,"standard_error":0.10730213547323868},"StdDev":{"confidence_interval":{"confidence_level":0.95,"lower_bound":0.9799428331099653,"upper_bound":2.2441223415164604},"point_estimate":1.6869857878232626,"standard_error":0.3270998179020294}}