{"Mean":{"confidence_interval":{"confidence_level":0.95,"lower_bound":-0.020403442992730607,"upper_bound":-0.00766698281057068},"point_estimate":-0.014648433696689445,"standard_error":0.0032953767519642695},"Median":{"confidence_interval":{"confidence_level":0.95,"lower_bound":-0.019849180550215006,"upper_bound":-0.01705338950330393},"point_estimate":-0.018359244121510798,"standard_error":0.0007576810827650867}}