{"Mean":{"confidence_interval":{"confidence_level":0.95,"lower_bound":12020936.641317204,"upper_bound":13769362.749374028},"point_estimate":13014822.44753317,"standard_error":455523.4332796701},"Median":{"confidence_interval":{"confidence_level":0.95,"lower_bound":13347725.483666062,"upper_bound":13934524.666666666},"point_estimate":13618853.366004962,"standard_error":161111.84952558263},"MedianAbsDev":{"confidence_interval":{"confidence_level":0.95,"lower_bound":376235.4389718751,"upper_bound":885291.8221813892},"point_estimate":629770.8592182895,"standard_error":125418.93864175532},"Slope":{"confidence_interval":{"confidence_level":0.95,"lower_bound":13522538.610266732,"upper_bound":13881862.612956244},"point_estimate":13696759.028758742,"standard_error":91143.64192623392},"StdDev":{"confidence_interval":{"confidence_level":0.95,"lower_bound":538761.4686877064,"upper_bound":3845386.8523470783},"point_estimate":2620178.7469043406,"standard_error":854866.5628664856}}