{"Mean":{"confidence_interval":{"confidence_level":0.95,"lower_bound":58740.89921708943,"upper_bound":60472.07152771958},"point_estimate":59599.23589672086,"standard_error":442.9336648462318},"Median":{"confidence_interval":{"confidence_level":0.95,"lower_bound":57519.270440251574,"upper_bound":61433.58965371517},"point_estimate":58600.22111047583,"standard_error":1078.0966749631716},"MedianAbsDev":{"confidence_interval":{"confidence_level":0.95,"lower_bound":684.4664266498294,"upper_bound":4082.4868680964482},"point_estimate":2242.8912111955506,"standard_error":997.1059498888035},"Slope":{"confidence_interval":{"confidence_level":0.95,"lower_bound":58868.45224317217,"upper_bound":61261.96421844996},"point_estimate":60094.07052216651,"standard_error":613.2539911883846},"StdDev":{"confidence_interval":{"confidence_level":0.95,"lower_bound":2139.898946239402,"upper_bound":2776.350287214869},"point_estimate":2546.4843205554457,"standard_error":162.0045878560643}}