{"Mean":{"confidence_interval":{"confidence_level":0.95,"lower_bound":157090.16875909452,"upper_bound":166215.5857567426},"point_estimate":161451.06201815873,"standard_error":2333.770101372278},"Median":{"confidence_interval":{"confidence_level":0.95,"lower_bound":155726.12538427755,"upper_bound":163375.94760312152},"point_estimate":156917.325428195,"standard_error":1723.643144753578},"MedianAbsDev":{"confidence_interval":{"confidence_level":0.95,"lower_bound":2212.959518683128,"upper_bound":14716.80693240034},"point_estimate":5823.445743295088,"standard_error":3760.468928096083},"Slope":{"confidence_interval":{"confidence_level":0.95,"lower_bound":150727.07311613043,"upper_bound":158259.84174133503},"point_estimate":154418.9843576361,"standard_error":1921.7049292063375},"StdDev":{"confidence_interval":{"confidence_level":0.95,"lower_bound":8449.745717327505,"upper_bound":16406.242119362905},"point_estimate":13015.84355507994,"standard_error":2030.943975592556}}