{"Mean":{"confidence_interval":{"confidence_level":0.95,"lower_bound":1112.1180903777035,"upper_bound":1136.8676776480584},"point_estimate":1123.9376870481574,"standard_error":6.314214101873976},"Median":{"confidence_interval":{"confidence_level":0.95,"lower_bound":1103.223137452122,"upper_bound":1123.6343076594837},"point_estimate":1110.3734986633867,"standard_error":5.571717535648882},"MedianAbsDev":{"confidence_interval":{"confidence_level":0.95,"lower_bound":9.502643846655898,"upper_bound":41.29812224526293},"point_estimate":18.900409759958773,"standard_error":8.05322382505373},"Slope":{"confidence_interval":{"confidence_level":0.95,"lower_bound":1120.9067481290429,"upper_bound":1158.5236514429712},"point_estimate":1141.2116121224622,"standard_error":9.603463111367585},"StdDev":{"confidence_interval":{"confidence_level":0.95,"lower_bound":24.396229610599384,"upper_bound":42.89844507025732},"point_estimate":35.14864240092889,"standard_error":4.702884962709922}}