{"Mean":{"confidence_interval":{"confidence_level":0.95,"lower_bound":8.230458385907745,"upper_bound":9.034682682227954},"point_estimate":8.623341386539565,"standard_error":0.205817722141519},"Median":{"confidence_interval":{"confidence_level":0.95,"lower_bound":7.575388227234146,"upper_bound":9.280942900465577},"point_estimate":8.196228181861553,"standard_error":0.4595970325609102},"MedianAbsDev":{"confidence_interval":{"confidence_level":0.95,"lower_bound":0.19175642694402403,"upper_bound":1.9146514868724958},"point_estimate":1.021501853191798,"standard_error":0.5172956304255595},"Slope":{"confidence_interval":{"confidence_level":0.95,"lower_bound":7.65087501609044,"upper_bound":7.961930310762972},"point_estimate":7.767408071186673,"standard_error":0.07961999729967655},"StdDev":{"confidence_interval":{"confidence_level":0.95,"lower_bound":0.9733499948455324,"upper_bound":1.3147481859142016},"point_estimate":1.186499638887516,"standard_error":0.08697263369716444}}