{"Mean":{"confidence_interval":{"confidence_level":0.95,"lower_bound":1185.6977328316586,"upper_bound":1205.7152801074399},"point_estimate":1193.5207383077097,"standard_error":5.393343773565326},"Median":{"confidence_interval":{"confidence_level":0.95,"lower_bound":1182.2113871894119,"upper_bound":1193.1436939692844},"point_estimate":1187.7662213343322,"standard_error":2.776247974580016},"MedianAbsDev":{"confidence_interval":{"confidence_level":0.95,"lower_bound":6.8867650395844535,"upper_bound":16.98100541709346},"point_estimate":10.524897820501051,"standard_error":2.802011711782718},"Slope":{"confidence_interval":{"confidence_level":0.95,"lower_bound":1184.699301194316,"upper_bound":1194.0018255682953},"point_estimate":1189.044036134611,"standard_error":2.3781726777525103},"StdDev":{"confidence_interval":{"confidence_level":0.95,"lower_bound":8.639511572654321,"upper_bound":50.562694131374585},"point_estimate":31.05734273212601,"standard_error":14.026953863167643}}