{"Mean":{"confidence_interval":{"confidence_level":0.95,"lower_bound":150307744.0,"upper_bound":160805670.0},"point_estimate":155970358.0,"standard_error":2687409.7850890667},"Median":{"confidence_interval":{"confidence_level":0.95,"lower_bound":146389640.0,"upper_bound":160996800.0},"point_estimate":160095550.0,"standard_error":4799553.968618817},"MedianAbsDev":{"confidence_interval":{"confidence_level":0.95,"lower_bound":0.0,"upper_bound":7428656.12411499},"point_estimate":1336193.2262778282,"standard_error":2826952.116716938},"Slope":{"confidence_interval":{"confidence_level":0.95,"lower_bound":147419815.2173913,"upper_bound":160826191.66666666},"point_estimate":151495447.27272728,"standard_error":3473594.979676171},"StdDev":{"confidence_interval":{"confidence_level":0.95,"lower_bound":397202.044934313,"upper_bound":7990746.712972449},"point_estimate":6707295.474542627,"standard_error":1921733.4408288803}}