{"Mean":{"confidence_interval":{"confidence_level":0.95,"lower_bound":1062.2847453874158,"upper_bound":1095.516465121602},"point_estimate":1077.9400980346156,"standard_error":8.493674974335892},"Median":{"confidence_interval":{"confidence_level":0.95,"lower_bound":1042.717454666154,"upper_bound":1082.7469382847526},"point_estimate":1064.6790104256515,"standard_error":13.684647309500955},"MedianAbsDev":{"confidence_interval":{"confidence_level":0.95,"lower_bound":10.449799988219429,"upper_bound":59.42876865606225},"point_estimate":36.369421212182445,"standard_error":14.350241813297929},"Slope":{"confidence_interval":{"confidence_level":0.95,"lower_bound":1059.071034939086,"upper_bound":1109.006897574281},"point_estimate":1083.0667111909972,"standard_error":12.78443183069885},"StdDev":{"confidence_interval":{"confidence_level":0.95,"lower_bound":32.368580654714876,"upper_bound":59.44425429442732},"point_estimate":48.70894467313094,"standard_error":6.934238068566776}}