{"Mean":{"confidence_interval":{"confidence_level":0.95,"lower_bound":117031.47800062697,"upper_bound":122961.4080075397},"point_estimate":119639.43463362008,"standard_error":1522.9737982888814},"Median":{"confidence_interval":{"confidence_level":0.95,"lower_bound":116009.3625,"upper_bound":118669.77434210526},"point_estimate":116769.64,"standard_error":776.1221737125245},"MedianAbsDev":{"confidence_interval":{"confidence_level":0.95,"lower_bound":1735.285605859174,"upper_bound":4470.1330087162},"point_estimate":2972.402544520968,"standard_error":614.2434300982534},"Slope":{"confidence_interval":{"confidence_level":0.95,"lower_bound":116098.00972448809,"upper_bound":117611.5841983366},"point_estimate":116850.55464597902,"standard_error":386.69762371489225},"StdDev":{"confidence_interval":{"confidence_level":0.95,"lower_bound":2350.8743129522886,"upper_bound":12505.67052497834},"point_estimate":8759.34735374538,"standard_error":2426.6424091001513}}