{"Mean":{"confidence_interval":{"confidence_level":0.95,"lower_bound":135.47009279450384,"upper_bound":142.82413224981133},"point_estimate":138.87895532920513,"standard_error":1.8796075912725232},"Median":{"confidence_interval":{"confidence_level":0.95,"lower_bound":133.12146166640267,"upper_bound":135.48095992396642},"point_estimate":133.5996389284897,"standard_error":0.631459463570994},"MedianAbsDev":{"confidence_interval":{"confidence_level":0.95,"lower_bound":0.6420009242319942,"upper_bound":4.393937222741526},"point_estimate":1.2760383058111753,"standard_error":1.0459412471719447},"Slope":{"confidence_interval":{"confidence_level":0.95,"lower_bound":136.1623948999827,"upper_bound":146.55035115666962},"point_estimate":140.8565916111055,"standard_error":2.6590738269681897},"StdDev":{"confidence_interval":{"confidence_level":0.95,"lower_bound":6.380460443493385,"upper_bound":13.706557683520353},"point_estimate":10.784158494630558,"standard_error":1.8798463010976632}}