{"Mean":{"confidence_interval":{"confidence_level":0.95,"lower_bound":28299.505059954077,"upper_bound":28693.871247555064},"point_estimate":28488.925248745643,"standard_error":105.04691995031973},"Median":{"confidence_interval":{"confidence_level":0.95,"lower_bound":28159.486350880175,"upper_bound":28859.57989624968},"point_estimate":28534.943447572074,"standard_error":149.04329858778294},"MedianAbsDev":{"confidence_interval":{"confidence_level":0.95,"lower_bound":0.0,"upper_bound":481.3059902645313},"point_estimate":294.83553724372655,"standard_error":170.3336918873313},"Slope":{"confidence_interval":{"confidence_level":0.95,"lower_bound":28321.007637856903,"upper_bound":28564.624028700433},"point_estimate":28428.847227268863,"standard_error":67.64367595994159},"StdDev":{"confidence_interval":{"confidence_level":0.95,"lower_bound":93.82870333535871,"upper_bound":350.6248878122437},"point_estimate":262.535339492578,"standard_error":70.07771493085731}}