{"Mean":{"confidence_interval":{"confidence_level":0.95,"lower_bound":61.45922589555085,"upper_bound":62.25484082213805},"point_estimate":61.800637132842425,"standard_error":0.20634030454884975},"Median":{"confidence_interval":{"confidence_level":0.95,"lower_bound":61.26031832599466,"upper_bound":61.770769011020406},"point_estimate":61.41796109379622,"standard_error":0.1494740652994579},"MedianAbsDev":{"confidence_interval":{"confidence_level":0.95,"lower_bound":0.27461619638155144,"upper_bound":0.7868584426145895},"point_estimate":0.5289918983579595,"standard_error":0.13425904844849249},"Slope":{"confidence_interval":{"confidence_level":0.95,"lower_bound":61.16586448560241,"upper_bound":61.448609931539536},"point_estimate":61.29073988669047,"standard_error":0.0730490659685171},"StdDev":{"confidence_interval":{"confidence_level":0.95,"lower_bound":0.4132935006627677,"upper_bound":1.7975457268525434},"point_estimate":1.1887070715104713,"standard_error":0.3921210281181187}}