{"Mean":{"confidence_interval":{"confidence_level":0.95,"lower_bound":90829.43094996529,"upper_bound":93281.8066412058},"point_estimate":91879.75942977527,"standard_error":634.1509623010492},"Median":{"confidence_interval":{"confidence_level":0.95,"lower_bound":90656.18678461539,"upper_bound":92020.76},"point_estimate":90956.88229946524,"standard_error":379.6139134890194},"MedianAbsDev":{"confidence_interval":{"confidence_level":0.95,"lower_bound":803.6090041330933,"upper_bound":2294.826060658693},"point_estimate":1619.4393036274512,"standard_error":381.78347953334566},"Slope":{"confidence_interval":{"confidence_level":0.95,"lower_bound":90208.17644133708,"upper_bound":91078.5581854404},"point_estimate":90631.49566520979,"standard_error":221.9662088074174},"StdDev":{"confidence_interval":{"confidence_level":0.95,"lower_bound":1252.975547501989,"upper_bound":5532.687866907857},"point_estimate":3644.476053112943,"standard_error":1202.041752457983}}