{"Mean":{"confidence_interval":{"confidence_level":0.95,"lower_bound":-0.057297579383136,"upper_bound":-0.021109996811304755},"point_estimate":-0.04159792004049678,"standard_error":0.009349460353459415},"Median":{"confidence_interval":{"confidence_level":0.95,"lower_bound":-0.05341510227918837,"upper_bound":-0.04217670374830951},"point_estimate":-0.048335270656197915,"standard_error":0.002878493338040628}}