{"Mean":{"confidence_interval":{"confidence_level":0.95,"lower_bound":196926.7851370217,"upper_bound":199041.64967323287},"point_estimate":197944.993119223,"standard_error":537.7991160266328},"Median":{"confidence_interval":{"confidence_level":0.95,"lower_bound":196394.72883597884,"upper_bound":198678.3564814815},"point_estimate":197310.101010101,"standard_error":575.967612092628},"MedianAbsDev":{"confidence_interval":{"confidence_level":0.95,"lower_bound":1182.3734790086746,"upper_bound":3353.9521274212516},"point_estimate":2261.727614167297,"standard_error":540.801688629298},"Slope":{"confidence_interval":{"confidence_level":0.95,"lower_bound":197066.65384924016,"upper_bound":199143.12522989177},"point_estimate":198050.31592142116,"standard_error":533.6182700066265},"StdDev":{"confidence_interval":{"confidence_level":0.95,"lower_bound":1960.6660731420432,"upper_bound":3789.2864457260403},"point_estimate":2994.5126192496864,"standard_error":468.1505824415749}}