{"Mean":{"confidence_interval":{"confidence_level":0.95,"lower_bound":0.044142999962895425,"upper_bound":0.050429796459848845},"point_estimate":0.04726340767530268,"standard_error":0.0015990648886932126},"Median":{"confidence_interval":{"confidence_level":0.95,"lower_bound":0.04506766766124559,"upper_bound":0.051726704885411534},"point_estimate":0.047910363104521014,"standard_error":0.0016989727532169742}}