{"Mean":{"confidence_interval":{"confidence_level":0.95,"lower_bound":1854.0843930661017,"upper_bound":1911.997412122278},"point_estimate":1883.6494958101764,"standard_error":14.78086517520913},"Median":{"confidence_interval":{"confidence_level":0.95,"lower_bound":1823.6889276188167,"upper_bound":1938.6338947182787},"point_estimate":1911.569641125121,"standard_error":26.104238512216156},"MedianAbsDev":{"confidence_interval":{"confidence_level":0.95,"lower_bound":35.70321712559815,"upper_bound":128.48000843791812},"point_estimate":103.01111088214749,"standard_error":29.303993767614266},"Slope":{"confidence_interval":{"confidence_level":0.95,"lower_bound":1820.46318952377,"upper_bound":1890.7326561381092},"point_estimate":1855.334838163776,"standard_error":17.979356315719926},"StdDev":{"confidence_interval":{"confidence_level":0.95,"lower_bound":70.6033152463246,"upper_bound":93.40417148803837},"point_estimate":84.8276430774203,"standard_error":5.795708704267317}}