{"Mean":{"confidence_interval":{"confidence_level":0.95,"lower_bound":424.5166194464408,"upper_bound":434.56632747503573},"point_estimate":428.6834998547544,"standard_error":2.6196680447739844},"Median":{"confidence_interval":{"confidence_level":0.95,"lower_bound":421.7582759613209,"upper_bound":428.7225493707102},"point_estimate":424.9654010649904,"standard_error":2.002652336922706},"MedianAbsDev":{"confidence_interval":{"confidence_level":0.95,"lower_bound":3.6904672618826,"upper_bound":9.92784466562953},"point_estimate":6.774443936367596,"standard_error":1.5840895474257093},"Slope":{"confidence_interval":{"confidence_level":0.95,"lower_bound":421.97728387591235,"upper_bound":425.2370981992072},"point_estimate":423.5346959600774,"standard_error":0.8348354456427871},"StdDev":{"confidence_interval":{"confidence_level":0.95,"lower_bound":5.314011525115928,"upper_bound":23.562685072495505},"point_estimate":15.046182703443295,"standard_error":5.708628199047027}}