{"Mean":{"confidence_interval":{"confidence_level":0.95,"lower_bound":391334.08676503226,"upper_bound":413820.07556580583},"point_estimate":400160.368905712,"standard_error":5977.072113481351},"Median":{"confidence_interval":{"confidence_level":0.95,"lower_bound":388344.875,"upper_bound":394450.8541666667},"point_estimate":389567.45436507935,"standard_error":2149.036887770612},"MedianAbsDev":{"confidence_interval":{"confidence_level":0.95,"lower_bound":1108.0227174380375,"upper_bound":8524.810854904354},"point_estimate":3283.6200044680086,"standard_error":2552.2947247208635},"Slope":{"confidence_interval":{"confidence_level":0.95,"lower_bound":389074.8716682617,"upper_bound":391559.0125011911},"point_estimate":390231.8479203089,"standard_error":634.8817679026968},"StdDev":{"confidence_interval":{"confidence_level":0.95,"lower_bound":4488.655752199821,"upper_bound":54584.13999548034},"point_estimate":34267.54317534237,"standard_error":14715.03159309471}}