{"Mean":{"confidence_interval":{"confidence_level":0.95,"lower_bound":29.750942604768536,"upper_bound":29.95552083231352},"point_estimate":29.843850930880834,"standard_error":0.05263803518256626},"Median":{"confidence_interval":{"confidence_level":0.95,"lower_bound":29.670623043386136,"upper_bound":29.82120579100755},"point_estimate":29.736643874000734,"standard_error":0.040151944465419455},"MedianAbsDev":{"confidence_interval":{"confidence_level":0.95,"lower_bound":0.056946641542747686,"upper_bound":0.22096336840898534},"point_estimate":0.13096248081538617,"standard_error":0.04319904270252083},"Slope":{"confidence_interval":{"confidence_level":0.95,"lower_bound":29.689729322630466,"upper_bound":29.786061830668807},"point_estimate":29.734718043321177,"standard_error":0.02461128841687475},"StdDev":{"confidence_interval":{"confidence_level":0.95,"lower_bound":0.13221155522459138,"upper_bound":0.40222065874912183},"point_estimate":0.30173818274540853,"standard_error":0.06535397875776396}}