{"Mean":{"confidence_interval":{"confidence_level":0.95,"lower_bound":6.749805637949004,"upper_bound":6.764409035149151},"point_estimate":6.756509048441224,"standard_error":0.0037267142900249887},"Median":{"confidence_interval":{"confidence_level":0.95,"lower_bound":6.751013405434111,"upper_bound":6.759855656386209},"point_estimate":6.756805453784166,"standard_error":0.0024172686232554466},"MedianAbsDev":{"confidence_interval":{"confidence_level":0.95,"lower_bound":0.005948928804333493,"upper_bound":0.02317692648291688},"point_estimate":0.010695824122361799,"standard_error":0.004720683715512208},"Slope":{"confidence_interval":{"confidence_level":0.95,"lower_bound":6.747449268191821,"upper_bound":6.760008979282024},"point_estimate":6.7535323326029815,"standard_error":0.00320652142889226},"StdDev":{"confidence_interval":{"confidence_level":0.95,"lower_bound":0.011527977432674546,"upper_bound":0.031132493356379635},"point_estimate":0.021458944231822756,"standard_error":0.005462931698746205}}