{"Mean":{"confidence_interval":{"confidence_level":0.95,"lower_bound":117.48690636953323,"upper_bound":120.42861945893789},"point_estimate":118.57930600662475,"standard_error":0.8270398720563863},"Median":{"confidence_interval":{"confidence_level":0.95,"lower_bound":117.33015597278347,"upper_bound":117.88770317637284},"point_estimate":117.54504951942681,"standard_error":0.15406262033927054},"MedianAbsDev":{"confidence_interval":{"confidence_level":0.95,"lower_bound":0.3820192282556958,"upper_bound":0.8634810043677721},"point_estimate":0.5965395091776755,"standard_error":0.12447618526954075},"Slope":{"confidence_interval":{"confidence_level":0.95,"lower_bound":117.41203734939707,"upper_bound":117.77105885871774},"point_estimate":117.58908375453528,"standard_error":0.09140641351874583},"StdDev":{"confidence_interval":{"confidence_level":0.95,"lower_bound":0.47733704871445876,"upper_bound":7.84486411813416},"point_estimate":4.764043528538103,"standard_error":2.4164074437927656}}