{"Mean":{"confidence_interval":{"confidence_level":0.95,"lower_bound":-0.1751003953093564,"upper_bound":-0.13854938422116808},"point_estimate":-0.15788448994099014,"standard_error":0.00931832022092955},"Median":{"confidence_interval":{"confidence_level":0.95,"lower_bound":-0.18359101214689555,"upper_bound":-0.13738530658376047},"point_estimate":-0.16836672495917893,"standard_error":0.011783832988050035}}