{"Mean":{"confidence_interval":{"confidence_level":0.95,"lower_bound":54812421.10394522,"upper_bound":55576426.015719876},"point_estimate":55101881.18585949,"standard_error":210238.32126460862},"Median":{"confidence_interval":{"confidence_level":0.95,"lower_bound":54750297.90170941,"upper_bound":54908419.85714286},"point_estimate":54848415.53333333,"standard_error":37247.37240123401},"MedianAbsDev":{"confidence_interval":{"confidence_level":0.95,"lower_bound":116915.29703100178,"upper_bound":327643.37584316765},"point_estimate":251745.1119406249,"standard_error":52713.34470144404},"Slope":{"confidence_interval":{"confidence_level":0.95,"lower_bound":54792239.602422304,"upper_bound":54968032.267319344},"point_estimate":54875409.16984266,"standard_error":44956.45771126079},"StdDev":{"confidence_interval":{"confidence_level":0.95,"lower_bound":191749.50778597314,"upper_bound":1992785.055868361},"point_estimate":1213957.5200675288,"standard_error":590740.0516053692}}