{"Mean":{"confidence_interval":{"confidence_level":0.95,"lower_bound":2315.4987626575057,"upper_bound":2320.2880710710433},"point_estimate":2317.6583987614717,"standard_error":1.2336369353224546},"Median":{"confidence_interval":{"confidence_level":0.95,"lower_bound":2314.659096570761,"upper_bound":2317.412159146695},"point_estimate":2315.7036496686305,"standard_error":0.8370932795786833},"MedianAbsDev":{"confidence_interval":{"confidence_level":0.95,"lower_bound":1.974017066227847,"upper_bound":5.4971084321073835},"point_estimate":2.6961448583479237,"standard_error":0.873600197203519},"Slope":{"confidence_interval":{"confidence_level":0.95,"lower_bound":2314.3809033658163,"upper_bound":2317.0301916369476},"point_estimate":2315.6013847621452,"standard_error":0.6784382628585437},"StdDev":{"confidence_interval":{"confidence_level":0.95,"lower_bound":3.058167580155607,"upper_bound":9.929800459836922},"point_estimate":7.074750260857838,"standard_error":1.7472661018288906}}