{"Mean":{"confidence_interval":{"confidence_level":0.95,"lower_bound":317.84174986084037,"upper_bound":330.9160544084063},"point_estimate":323.6128602687178,"standard_error":3.3874743244171195},"Median":{"confidence_interval":{"confidence_level":0.95,"lower_bound":314.2182705015344,"upper_bound":323.3889949591377},"point_estimate":315.8821080459411,"standard_error":2.5719162027268236},"MedianAbsDev":{"confidence_interval":{"confidence_level":0.95,"lower_bound":2.48415485886843,"upper_bound":12.966265582429072},"point_estimate":5.758983851670686,"standard_error":2.783022624601195},"Slope":{"confidence_interval":{"confidence_level":0.95,"lower_bound":318.4538459955135,"upper_bound":327.98006615218003},"point_estimate":323.45272995079796,"standard_error":2.435379032147495},"StdDev":{"confidence_interval":{"confidence_level":0.95,"lower_bound":6.716497614534131,"upper_bound":28.01513937652912},"point_estimate":19.486607809327865,"standard_error":5.573782471020221}}