{"Mean":{"confidence_interval":{"confidence_level":0.95,"lower_bound":336387989.47305983,"upper_bound":387536219.9082139},"point_estimate":361595610.79356986,"standard_error":13012273.995774625},"Median":{"confidence_interval":{"confidence_level":0.95,"lower_bound":319377108.2962963,"upper_bound":400054700.7777778},"point_estimate":362367782.275641,"standard_error":20175238.09354796},"MedianAbsDev":{"confidence_interval":{"confidence_level":0.95,"lower_bound":53814602.03601787,"upper_bound":114608668.1174441},"point_estimate":96569869.64286669,"standard_error":16029963.19682759},"Slope":{"confidence_interval":{"confidence_level":0.95,"lower_bound":312140085.28339076,"upper_bound":371484953.1558047},"point_estimate":340765906.54755247,"standard_error":15206354.45996078},"StdDev":{"confidence_interval":{"confidence_level":0.95,"lower_bound":57880724.96822798,"upper_bound":88761620.32744558},"point_estimate":74858969.79316053,"standard_error":7937414.278758766}}