{"Mean":{"confidence_interval":{"confidence_level":0.95,"lower_bound":70.71518978911294,"upper_bound":78.02755060610929},"point_estimate":73.73667779472267,"standard_error":1.916106237196779},"Median":{"confidence_interval":{"confidence_level":0.95,"lower_bound":70.07200983332223,"upper_bound":71.73530987059209},"point_estimate":70.93116674441507,"standard_error":0.43160988052080634},"MedianAbsDev":{"confidence_interval":{"confidence_level":0.95,"lower_bound":1.098540297589348,"upper_bound":3.176905845813361},"point_estimate":1.8754211039046516,"standard_error":0.49857940111482296},"Slope":{"confidence_interval":{"confidence_level":0.95,"lower_bound":70.02591450295802,"upper_bound":81.28704497263561},"point_estimate":74.66294447790327,"standard_error":2.9447957350407576},"StdDev":{"confidence_interval":{"confidence_level":0.95,"lower_bound":1.9721879714873698,"upper_bound":17.16074200989521},"point_estimate":11.03037582915475,"standard_error":4.204974780525285}}