{"Mean":{"confidence_interval":{"confidence_level":0.95,"lower_bound":462.46417418827224,"upper_bound":470.22487650801787},"point_estimate":465.70699128021533,"standard_error":2.014655585165082},"Median":{"confidence_interval":{"confidence_level":0.95,"lower_bound":462.6091206751055,"upper_bound":465.7767694092827},"point_estimate":464.78164142692754,"standard_error":0.9710334216380536},"MedianAbsDev":{"confidence_interval":{"confidence_level":0.95,"lower_bound":2.593943896142345,"upper_bound":6.501590419377025},"point_estimate":4.459815435563487,"standard_error":0.975697096730919},"Slope":{"confidence_interval":{"confidence_level":0.95,"lower_bound":461.172081622538,"upper_bound":465.17321649699494},"point_estimate":463.17893015844913,"standard_error":1.0224525892422176},"StdDev":{"confidence_interval":{"confidence_level":0.95,"lower_bound":4.027138404775002,"upper_bound":18.27311389550816},"point_estimate":11.545547693286093,"standard_error":4.407971288958085}}