{"Mean":{"confidence_interval":{"confidence_level":0.95,"lower_bound":38266.66666206944,"upper_bound":40829.17848762787},"point_estimate":39275.82164959343,"standard_error":681.907487280352},"Median":{"confidence_interval":{"confidence_level":0.95,"lower_bound":38223.2116136495,"upper_bound":38319.39119433198},"point_estimate":38290.07309249455,"standard_error":24.13140700185962},"MedianAbsDev":{"confidence_interval":{"confidence_level":0.95,"lower_bound":63.030347061298436,"upper_bound":223.30363871486668},"point_estimate":109.28637729989768,"standard_error":40.397781524173816},"Slope":{"confidence_interval":{"confidence_level":0.95,"lower_bound":38257.195958644144,"upper_bound":38376.727504063216},"point_estimate":38310.241820729876,"standard_error":30.325563996669622},"StdDev":{"confidence_interval":{"confidence_level":0.95,"lower_bound":150.38300728207014,"upper_bound":6211.485028541206},"point_estimate":3911.3252936406925,"standard_error":1686.3971361024321}}