{"Mean":{"confidence_interval":{"confidence_level":0.95,"lower_bound":74340.57000612744,"upper_bound":75997.81479779413},"point_estimate":75169.19240196078,"standard_error":432.61940496321574},"Median":{"confidence_interval":{"confidence_level":0.95,"lower_bound":74017.63786764706,"upper_bound":76612.66084558824},"point_estimate":75220.9903492647,"standard_error":723.7056515584086},"MedianAbsDev":{"confidence_interval":{"confidence_level":0.95,"lower_bound":0.0,"upper_bound":1784.0903575723717},"point_estimate":1479.1875863310709,"standard_error":599.0993532258179},"Slope":{"confidence_interval":{"confidence_level":0.95,"lower_bound":74108.8957933717,"upper_bound":75497.39288744344},"point_estimate":74576.08372326203,"standard_error":377.5115345595789},"StdDev":{"confidence_interval":{"confidence_level":0.95,"lower_bound":446.18427805626766,"upper_bound":1348.8737926625934},"point_estimate":1080.4768297653457,"standard_error":253.5270532069924}}