{"Mean":{"confidence_interval":{"confidence_level":0.95,"lower_bound":-0.16998631630362784,"upper_bound":-0.09006431454529705},"point_estimate":-0.1296087079658086,"standard_error":0.020435170565777958},"Median":{"confidence_interval":{"confidence_level":0.95,"lower_bound":-0.10836831825486615,"upper_bound":-0.04742033365341447},"point_estimate":-0.08015039508444177,"standard_error":0.01991908112303415}}