{"Mean":{"confidence_interval":{"confidence_level":0.95,"lower_bound":19607.901578252993,"upper_bound":20286.797982275482},"point_estimate":19934.923900523252,"standard_error":173.09470396204497},"Median":{"confidence_interval":{"confidence_level":0.95,"lower_bound":19391.59663257928,"upper_bound":20156.420281995663},"point_estimate":19481.410008435767,"standard_error":236.41926353212062},"MedianAbsDev":{"confidence_interval":{"confidence_level":0.95,"lower_bound":560.2807310034087,"upper_bound":1371.8541572145882},"point_estimate":810.7810751502268,"standard_error":226.21134529489763},"Slope":{"confidence_interval":{"confidence_level":0.95,"lower_bound":19135.94335955215,"upper_bound":19499.428573217498},"point_estimate":19276.528471474296,"standard_error":92.91030197945857},"StdDev":{"confidence_interval":{"confidence_level":0.95,"lower_bound":731.2558760675071,"upper_bound":1168.12609181329},"point_estimate":991.9578628654979,"standard_error":111.57649537050102}}