{"Mean":{"confidence_interval":{"confidence_level":0.95,"lower_bound":27118.636188236465,"upper_bound":27212.759883730643},"point_estimate":27163.173612472794,"standard_error":24.071814056408673},"Median":{"confidence_interval":{"confidence_level":0.95,"lower_bound":27087.488026819923,"upper_bound":27182.12027914614},"point_estimate":27111.897057258408,"standard_error":26.61473838534361},"MedianAbsDev":{"confidence_interval":{"confidence_level":0.95,"lower_bound":60.93646049223571,"upper_bound":159.51736813962654},"point_estimate":103.66932725432775,"standard_error":24.268402771586945},"Slope":{"confidence_interval":{"confidence_level":0.95,"lower_bound":27103.604618993628,"upper_bound":27172.512312282262},"point_estimate":27138.061430954105,"standard_error":17.59847484113335},"StdDev":{"confidence_interval":{"confidence_level":0.95,"lower_bound":87.91914692046284,"upper_bound":175.1979154716443},"point_estimate":138.21599355663113,"standard_error":22.237795763995184}}