{"Mean":{"confidence_interval":{"confidence_level":0.95,"lower_bound":-0.48437822303467754,"upper_bound":-0.45217664144810227},"point_estimate":-0.4679311794456288,"standard_error":0.008234096665212092},"Median":{"confidence_interval":{"confidence_level":0.95,"lower_bound":-0.4663536927738907,"upper_bound":-0.44323119736834926},"point_estimate":-0.45638220017355946,"standard_error":0.0059178981745827836}}