{"Mean":{"confidence_interval":{"confidence_level":0.95,"lower_bound":17585.553378163855,"upper_bound":19699.641506196465},"point_estimate":18626.316892348485,"standard_error":540.7844895451932},"Median":{"confidence_interval":{"confidence_level":0.95,"lower_bound":16016.488996614342,"upper_bound":20297.069300818028},"point_estimate":17771.868967016264,"standard_error":1214.2284742895692},"MedianAbsDev":{"confidence_interval":{"confidence_level":0.95,"lower_bound":1016.1749623018881,"upper_bound":5104.002425744725},"point_estimate":3440.4716596241074,"standard_error":1253.3602863143267},"Slope":{"confidence_interval":{"confidence_level":0.95,"lower_bound":16044.278816801865,"upper_bound":17142.15403919387},"point_estimate":16529.708761442293,"standard_error":281.77219119787827},"StdDev":{"confidence_interval":{"confidence_level":0.95,"lower_bound":2587.6028990602813,"upper_bound":3444.797046545036},"point_estimate":3120.8017506862434,"standard_error":217.94804126851403}}