{"Mean":{"confidence_interval":{"confidence_level":0.95,"lower_bound":-0.2545135399595684,"upper_bound":-0.15629771949279428},"point_estimate":-0.19784263033981286,"standard_error":0.02680446270571061},"Median":{"confidence_interval":{"confidence_level":0.95,"lower_bound":-0.29814580531970436,"upper_bound":-0.143066198796149},"point_estimate":-0.16445596277951358,"standard_error":0.03304918370225277}}