{"Mean":{"confidence_interval":{"confidence_level":0.95,"lower_bound":890.82171796748,"upper_bound":914.9496967049432},"point_estimate":900.5831225648983,"standard_error":6.352731161276378},"Median":{"confidence_interval":{"confidence_level":0.95,"lower_bound":887.5954803161202,"upper_bound":899.7033182799921},"point_estimate":893.6457965180966,"standard_error":3.87202339296201},"MedianAbsDev":{"confidence_interval":{"confidence_level":0.95,"lower_bound":7.1851884068511485,"upper_bound":19.80051653030184},"point_estimate":12.31628253439353,"standard_error":2.929485994201475},"Slope":{"confidence_interval":{"confidence_level":0.95,"lower_bound":884.31637755262,"upper_bound":890.2670769060616},"point_estimate":887.0921893343256,"standard_error":1.5102332105967133},"StdDev":{"confidence_interval":{"confidence_level":0.95,"lower_bound":10.494610423289645,"upper_bound":57.897783296667505},"point_estimate":36.42781762371005,"standard_error":14.817914073174395}}