{"Mean":{"confidence_interval":{"confidence_level":0.95,"lower_bound":26115.959376437695,"upper_bound":26925.66258160007},"point_estimate":26427.423894995845,"standard_error":221.79990576877722},"Median":{"confidence_interval":{"confidence_level":0.95,"lower_bound":26221.64441972562,"upper_bound":26351.182079414837},"point_estimate":26292.88473818646,"standard_error":37.093182661252136},"MedianAbsDev":{"confidence_interval":{"confidence_level":0.95,"lower_bound":90.43055107652795,"upper_bound":376.72042607954546},"point_estimate":192.9991493951606,"standard_error":78.95965245538228},"Slope":{"confidence_interval":{"confidence_level":0.95,"lower_bound":26235.14548671887,"upper_bound":26341.506295987267},"point_estimate":26294.968225022105,"standard_error":27.00733147532472},"StdDev":{"confidence_interval":{"confidence_level":0.95,"lower_bound":255.12504458815698,"upper_bound":2108.5367666996694},"point_estimate":1276.6721183691832,"standard_error":615.42592856004}}