{"Mean":{"confidence_interval":{"confidence_level":0.95,"lower_bound":3613.7101161195083,"upper_bound":3621.2346192215914},"point_estimate":3617.2895026877886,"standard_error":1.9261909336418115},"Median":{"confidence_interval":{"confidence_level":0.95,"lower_bound":3611.3068757670535,"upper_bound":3619.71602048927},"point_estimate":3614.0504073581624,"standard_error":2.2430281564967203},"MedianAbsDev":{"confidence_interval":{"confidence_level":0.95,"lower_bound":4.732110577568293,"upper_bound":13.089102825208537},"point_estimate":8.366494221331951,"standard_error":2.121559957716248},"Slope":{"confidence_interval":{"confidence_level":0.95,"lower_bound":3612.093964623039,"upper_bound":3616.17170955557},"point_estimate":3613.977826474138,"standard_error":1.037951472556812},"StdDev":{"confidence_interval":{"confidence_level":0.95,"lower_bound":7.381613051132079,"upper_bound":13.798038866763754},"point_estimate":11.084972329935814,"standard_error":1.6422926967226559}}