{"Mean":{"confidence_interval":{"confidence_level":0.95,"lower_bound":255.67240185888397,"upper_bound":259.9091985137345},"point_estimate":257.6562179116482,"standard_error":1.0811564949058037},"Median":{"confidence_interval":{"confidence_level":0.95,"lower_bound":255.2780207236201,"upper_bound":258.7085437019307},"point_estimate":256.5489096415098,"standard_error":1.0578413341302364},"MedianAbsDev":{"confidence_interval":{"confidence_level":0.95,"lower_bound":2.389998819567053,"upper_bound":7.033681471153738},"point_estimate":3.6521870541488735,"standard_error":1.2038770782145716},"Slope":{"confidence_interval":{"confidence_level":0.95,"lower_bound":253.39853471488388,"upper_bound":256.2240040203993},"point_estimate":254.74981389578164,"standard_error":0.7235654470437832},"StdDev":{"confidence_interval":{"confidence_level":0.95,"lower_bound":3.6432936254433956,"upper_bound":8.374641361109022},"point_estimate":6.226741124937257,"standard_error":1.234118666097695}}