{"Mean":{"confidence_interval":{"confidence_level":0.95,"lower_bound":475.97465812288357,"upper_bound":484.20519438570204},"point_estimate":479.17273078397614,"standard_error":2.1826136118685606},"Median":{"confidence_interval":{"confidence_level":0.95,"lower_bound":475.4243263003969,"upper_bound":476.9002196704617},"point_estimate":476.0220711848558,"standard_error":0.35331175254074665},"MedianAbsDev":{"confidence_interval":{"confidence_level":0.95,"lower_bound":1.015782738389918,"upper_bound":3.121154980797561},"point_estimate":1.8789563979605406,"standard_error":0.5463884629257567},"Slope":{"confidence_interval":{"confidence_level":0.95,"lower_bound":475.46122415746487,"upper_bound":476.784610934698},"point_estimate":476.1141043825352,"standard_error":0.3382933910827203},"StdDev":{"confidence_interval":{"confidence_level":0.95,"lower_bound":1.7892430383338405,"upper_bound":20.01401210854272},"point_estimate":12.481254885619277,"standard_error":5.4688986409656595}}