{"Mean":{"confidence_interval":{"confidence_level":0.95,"lower_bound":62.31623815024648,"upper_bound":64.86781660792745},"point_estimate":63.50566729561197,"standard_error":0.6542916174143641},"Median":{"confidence_interval":{"confidence_level":0.95,"lower_bound":61.236848013427476,"upper_bound":63.46578157097694},"point_estimate":61.495552594267906,"standard_error":0.5524685536230224},"MedianAbsDev":{"confidence_interval":{"confidence_level":0.95,"lower_bound":0.4840906745246579,"upper_bound":3.616886105846596},"point_estimate":0.9164322182253306,"standard_error":0.7592200740928993},"Slope":{"confidence_interval":{"confidence_level":0.95,"lower_bound":62.14361734637982,"upper_bound":64.88290384234155},"point_estimate":63.30172187571957,"standard_error":0.7007475107359563},"StdDev":{"confidence_interval":{"confidence_level":0.95,"lower_bound":2.423331125506498,"upper_bound":4.593090806980125},"point_estimate":3.7591844339953746,"standard_error":0.55468357376058}}