{"Mean":{"confidence_interval":{"confidence_level":0.95,"lower_bound":21958823.692307692,"upper_bound":24049763.07692308},"point_estimate":23004293.384615384,"standard_error":528734.6871705983},"Median":{"confidence_interval":{"confidence_level":0.95,"lower_bound":21471911.53846154,"upper_bound":24522307.692307692},"point_estimate":23101476.923076924,"standard_error":942326.2225846992},"MedianAbsDev":{"confidence_interval":{"confidence_level":0.95,"lower_bound":0.0,"upper_bound":2106523.661063266},"point_estimate":1819250.528317231,"standard_error":686944.6062292699},"Slope":{"confidence_interval":{"confidence_level":0.95,"lower_bound":21864712.90743155,"upper_bound":23874452.95169946},"point_estimate":22727368.39160839,"standard_error":564039.3442618886},"StdDev":{"confidence_interval":{"confidence_level":0.95,"lower_bound":519180.7614835841,"upper_bound":1596408.0297067312},"point_estimate":1326178.3553541882,"standard_error":288068.0234143637}}