{"Mean":{"confidence_interval":{"confidence_level":0.95,"lower_bound":55536.860112359165,"upper_bound":57087.688184282946},"point_estimate":56205.01795437167,"standard_error":401.02882148579323},"Median":{"confidence_interval":{"confidence_level":0.95,"lower_bound":55180.751851851855,"upper_bound":55822.31812957158},"point_estimate":55212.16681818182,"standard_error":165.6030742604319},"MedianAbsDev":{"confidence_interval":{"confidence_level":0.95,"lower_bound":36.88453174186689,"upper_bound":996.2177128590578},"point_estimate":78.66968997766641,"standard_error":269.94020566119394},"Slope":{"confidence_interval":{"confidence_level":0.95,"lower_bound":55319.20954439731,"upper_bound":56748.497040808645},"point_estimate":55952.95040103835,"standard_error":369.3849763662805},"StdDev":{"confidence_interval":{"confidence_level":0.95,"lower_bound":783.5323357920431,"upper_bound":3450.0288745917046},"point_estimate":2301.5217134632253,"standard_error":739.6449575303182}}