{"Mean":{"confidence_interval":{"confidence_level":0.95,"lower_bound":138714.9126175115,"upper_bound":146782.02614539242},"point_estimate":142194.527690059,"standard_error":2088.0341352704727},"Median":{"confidence_interval":{"confidence_level":0.95,"lower_bound":137485.68076036865,"upper_bound":140373.0456632653},"point_estimate":138963.84116071428,"standard_error":705.4647046696382},"MedianAbsDev":{"confidence_interval":{"confidence_level":0.95,"lower_bound":1909.3149536495641,"upper_bound":4989.214922668822},"point_estimate":2972.3759665630964,"standard_error":747.5878312492298},"Slope":{"confidence_interval":{"confidence_level":0.95,"lower_bound":137846.34009029838,"upper_bound":139515.15308688604},"point_estimate":138643.80497252746,"standard_error":424.3752534721846},"StdDev":{"confidence_interval":{"confidence_level":0.95,"lower_bound":3102.1691556316714,"upper_bound":17702.91570075089},"point_estimate":11966.6950701903,"standard_error":3739.6534867719956}}