{"Mean":{"confidence_interval":{"confidence_level":0.95,"lower_bound":16553.881135517724,"upper_bound":16807.804759927756},"point_estimate":16676.935327761537,"standard_error":64.8810832575968},"Median":{"confidence_interval":{"confidence_level":0.95,"lower_bound":16478.785590277777,"upper_bound":16844.432508680555},"point_estimate":16618.473772321428,"standard_error":74.90721778481088},"MedianAbsDev":{"confidence_interval":{"confidence_level":0.95,"lower_bound":203.63328622853496,"upper_bound":464.96567498384576},"point_estimate":368.6862495194784,"standard_error":65.77022984328406},"Slope":{"confidence_interval":{"confidence_level":0.95,"lower_bound":16394.108736606064,"upper_bound":16585.25752771424},"point_estimate":16485.20392649392,"standard_error":48.5516834215712},"StdDev":{"confidence_interval":{"confidence_level":0.95,"lower_bound":253.91337906990844,"upper_bound":442.57872466519143},"point_estimate":361.2242117447885,"standard_error":48.16376409160955}}