{"Mean":{"confidence_interval":{"confidence_level":0.95,"lower_bound":7545.570560021639,"upper_bound":8237.620302775176},"point_estimate":7877.7010694071305,"standard_error":177.2426242179953},"Median":{"confidence_interval":{"confidence_level":0.95,"lower_bound":7026.5387726843455,"upper_bound":8134.879394892672},"point_estimate":7717.699481865286,"standard_error":326.0778385744007},"MedianAbsDev":{"confidence_interval":{"confidence_level":0.95,"lower_bound":205.43936409294858,"upper_bound":1558.521390878768},"point_estimate":1045.2748908397411,"standard_error":365.2852091062135},"Slope":{"confidence_interval":{"confidence_level":0.95,"lower_bound":7105.270836481858,"upper_bound":7459.019523672829},"point_estimate":7246.896532935976,"standard_error":90.50583858955109},"StdDev":{"confidence_interval":{"confidence_level":0.95,"lower_bound":717.6210017921007,"upper_bound":1292.0207688290698},"point_estimate":1020.0968276528466,"standard_error":151.40321335651052}}