{"Mean":{"confidence_interval":{"confidence_level":0.95,"lower_bound":552.0638655156843,"upper_bound":560.2679406379743},"point_estimate":555.9675366885328,"standard_error":2.093832012960567},"Median":{"confidence_interval":{"confidence_level":0.95,"lower_bound":550.7337106257279,"upper_bound":556.8076479424861},"point_estimate":552.7105761105746,"standard_error":1.7977263097855656},"MedianAbsDev":{"confidence_interval":{"confidence_level":0.95,"lower_bound":4.8105100423526395,"upper_bound":16.302494291688603},"point_estimate":10.010826330247358,"standard_error":2.9929087753653127},"Slope":{"confidence_interval":{"confidence_level":0.95,"lower_bound":548.1488502775443,"upper_bound":553.4777131611725},"point_estimate":550.7787006737227,"standard_error":1.3516767299043995},"StdDev":{"confidence_interval":{"confidence_level":0.95,"lower_bound":8.192817695707056,"upper_bound":15.224478445759722},"point_estimate":11.98873319018585,"standard_error":1.8217949261225974}}