{"Mean":{"confidence_interval":{"confidence_level":0.95,"lower_bound":551.0719025889503,"upper_bound":562.0735368654804},"point_estimate":555.1173822277731,"standard_error":3.164861082399721},"Median":{"confidence_interval":{"confidence_level":0.95,"lower_bound":551.4642254502769,"upper_bound":552.4768319821968},"point_estimate":552.1375979822365,"standard_error":0.2739365106554301},"MedianAbsDev":{"confidence_interval":{"confidence_level":0.95,"lower_bound":0.5651998135976702,"upper_bound":2.237343059403486},"point_estimate":1.0255198959259453,"standard_error":0.43119334871319215},"Slope":{"confidence_interval":{"confidence_level":0.95,"lower_bound":549.4739869474381,"upper_bound":551.7402450595721},"point_estimate":550.6731755540299,"standard_error":0.5790527588385092},"StdDev":{"confidence_interval":{"confidence_level":0.95,"lower_bound":2.1542991908138887,"upper_bound":30.251308600633998},"point_estimate":18.168174922211012,"standard_error":9.582781113456116}}