{"Mean":{"confidence_interval":{"confidence_level":0.95,"lower_bound":229.89046622003573,"upper_bound":233.73383250843602},"point_estimate":231.51659856630613,"standard_error":0.9954840205830847},"Median":{"confidence_interval":{"confidence_level":0.95,"lower_bound":229.57284926598484,"upper_bound":230.92565021468826},"point_estimate":229.95420548994034,"standard_error":0.40023053648735324},"MedianAbsDev":{"confidence_interval":{"confidence_level":0.95,"lower_bound":1.043382483671455,"upper_bound":3.163296734588632},"point_estimate":1.776898277444461,"standard_error":0.5611818870286973},"Slope":{"confidence_interval":{"confidence_level":0.95,"lower_bound":229.40776583924765,"upper_bound":230.45741886556215},"point_estimate":229.98223060922066,"standard_error":0.2674964753601999},"StdDev":{"confidence_interval":{"confidence_level":0.95,"lower_bound":1.9846640152269923,"upper_bound":8.821773465066466},"point_estimate":5.749677399828702,"standard_error":2.006023736406318}}