{"Mean":{"confidence_interval":{"confidence_level":0.95,"lower_bound":-0.19082304787382254,"upper_bound":-0.16059142098829227},"point_estimate":-0.17677310831354254,"standard_error":0.007865518856511568},"Median":{"confidence_interval":{"confidence_level":0.95,"lower_bound":-0.1823574403835425,"upper_bound":-0.17445331212450133},"point_estimate":-0.17864075445288696,"standard_error":0.002015052389931745}}