{"Mean":{"confidence_interval":{"confidence_level":0.95,"lower_bound":40.92869028020048,"upper_bound":41.99793679019052},"point_estimate":41.36606995392666,"standard_error":0.2815815147395756},"Median":{"confidence_interval":{"confidence_level":0.95,"lower_bound":40.83167337465219,"upper_bound":41.174724235626556},"point_estimate":40.89841312493469,"standard_error":0.08575274001760226},"MedianAbsDev":{"confidence_interval":{"confidence_level":0.95,"lower_bound":0.16571383205243498,"upper_bound":0.709116684217262},"point_estimate":0.3446426709758276,"standard_error":0.1461027551463634},"Slope":{"confidence_interval":{"confidence_level":0.95,"lower_bound":41.03548948221006,"upper_bound":41.71289611598216},"point_estimate":41.386877134912204,"standard_error":0.17329065833002905},"StdDev":{"confidence_interval":{"confidence_level":0.95,"lower_bound":0.5293672538792906,"upper_bound":2.5787195721376026},"point_estimate":1.6212217670435596,"standard_error":0.656517606289316}}