{"Mean":{"confidence_interval":{"confidence_level":0.95,"lower_bound":24319.988161373865,"upper_bound":25291.75904464906},"point_estimate":24707.68445187286,"standard_error":257.9629525193287},"Median":{"confidence_interval":{"confidence_level":0.95,"lower_bound":24034.436875567666,"upper_bound":24794.43363176333},"point_estimate":24712.02403409488,"standard_error":244.73243306334626},"MedianAbsDev":{"confidence_interval":{"confidence_level":0.95,"lower_bound":260.19029181575615,"upper_bound":1026.69788308228},"point_estimate":765.5252348700573,"standard_error":196.61140496914487},"Slope":{"confidence_interval":{"confidence_level":0.95,"lower_bound":23948.644845424056,"upper_bound":24223.92961460291},"point_estimate":24058.257631333243,"standard_error":70.26713829740784},"StdDev":{"confidence_interval":{"confidence_level":0.95,"lower_bound":475.5688759235598,"upper_bound":2403.091527754803},"point_estimate":1485.8278292381458,"standard_error":642.5005736324475}}