{"Mean":{"confidence_interval":{"confidence_level":0.95,"lower_bound":-0.043722484240197555,"upper_bound":0.06258707861052805},"point_estimate":0.009846661417474145,"standard_error":0.027224269937906043},"Median":{"confidence_interval":{"confidence_level":0.95,"lower_bound":0.03028302110470449,"upper_bound":0.10601901084293619},"point_estimate":0.08426345504117072,"standard_error":0.019143087985299748}}