{"Mean":{"confidence_interval":{"confidence_level":0.95,"lower_bound":23847.41678236189,"upper_bound":24471.03113288733},"point_estimate":24077.895589630098,"standard_error":175.0318226079427},"Median":{"confidence_interval":{"confidence_level":0.95,"lower_bound":23797.908292908294,"upper_bound":23851.315315315314},"point_estimate":23824.12162162162,"standard_error":17.886281822895526},"MedianAbsDev":{"confidence_interval":{"confidence_level":0.95,"lower_bound":36.659092715265864,"upper_bound":170.4465605198112},"point_estimate":99.81504147117312,"standard_error":35.499530575368176},"Slope":{"confidence_interval":{"confidence_level":0.95,"lower_bound":23808.684097103527,"upper_bound":23986.786136687377},"point_estimate":23882.790564165563,"standard_error":47.271200676141575},"StdDev":{"confidence_interval":{"confidence_level":0.95,"lower_bound":132.62544422937427,"upper_bound":1652.6076817458534},"point_estimate":1001.4170561262371,"standard_error":506.9073660643883}}