{"Mean":{"confidence_interval":{"confidence_level":0.95,"lower_bound":-0.23292285501986226,"upper_bound":-0.15463044610843119},"point_estimate":-0.19403615100604954,"standard_error":0.02000559548501483},"Median":{"confidence_interval":{"confidence_level":0.95,"lower_bound":-0.22849845148314582,"upper_bound":-0.1316201389885857},"point_estimate":-0.1575403453254891,"standard_error":0.02900766277055271}}