{"Mean":{"confidence_interval":{"confidence_level":0.95,"lower_bound":2323.7311960284687,"upper_bound":2351.6192881104935},"point_estimate":2334.4052493687086,"standard_error":7.604774473978064},"Median":{"confidence_interval":{"confidence_level":0.95,"lower_bound":2324.5155914649363,"upper_bound":2331.70685391474},"point_estimate":2328.3635867623816,"standard_error":1.5871549802426208},"MedianAbsDev":{"confidence_interval":{"confidence_level":0.95,"lower_bound":3.958908189085533,"upper_bound":17.314385590576098},"point_estimate":7.0494666754592465,"standard_error":3.42520986156509},"Slope":{"confidence_interval":{"confidence_level":0.95,"lower_bound":2322.746757477585,"upper_bound":2334.6256516118724},"point_estimate":2328.312999541013,"standard_error":3.03773958119703},"StdDev":{"confidence_interval":{"confidence_level":0.95,"lower_bound":9.542317371048872,"upper_bound":72.06353906547308},"point_estimate":43.730182338326244,"standard_error":20.885955986729112}}