{"Mean":{"confidence_interval":{"confidence_level":0.95,"lower_bound":107897.54430600879,"upper_bound":109996.78880233063},"point_estimate":108771.62713258997,"standard_error":547.5128139597298},"Median":{"confidence_interval":{"confidence_level":0.95,"lower_bound":107680.59637445887,"upper_bound":108113.27903605015},"point_estimate":107958.70746232377,"standard_error":107.047544305479},"MedianAbsDev":{"confidence_interval":{"confidence_level":0.95,"lower_bound":289.38141916496414,"upper_bound":817.5504446258927},"point_estimate":599.9694105240717,"standard_error":146.50975123428523},"Slope":{"confidence_interval":{"confidence_level":0.95,"lower_bound":107790.01170493719,"upper_bound":108106.96228705355},"point_estimate":107938.36842518277,"standard_error":80.8416041371876},"StdDev":{"confidence_interval":{"confidence_level":0.95,"lower_bound":496.85419079676575,"upper_bound":4796.960206510366},"point_estimate":3170.4088887211674,"standard_error":1158.3329836530302}}