{"Mean":{"confidence_interval":{"confidence_level":0.95,"lower_bound":0.04277346007205022,"upper_bound":0.08638615937555547},"point_estimate":0.06309354985432614,"standard_error":0.01113471636017367},"Median":{"confidence_interval":{"confidence_level":0.95,"lower_bound":0.03262911674971902,"upper_bound":0.0779534621101905},"point_estimate":0.05107940787155418,"standard_error":0.01210638245460013}}