{"Mean":{"confidence_interval":{"confidence_level":0.95,"lower_bound":65.54230678709752,"upper_bound":66.85028748567339},"point_estimate":66.1483124687746,"standard_error":0.334183688599539},"Median":{"confidence_interval":{"confidence_level":0.95,"lower_bound":65.21403101143085,"upper_bound":66.38445932685119},"point_estimate":65.99651662462793,"standard_error":0.331151390867964},"MedianAbsDev":{"confidence_interval":{"confidence_level":0.95,"lower_bound":0.7985786882906072,"upper_bound":1.8091123435191991},"point_estimate":1.3325293176190989,"standard_error":0.28482325305888034},"Slope":{"confidence_interval":{"confidence_level":0.95,"lower_bound":65.14344557042483,"upper_bound":66.09477446297944},"point_estimate":65.6215754034005,"standard_error":0.2432609883959794},"StdDev":{"confidence_interval":{"confidence_level":0.95,"lower_bound":1.100264056199738,"upper_bound":2.6386266052180742},"point_estimate":1.9239133738844976,"standard_error":0.4078241527349301}}