{"Mean":{"confidence_interval":{"confidence_level":0.95,"lower_bound":0.028331222763043437,"upper_bound":0.046864992870495996},"point_estimate":0.03789333038407827,"standard_error":0.0047073038473127255},"Median":{"confidence_interval":{"confidence_level":0.95,"lower_bound":0.0375332852707817,"upper_bound":0.042607016592532194},"point_estimate":0.03880331610838983,"standard_error":0.0014032683683415}}