{"Mean":{"confidence_interval":{"confidence_level":0.95,"lower_bound":-0.30886438228046154,"upper_bound":-0.27768222310058394},"point_estimate":-0.29280221484061086,"standard_error":0.00796497684858992},"Median":{"confidence_interval":{"confidence_level":0.95,"lower_bound":-0.30301292179528494,"upper_bound":-0.26658389493286494},"point_estimate":-0.2847112728623876,"standard_error":0.009081605167786139}}