{"Mean":{"confidence_interval":{"confidence_level":0.95,"lower_bound":48638.81124017865,"upper_bound":52316.17348722693},"point_estimate":50273.34928126938,"standard_error":943.668421357897},"Median":{"confidence_interval":{"confidence_level":0.95,"lower_bound":48043.059688429894,"upper_bound":48820.30456852792},"point_estimate":48273.77326565144,"standard_error":176.68464460111488},"MedianAbsDev":{"confidence_interval":{"confidence_level":0.95,"lower_bound":401.1687881133269,"upper_bound":1167.0792926767958},"point_estimate":765.3451996103798,"standard_error":222.6353230920974},"Slope":{"confidence_interval":{"confidence_level":0.95,"lower_bound":48306.0528429341,"upper_bound":51534.64479959754},"point_estimate":49556.0051560115,"standard_error":852.0518292277071},"StdDev":{"confidence_interval":{"confidence_level":0.95,"lower_bound":1414.6293977658777,"upper_bound":7438.790115991958},"point_estimate":5443.317861499048,"standard_error":1396.7734245682777}}