{"Mean":{"confidence_interval":{"confidence_level":0.95,"lower_bound":14287.287073199526,"upper_bound":14415.986287666008},"point_estimate":14348.67911392362,"standard_error":33.0233248621999},"Median":{"confidence_interval":{"confidence_level":0.95,"lower_bound":14251.485277345775,"upper_bound":14385.570173864497},"point_estimate":14315.534062256707,"standard_error":33.44038489764426},"MedianAbsDev":{"confidence_interval":{"confidence_level":0.95,"lower_bound":85.93873215412779,"upper_bound":250.96294746025265},"point_estimate":143.8736851533375,"standard_error":43.36522835507373},"Slope":{"confidence_interval":{"confidence_level":0.95,"lower_bound":14236.243311187414,"upper_bound":14352.801439983277},"point_estimate":14294.559476312956,"standard_error":29.682840977735793},"StdDev":{"confidence_interval":{"confidence_level":0.95,"lower_bound":129.02568342172285,"upper_bound":238.78781483057233},"point_estimate":189.35846226308854,"standard_error":28.468543679245283}}