{"Mean":{"confidence_interval":{"confidence_level":0.95,"lower_bound":477.28270479266143,"upper_bound":485.97872351392823},"point_estimate":480.73806006162437,"standard_error":2.304348107139295},"Median":{"confidence_interval":{"confidence_level":0.95,"lower_bound":475.78496408560534,"upper_bound":478.2543236958295},"point_estimate":477.394466494599,"standard_error":0.5983295329181599},"MedianAbsDev":{"confidence_interval":{"confidence_level":0.95,"lower_bound":1.3175816683166046,"upper_bound":3.892818787355544},"point_estimate":2.9922200637783285,"standard_error":0.7071823185410424},"Slope":{"confidence_interval":{"confidence_level":0.95,"lower_bound":476.4741895028512,"upper_bound":477.82101126728975},"point_estimate":477.12901227912465,"standard_error":0.34341781683505407},"StdDev":{"confidence_interval":{"confidence_level":0.95,"lower_bound":2.2744781272760033,"upper_bound":20.98702601998289},"point_estimate":13.215509097689528,"standard_error":5.5343167509446225}}