{"Mean":{"confidence_interval":{"confidence_level":0.95,"lower_bound":91552.30430208918,"upper_bound":93710.8468287116},"point_estimate":92530.02610650074,"standard_error":553.7847213259439},"Median":{"confidence_interval":{"confidence_level":0.95,"lower_bound":91116.58356290174,"upper_bound":92383.04292929292},"point_estimate":91682.46146651702,"standard_error":310.4512568771522},"MedianAbsDev":{"confidence_interval":{"confidence_level":0.95,"lower_bound":775.7417505207682,"upper_bound":2444.7513790304156},"point_estimate":1429.659245325545,"standard_error":426.3867708916709},"Slope":{"confidence_interval":{"confidence_level":0.95,"lower_bound":90944.34060629075,"upper_bound":92119.51391150933},"point_estimate":91476.83271173271,"standard_error":301.41511941973096},"StdDev":{"confidence_interval":{"confidence_level":0.95,"lower_bound":1441.7874652343442,"upper_bound":4421.812255788241},"point_estimate":3187.2847321488043,"standard_error":774.4593862806018}}