{"Mean":{"confidence_interval":{"confidence_level":0.95,"lower_bound":29377.702944773388,"upper_bound":30283.022908727286},"point_estimate":29820.07646780562,"standard_error":231.3981673749922},"Median":{"confidence_interval":{"confidence_level":0.95,"lower_bound":28871.918086883878,"upper_bound":30451.439351851852},"point_estimate":29268.44126984127,"standard_error":417.5741619129438},"MedianAbsDev":{"confidence_interval":{"confidence_level":0.95,"lower_bound":656.2140450165389,"upper_bound":2140.0290446735503},"point_estimate":1245.1232570865645,"standard_error":379.09901077353766},"Slope":{"confidence_interval":{"confidence_level":0.95,"lower_bound":29375.093309876745,"upper_bound":30672.712003696266},"point_estimate":30013.96915806416,"standard_error":331.6350762771588},"StdDev":{"confidence_interval":{"confidence_level":0.95,"lower_bound":1070.0532568597039,"upper_bound":1495.5104163974477},"point_estimate":1327.5927489758194,"standard_error":108.4486804769704}}