{"Mean":{"confidence_interval":{"confidence_level":0.95,"lower_bound":-0.17898300354979635,"upper_bound":-0.15227104420038276},"point_estimate":-0.16619608882216064,"standard_error":0.00682137634145425},"Median":{"confidence_interval":{"confidence_level":0.95,"lower_bound":-0.18915057834885549,"upper_bound":-0.14799706867560591},"point_estimate":-0.17649133772557823,"standard_error":0.010256481756528834}}