{"Mean":{"confidence_interval":{"confidence_level":0.95,"lower_bound":2380370.354419141,"upper_bound":2435851.205875607},"point_estimate":2408549.684223535,"standard_error":14154.645463078203},"Median":{"confidence_interval":{"confidence_level":0.95,"lower_bound":2375100.7792207794,"upper_bound":2450069.5804195805},"point_estimate":2416501.6,"standard_error":20439.196975834388},"MedianAbsDev":{"confidence_interval":{"confidence_level":0.95,"lower_bound":51716.128312624714,"upper_bound":112905.02221904743},"point_estimate":91751.09249489379,"standard_error":16146.420474748194},"Slope":{"confidence_interval":{"confidence_level":0.95,"lower_bound":2427890.0398137886,"upper_bound":2480258.4385038586},"point_estimate":2456992.9307244844,"standard_error":13373.65182497143},"StdDev":{"confidence_interval":{"confidence_level":0.95,"lower_bound":58608.48406270056,"upper_bound":95755.51334224004},"point_estimate":78801.19251416861,"standard_error":9577.87049769805}}