{"Mean":{"confidence_interval":{"confidence_level":0.95,"lower_bound":-0.025678824352817875,"upper_bound":0.012725002096620086},"point_estimate":-0.010248162121705318,"standard_error":0.010530971069162736},"Median":{"confidence_interval":{"confidence_level":0.95,"lower_bound":-0.02952739776092661,"upper_bound":0.03564945118902907},"point_estimate":-0.016558740092716295,"standard_error":0.014868822065492235}}