{"Mean":{"confidence_interval":{"confidence_level":0.95,"lower_bound":216.99749586557567,"upper_bound":222.05291467580767},"point_estimate":219.08510086591892,"standard_error":1.320317343953341},"Median":{"confidence_interval":{"confidence_level":0.95,"lower_bound":215.91278415037746,"upper_bound":218.459688297403},"point_estimate":216.9413101112859,"standard_error":0.6649656648598519},"MedianAbsDev":{"confidence_interval":{"confidence_level":0.95,"lower_bound":1.501987298119097,"upper_bound":3.966695218811379},"point_estimate":2.8471849520755974,"standard_error":0.658291585105337},"Slope":{"confidence_interval":{"confidence_level":0.95,"lower_bound":215.872637120347,"upper_bound":217.5018858471504},"point_estimate":216.66836449804458,"standard_error":0.4185645723619205},"StdDev":{"confidence_interval":{"confidence_level":0.95,"lower_bound":2.1473465949944757,"upper_bound":11.78549162660274},"point_estimate":7.572714968530673,"standard_error":2.847408227042681}}