{"Mean":{"confidence_interval":{"confidence_level":0.95,"lower_bound":-0.05061742172250225,"upper_bound":-0.013895785930196029},"point_estimate":-0.03185499374752676,"standard_error":0.009406237116074335},"Median":{"confidence_interval":{"confidence_level":0.95,"lower_bound":-0.040353026919831336,"upper_bound":-0.015304462154419163},"point_estimate":-0.022000945920006787,"standard_error":0.007129672987338721}}