{"Mean":{"confidence_interval":{"confidence_level":0.95,"lower_bound":1067.2139877324257,"upper_bound":1075.7305897244858},"point_estimate":1070.8394235051835,"standard_error":2.2079398586188845},"Median":{"confidence_interval":{"confidence_level":0.95,"lower_bound":1066.752558702541,"upper_bound":1070.2796314542113},"point_estimate":1068.1905853596381,"standard_error":1.0182745688154435},"MedianAbsDev":{"confidence_interval":{"confidence_level":0.95,"lower_bound":2.6601993961646997,"upper_bound":6.270166583453657},"point_estimate":4.905851980539292,"standard_error":0.9428178732343472},"Slope":{"confidence_interval":{"confidence_level":0.95,"lower_bound":1064.2382325955205,"upper_bound":1067.5078887964366},"point_estimate":1065.9459234136732,"standard_error":0.8445214373264645},"StdDev":{"confidence_interval":{"confidence_level":0.95,"lower_bound":3.619096767384262,"upper_bound":19.170337401894233},"point_estimate":12.670976023605524,"standard_error":4.190742622273961}}