{"Mean":{"confidence_interval":{"confidence_level":0.95,"lower_bound":19.283814396483766,"upper_bound":19.828380379219453},"point_estimate":19.520461682381786,"standard_error":0.14070524381089713},"Median":{"confidence_interval":{"confidence_level":0.95,"lower_bound":19.134806696699428,"upper_bound":19.421126940202956},"point_estimate":19.23652046152094,"standard_error":0.058437865242914354},"MedianAbsDev":{"confidence_interval":{"confidence_level":0.95,"lower_bound":0.12773504801252222,"upper_bound":0.4287653704859359},"point_estimate":0.25344397647497213,"standard_error":0.07376751025143033},"Slope":{"confidence_interval":{"confidence_level":0.95,"lower_bound":19.148713465301192,"upper_bound":19.240579914411867},"point_estimate":19.19194171600038,"standard_error":0.0234259130260431},"StdDev":{"confidence_interval":{"confidence_level":0.95,"lower_bound":0.2756041985151875,"upper_bound":1.1901424293535654},"point_estimate":0.806502991124829,"standard_error":0.24115432897179848}}