{"Mean":{"confidence_interval":{"confidence_level":0.95,"lower_bound":5500616.260035328,"upper_bound":5796742.598830549},"point_estimate":5632094.545054676,"standard_error":75866.72823728394},"Median":{"confidence_interval":{"confidence_level":0.95,"lower_bound":5404717.547916667,"upper_bound":5762545.297619048},"point_estimate":5533719.333333334,"standard_error":96701.20468252581},"MedianAbsDev":{"confidence_interval":{"confidence_level":0.95,"lower_bound":157116.7716231197,"upper_bound":396239.4496640935},"point_estimate":329550.91848402447,"standard_error":69102.94233588324},"Slope":{"confidence_interval":{"confidence_level":0.95,"lower_bound":5366656.993356075,"upper_bound":5494295.4470586805},"point_estimate":5418068.713199301,"standard_error":32615.60971848582},"StdDev":{"confidence_interval":{"confidence_level":0.95,"lower_bound":213970.01382316506,"upper_bound":632999.6137204821},"point_estimate":435640.25675314304,"standard_error":117224.70908710745}}