{"Mean":{"confidence_interval":{"confidence_level":0.95,"lower_bound":7277.905915343021,"upper_bound":8397.70722516634},"point_estimate":7795.216664236757,"standard_error":287.13838400346646},"Median":{"confidence_interval":{"confidence_level":0.95,"lower_bound":6884.840831546748,"upper_bound":7310.3471205466085},"point_estimate":6935.957002733723,"standard_error":114.30035392419225},"MedianAbsDev":{"confidence_interval":{"confidence_level":0.95,"lower_bound":73.9861579319715,"upper_bound":678.4471325567705},"point_estimate":154.9190868202284,"standard_error":169.26264672163512},"Slope":{"confidence_interval":{"confidence_level":0.95,"lower_bound":7510.3674653102735,"upper_bound":9134.833026584065},"point_estimate":8258.360585753924,"standard_error":415.383541201335},"StdDev":{"confidence_interval":{"confidence_level":0.95,"lower_bound":935.3880120264987,"upper_bound":2119.68094755546},"point_estimate":1651.598689518308,"standard_error":301.1819535942697}}