{"Mean":{"confidence_interval":{"confidence_level":0.95,"lower_bound":-0.36330302312276647,"upper_bound":-0.2090010920933168},"point_estimate":-0.2900403141464204,"standard_error":0.03941676283919727},"Median":{"confidence_interval":{"confidence_level":0.95,"lower_bound":-0.33856707943842934,"upper_bound":-0.1031095597026832},"point_estimate":-0.16409010827419457,"standard_error":0.06533081164020875}}