{"Mean":{"confidence_interval":{"confidence_level":0.95,"lower_bound":-0.0526108455731984,"upper_bound":-0.015584204276812398},"point_estimate":-0.034957484535519834,"standard_error":0.009254281724636002},"Median":{"confidence_interval":{"confidence_level":0.95,"lower_bound":-0.04439349793577263,"upper_bound":-0.021879148092340373},"point_estimate":-0.030695766516396272,"standard_error":0.0060797522479500675}}