{"Mean":{"confidence_interval":{"confidence_level":0.95,"lower_bound":2067316.2112833094,"upper_bound":2150024.2551051495},"point_estimate":2109233.2135222773,"standard_error":21044.447996750092},"Median":{"confidence_interval":{"confidence_level":0.95,"lower_bound":2070472.8909090909,"upper_bound":2134736.1782608693},"point_estimate":2109491.363369963,"standard_error":19600.152548569113},"MedianAbsDev":{"confidence_interval":{"confidence_level":0.95,"lower_bound":48089.1401184693,"upper_bound":109650.65788030952},"point_estimate":95526.51332506543,"standard_error":15084.859453318539},"Slope":{"confidence_interval":{"confidence_level":0.95,"lower_bound":2100053.158182776,"upper_bound":2149466.340715028},"point_estimate":2127949.2578846156,"standard_error":12569.672000810018},"StdDev":{"confidence_interval":{"confidence_level":0.95,"lower_bound":60313.39229461761,"upper_bound":167279.43313478495},"point_estimate":120777.36816587698,"standard_error":26611.329240218492}}