{"Mean":{"confidence_interval":{"confidence_level":0.95,"lower_bound":6050511.879289794,"upper_bound":6366944.627923379},"point_estimate":6189943.713361035,"standard_error":81985.56302088442},"Median":{"confidence_interval":{"confidence_level":0.95,"lower_bound":5950645.950595237,"upper_bound":6253013.5},"point_estimate":6070537.54751462,"standard_error":92761.06630204369},"MedianAbsDev":{"confidence_interval":{"confidence_level":0.95,"lower_bound":128284.1684164366,"upper_bound":351330.1492023609},"point_estimate":273655.4913140578,"standard_error":57585.56790952479},"Slope":{"confidence_interval":{"confidence_level":0.95,"lower_bound":5931756.206076245,"upper_bound":6048935.675836346},"point_estimate":5979406.207692307,"standard_error":29856.99979880921},"StdDev":{"confidence_interval":{"confidence_level":0.95,"lower_bound":182802.7370576697,"upper_bound":687814.9212883567},"point_estimate":469442.15925832273,"standard_error":137065.6233354214}}