{"Mean":{"confidence_interval":{"confidence_level":0.95,"lower_bound":373.59433239433713,"upper_bound":391.46004114679477},"point_estimate":382.2740831757112,"standard_error":4.567893421064932},"Median":{"confidence_interval":{"confidence_level":0.95,"lower_bound":362.3600139179857,"upper_bound":388.49402060055866},"point_estimate":371.49717882792254,"standard_error":5.85151300324665},"MedianAbsDev":{"confidence_interval":{"confidence_level":0.95,"lower_bound":7.0250555235335295,"upper_bound":36.79909871656537},"point_estimate":18.472220873060216,"standard_error":6.93046467141924},"Slope":{"confidence_interval":{"confidence_level":0.95,"lower_bound":365.77526218663456,"upper_bound":385.34128889656904},"point_estimate":375.1991319274882,"standard_error":5.010996028471871},"StdDev":{"confidence_interval":{"confidence_level":0.95,"lower_bound":20.238252706150067,"upper_bound":29.81890146683404},"point_estimate":26.23384640458725,"standard_error":2.4456315119332945}}