{"Mean":{"confidence_interval":{"confidence_level":0.95,"lower_bound":27639.884403795168,"upper_bound":28372.780125007714},"point_estimate":27920.078110151717,"standard_error":200.10576832018683},"Median":{"confidence_interval":{"confidence_level":0.95,"lower_bound":27624.658987915405,"upper_bound":27775.426256522933},"point_estimate":27741.979592864336,"standard_error":34.64487446709868},"MedianAbsDev":{"confidence_interval":{"confidence_level":0.95,"lower_bound":54.447217810969434,"upper_bound":531.3305874538987},"point_estimate":245.94039849185106,"standard_error":155.83111629808198},"Slope":{"confidence_interval":{"confidence_level":0.95,"lower_bound":27493.120116355756,"upper_bound":27666.537841538833},"point_estimate":27578.471645046797,"standard_error":44.52464833295595},"StdDev":{"confidence_interval":{"confidence_level":0.95,"lower_bound":261.838016410536,"upper_bound":1880.135123179823},"point_estimate":1146.3373588275774,"standard_error":542.83764919129}}