{"Mean":{"confidence_interval":{"confidence_level":0.95,"lower_bound":5295.601517392254,"upper_bound":5432.19928937337},"point_estimate":5362.409610083706,"standard_error":34.848146303584194},"Median":{"confidence_interval":{"confidence_level":0.95,"lower_bound":5219.454270597128,"upper_bound":5511.042912300055},"point_estimate":5295.740657749587,"standard_error":67.42691669846832},"MedianAbsDev":{"confidence_interval":{"confidence_level":0.95,"lower_bound":88.61922113154182,"upper_bound":290.6150892017881},"point_estimate":203.05325073181967,"standard_error":56.5019879016045},"Slope":{"confidence_interval":{"confidence_level":0.95,"lower_bound":5257.390631150473,"upper_bound":5409.735704169242},"point_estimate":5321.262926745069,"standard_error":38.89502175208896},"StdDev":{"confidence_interval":{"confidence_level":0.95,"lower_bound":159.1706105721794,"upper_bound":233.9471732364223},"point_estimate":200.7784113331185,"standard_error":19.078565121415924}}