{"Mean":{"confidence_interval":{"confidence_level":0.95,"lower_bound":182.79263194861804,"upper_bound":184.34756592654026},"point_estimate":183.54762436481465,"standard_error":0.39628991368366906},"Median":{"confidence_interval":{"confidence_level":0.95,"lower_bound":182.34933008046943,"upper_bound":183.59526325795701},"point_estimate":183.12871522885027,"standard_error":0.38394541287300293},"MedianAbsDev":{"confidence_interval":{"confidence_level":0.95,"lower_bound":0.8956856291300705,"upper_bound":2.7156577743176054},"point_estimate":1.7804708502063775,"standard_error":0.513846474062035},"Slope":{"confidence_interval":{"confidence_level":0.95,"lower_bound":181.83810612523408,"upper_bound":183.5053487187923},"point_estimate":182.58062631796338,"standard_error":0.4239828208470325},"StdDev":{"confidence_interval":{"confidence_level":0.95,"lower_bound":1.6172357826227228,"upper_bound":2.759340668759307},"point_estimate":2.272660313910294,"standard_error":0.29147607086939914}}