{"Mean":{"confidence_interval":{"confidence_level":0.95,"lower_bound":112.38292634861797,"upper_bound":112.82245928110892},"point_estimate":112.58577313842603,"standard_error":0.11247654195025888},"Median":{"confidence_interval":{"confidence_level":0.95,"lower_bound":112.29636890840533,"upper_bound":112.62177067401576},"point_estimate":112.47542466614726,"standard_error":0.09126486611248665},"MedianAbsDev":{"confidence_interval":{"confidence_level":0.95,"lower_bound":0.21203503752242847,"upper_bound":0.5549455571976706},"point_estimate":0.3698920412075542,"standard_error":0.08625146681878088},"Slope":{"confidence_interval":{"confidence_level":0.95,"lower_bound":112.16268505137869,"upper_bound":112.38069280436152},"point_estimate":112.26252579799919,"standard_error":0.055638852260632615},"StdDev":{"confidence_interval":{"confidence_level":0.95,"lower_bound":0.3572605255899716,"upper_bound":0.8765831268677452},"point_estimate":0.6475411447831947,"standard_error":0.13532731324001948}}