{"Mean":{"confidence_interval":{"confidence_level":0.95,"lower_bound":1721.3462309193644,"upper_bound":1732.2722425227405},"point_estimate":1726.2697127187944,"standard_error":2.7988663786878605},"Median":{"confidence_interval":{"confidence_level":0.95,"lower_bound":1721.1642464409563,"upper_bound":1725.513934836695},"point_estimate":1722.9646622265159,"standard_error":1.2080188229854025},"MedianAbsDev":{"confidence_interval":{"confidence_level":0.95,"lower_bound":3.0171506710195377,"upper_bound":11.039995613415396},"point_estimate":5.6921380760987725,"standard_error":2.150312642742988},"Slope":{"confidence_interval":{"confidence_level":0.95,"lower_bound":1722.0209821716853,"upper_bound":1725.809682822067},"point_estimate":1723.901475755491,"standard_error":0.9645642938515885},"StdDev":{"confidence_interval":{"confidence_level":0.95,"lower_bound":6.630599970703668,"upper_bound":22.216821451641298},"point_estimate":16.034051631495473,"standard_error":3.905752703836681}}