{"Mean":{"confidence_interval":{"confidence_level":0.95,"lower_bound":199.73440450209648,"upper_bound":203.16645208318727},"point_estimate":201.03283619925006,"standard_error":0.9517048118254733},"Median":{"confidence_interval":{"confidence_level":0.95,"lower_bound":199.6294699890442,"upper_bound":200.51870258958934},"point_estimate":200.26351214869067,"standard_error":0.24368233617991034},"MedianAbsDev":{"confidence_interval":{"confidence_level":0.95,"lower_bound":0.5445241105649907,"upper_bound":1.6467700818731141},"point_estimate":1.117468462732503,"standard_error":0.2642769226093486},"Slope":{"confidence_interval":{"confidence_level":0.95,"lower_bound":199.33563131472937,"upper_bound":200.91695776333955},"point_estimate":200.05444786325802,"standard_error":0.41215813722541206},"StdDev":{"confidence_interval":{"confidence_level":0.95,"lower_bound":1.0108770006683285,"upper_bound":9.045895416068449},"point_estimate":5.478667927131055,"standard_error":2.704801885106956}}