{"Mean":{"confidence_interval":{"confidence_level":0.95,"lower_bound":390217.0200149804,"upper_bound":413463.66261246713},"point_estimate":399459.2118036828,"standard_error":6177.638631003444},"Median":{"confidence_interval":{"confidence_level":0.95,"lower_bound":387419.36354166665,"upper_bound":392906.99309616635},"point_estimate":388779.109775641,"standard_error":1614.7759757501028},"MedianAbsDev":{"confidence_interval":{"confidence_level":0.95,"lower_bound":633.9288269260338,"upper_bound":7907.73758290508},"point_estimate":2642.1392272079856,"standard_error":2145.4841301416873},"Slope":{"confidence_interval":{"confidence_level":0.95,"lower_bound":388245.88646285,"upper_bound":390480.1554008389},"point_estimate":389312.558897873,"standard_error":572.7901541406583},"StdDev":{"confidence_interval":{"confidence_level":0.95,"lower_bound":4059.5994562621104,"upper_bound":56103.82013541201},"point_estimate":35504.07691802335,"standard_error":14933.19311535387}}