{"Mean":{"confidence_interval":{"confidence_level":0.95,"lower_bound":307325.42980317766,"upper_bound":315079.2584313649},"point_estimate":310563.03600532445,"standard_error":2023.0717914170737},"Median":{"confidence_interval":{"confidence_level":0.95,"lower_bound":306358.0551075269,"upper_bound":307214.4229390681},"point_estimate":306695.7170087977,"standard_error":258.89219223874215},"MedianAbsDev":{"confidence_interval":{"confidence_level":0.95,"lower_bound":696.619173562976,"upper_bound":2599.804194478483},"point_estimate":1053.3822088647578,"standard_error":527.929533452003},"Slope":{"confidence_interval":{"confidence_level":0.95,"lower_bound":306651.7386173891,"upper_bound":308301.2450894386},"point_estimate":307421.27856417774,"standard_error":420.6421720674078},"StdDev":{"confidence_interval":{"confidence_level":0.95,"lower_bound":2640.8075613526125,"upper_bound":17923.620054548024},"point_estimate":11615.1875883533,"standard_error":4209.242246281636}}