{"Mean":{"confidence_interval":{"confidence_level":0.95,"lower_bound":29054.586943643124,"upper_bound":29707.690290282702},"point_estimate":29319.355830314184,"standard_error":174.506600582313},"Median":{"confidence_interval":{"confidence_level":0.95,"lower_bound":29035.505401234568,"upper_bound":29097.89974550574},"point_estimate":29055.3702031893,"standard_error":13.85834682857679},"MedianAbsDev":{"confidence_interval":{"confidence_level":0.95,"lower_bound":30.973644188947745,"upper_bound":107.11597266200631},"point_estimate":62.87385029580381,"standard_error":19.639263241296856},"Slope":{"confidence_interval":{"confidence_level":0.95,"lower_bound":29037.132296248677,"upper_bound":29086.2393451448},"point_estimate":29059.980131982215,"standard_error":12.500063198130302},"StdDev":{"confidence_interval":{"confidence_level":0.95,"lower_bound":64.52350379048315,"upper_bound":1513.4190652342504},"point_estimate":1001.1526859875789,"standard_error":392.55719493612673}}