{"Mean":{"confidence_interval":{"confidence_level":0.95,"lower_bound":53843904.0,"upper_bound":66591765.33333333},"point_estimate":58526445.33333333,"standard_error":3596554.5975702703},"Median":{"confidence_interval":{"confidence_level":0.95,"lower_bound":53460000.0,"upper_bound":74455400.0},"point_estimate":55124200.0,"standard_error":4708805.236700232},"MedianAbsDev":{"confidence_interval":{"confidence_level":0.95,"lower_bound":0.0,"upper_bound":3773167.5130128823},"point_estimate":2278074.163556099,"standard_error":1296508.7761908825},"Slope":{"confidence_interval":{"confidence_level":0.95,"lower_bound":53853496.73913044,"upper_bound":63505678.94736842},"point_estimate":55945545.45454545,"standard_error":2642316.7549200286},"StdDev":{"confidence_interval":{"confidence_level":0.95,"lower_bound":703609.2090642361,"upper_bound":11453157.92107487},"point_estimate":8968349.815208048,"standard_error":4160982.082929289}}