{"Mean":{"confidence_interval":{"confidence_level":0.95,"lower_bound":26209.7654894385,"upper_bound":26751.51441590277},"point_estimate":26414.827105627766,"standard_error":150.43049360837753},"Median":{"confidence_interval":{"confidence_level":0.95,"lower_bound":26179.744761733717,"upper_bound":26335.887222906404},"point_estimate":26247.025519978106,"standard_error":41.35088230289406},"MedianAbsDev":{"confidence_interval":{"confidence_level":0.95,"lower_bound":102.36415147929,"upper_bound":269.0129563398207},"point_estimate":171.55310262961007,"standard_error":41.890484154462534},"Slope":{"confidence_interval":{"confidence_level":0.95,"lower_bound":26141.582724105643,"upper_bound":26314.010013538373},"point_estimate":26234.05587121212,"standard_error":44.15008531311204},"StdDev":{"confidence_interval":{"confidence_level":0.95,"lower_bound":155.51195826207453,"upper_bound":1433.109591517708},"point_estimate":868.4153241340327,"standard_error":428.9219084034572}}