{"Mean":{"confidence_interval":{"confidence_level":0.95,"lower_bound":413.40663151829085,"upper_bound":423.0168361469495},"point_estimate":417.246133523353,"standard_error":2.543068349875934},"Median":{"confidence_interval":{"confidence_level":0.95,"lower_bound":411.51794338283395,"upper_bound":417.3469241903383},"point_estimate":416.0174523566282,"standard_error":1.926807024040402},"MedianAbsDev":{"confidence_interval":{"confidence_level":0.95,"lower_bound":2.128749561482963,"upper_bound":7.390768768367553},"point_estimate":5.187761069016974,"standard_error":1.385632108348479},"Slope":{"confidence_interval":{"confidence_level":0.95,"lower_bound":410.96457629355507,"upper_bound":414.0575490591749},"point_estimate":412.4013292027314,"standard_error":0.7919011675675589},"StdDev":{"confidence_interval":{"confidence_level":0.95,"lower_bound":3.7908122703537463,"upper_bound":23.494791628762112},"point_estimate":14.680152635944598,"standard_error":6.19125915625935}}