{"Mean":{"confidence_interval":{"confidence_level":0.95,"lower_bound":418730.35182679293,"upper_bound":421525.5696887686},"point_estimate":419998.31799729366,"standard_error":741.3016866843592},"Median":{"confidence_interval":{"confidence_level":0.95,"lower_bound":418077.7401894452,"upper_bound":422918.6197564276},"point_estimate":419435.9945872801,"standard_error":1035.9593703540916},"MedianAbsDev":{"confidence_interval":{"confidence_level":0.95,"lower_bound":0.0,"upper_bound":3542.7117584845464},"point_estimate":1620.6282256259346,"standard_error":1000.2792494853467},"Slope":{"confidence_interval":{"confidence_level":0.95,"lower_bound":418770.396112683,"upper_bound":422487.5024163928},"point_estimate":420822.0322302866,"standard_error":1171.946154474184},"StdDev":{"confidence_interval":{"confidence_level":0.95,"lower_bound":521.6520014019785,"upper_bound":2466.612313317046},"point_estimate":1854.1895933793458,"standard_error":566.5283492455308}}