{"Mean":{"confidence_interval":{"confidence_level":0.95,"lower_bound":978.1277273753332,"upper_bound":995.7891729290517},"point_estimate":984.8517050584792,"standard_error":4.852628666727043},"Median":{"confidence_interval":{"confidence_level":0.95,"lower_bound":979.5152802998107,"upper_bound":981.6569332294471},"point_estimate":980.4787740746822,"standard_error":0.6271927197647575},"MedianAbsDev":{"confidence_interval":{"confidence_level":0.95,"lower_bound":1.540179628414939,"upper_bound":8.90320253565311},"point_estimate":5.386761526762842,"standard_error":2.16439724395468},"Slope":{"confidence_interval":{"confidence_level":0.95,"lower_bound":975.7521165003963,"upper_bound":982.2405383150598},"point_estimate":979.2674461481995,"standard_error":1.6653590974565142},"StdDev":{"confidence_interval":{"confidence_level":0.95,"lower_bound":5.684474991814172,"upper_bound":45.82536912850625},"point_estimate":27.775006966574388,"standard_error":13.4691391234593}}