{"Mean":{"confidence_interval":{"confidence_level":0.95,"lower_bound":-0.000740223688584415,"upper_bound":0.008745527559175828},"point_estimate":0.003857970696812041,"standard_error":0.00240831475652667},"Median":{"confidence_interval":{"confidence_level":0.95,"lower_bound":0.0010418489609063109,"upper_bound":0.00620409397269972},"point_estimate":0.004033437695347919,"standard_error":0.0013465281374804917}}