{"Mean":{"confidence_interval":{"confidence_level":0.95,"lower_bound":1969972.9024174514,"upper_bound":2099879.3927400038},"point_estimate":2018617.1049839149,"standard_error":36783.448577966905},"Median":{"confidence_interval":{"confidence_level":0.95,"lower_bound":1957009.0,"upper_bound":2005057.288888889},"point_estimate":1990525.2053571427,"standard_error":12174.806346513727},"MedianAbsDev":{"confidence_interval":{"confidence_level":0.95,"lower_bound":27120.41627721189,"upper_bound":80442.74638760297},"point_estimate":57030.38246750833,"standard_error":13882.41255244476},"Slope":{"confidence_interval":{"confidence_level":0.95,"lower_bound":1979404.192804274,"upper_bound":2016709.69262434},"point_estimate":2000242.5195454545,"standard_error":9509.704175704064},"StdDev":{"confidence_interval":{"confidence_level":0.95,"lower_bound":39001.123936039374,"upper_bound":351535.1459429536},"point_estimate":211594.0841755429,"standard_error":108311.94831736923}}