{"Mean":{"confidence_interval":{"confidence_level":0.95,"lower_bound":1973349.8792348125,"upper_bound":2016110.807974334},"point_estimate":1994292.4126972433,"standard_error":10904.912121791345},"Median":{"confidence_interval":{"confidence_level":0.95,"lower_bound":1959142.9176190477,"upper_bound":2027575.4006157634},"point_estimate":2000460.296,"standard_error":17413.501683806804},"MedianAbsDev":{"confidence_interval":{"confidence_level":0.95,"lower_bound":38354.093544078925,"upper_bound":88390.64505226343},"point_estimate":68507.96417320278,"standard_error":13939.984351385241},"Slope":{"confidence_interval":{"confidence_level":0.95,"lower_bound":1985284.6966498476,"upper_bound":2025371.504663025},"point_estimate":2008503.78763986,"standard_error":10204.601175552723},"StdDev":{"confidence_interval":{"confidence_level":0.95,"lower_bound":46990.92174792702,"upper_bound":77927.25274893761},"point_estimate":62840.921065254704,"standard_error":8086.260302985917}}