{"Mean":{"confidence_interval":{"confidence_level":0.95,"lower_bound":250710054.38826552,"upper_bound":251683465.78847212},"point_estimate":251148162.00188237,"standard_error":249466.74455823383},"Median":{"confidence_interval":{"confidence_level":0.95,"lower_bound":250722960.4814815,"upper_bound":251279557.0},"point_estimate":250895244.26373625,"standard_error":175787.01593573636},"MedianAbsDev":{"confidence_interval":{"confidence_level":0.95,"lower_bound":405051.13207349816,"upper_bound":925223.3900140333},"point_estimate":603943.1681624947,"standard_error":134339.92892465842},"Slope":{"confidence_interval":{"confidence_level":0.95,"lower_bound":250730368.95165944,"upper_bound":251518748.48279196},"point_estimate":251048526.0299825,"standard_error":207505.9582104259},"StdDev":{"confidence_interval":{"confidence_level":0.95,"lower_bound":576153.6280086071,"upper_bound":2115427.6081592743},"point_estimate":1431385.4583226629,"standard_error":406177.91956155724}}