{"Mean":{"confidence_interval":{"confidence_level":0.95,"lower_bound":124.43316991568163,"upper_bound":127.41182394327015},"point_estimate":125.58272239153952,"standard_error":0.8075915787005458},"Median":{"confidence_interval":{"confidence_level":0.95,"lower_bound":123.91900443915114,"upper_bound":125.02443337664212},"point_estimate":124.58786508397407,"standard_error":0.27407946172956105},"MedianAbsDev":{"confidence_interval":{"confidence_level":0.95,"lower_bound":0.6471165627177445,"upper_bound":1.8467572855139756},"point_estimate":1.1088491215203524,"standard_error":0.30194113633697683},"Slope":{"confidence_interval":{"confidence_level":0.95,"lower_bound":123.80235218047414,"upper_bound":124.44360088244075},"point_estimate":124.10840920022214,"standard_error":0.1636316030110649},"StdDev":{"confidence_interval":{"confidence_level":0.95,"lower_bound":1.0635794676857857,"upper_bound":7.586133932599041},"point_estimate":4.64864995693638,"standard_error":2.1558137855991037}}