{"Mean":{"confidence_interval":{"confidence_level":0.95,"lower_bound":116373.8095087584,"upper_bound":119295.27639745055},"point_estimate":117652.28380856474,"standard_error":752.103957746236},"Median":{"confidence_interval":{"confidence_level":0.95,"lower_bound":115498.02083333333,"upper_bound":117877.03125},"point_estimate":115862.64802631579,"standard_error":547.8613809677167},"MedianAbsDev":{"confidence_interval":{"confidence_level":0.95,"lower_bound":616.8322442052843,"upper_bound":2972.882877112084},"point_estimate":1115.861406872189,"standard_error":611.9711016805716},"Slope":{"confidence_interval":{"confidence_level":0.95,"lower_bound":115527.7294209329,"upper_bound":116877.90146430298},"point_estimate":116124.87062937063,"standard_error":346.4426268738489},"StdDev":{"confidence_interval":{"confidence_level":0.95,"lower_bound":1536.2888596661726,"upper_bound":6298.5545540368375},"point_estimate":4322.75584704116,"standard_error":1226.0631222296472}}