{"Mean":{"confidence_interval":{"confidence_level":0.95,"lower_bound":13560630.066666668,"upper_bound":14718010.933333334},"point_estimate":14002361.26666667,"standard_error":318642.9858163082},"Median":{"confidence_interval":{"confidence_level":0.95,"lower_bound":13449438.333333334,"upper_bound":15405593.333333334},"point_estimate":13783500.0,"standard_error":408690.40204610757},"MedianAbsDev":{"confidence_interval":{"confidence_level":0.95,"lower_bound":0.0,"upper_bound":497276.3861715775},"point_estimate":289213.7420654297,"standard_error":176063.20171973333},"Slope":{"confidence_interval":{"confidence_level":0.95,"lower_bound":13516520.0,"upper_bound":14466628.421052631},"point_estimate":13715644.242424242,"standard_error":245064.92077871133},"StdDev":{"confidence_interval":{"confidence_level":0.95,"lower_bound":87391.35789666053,"upper_bound":1022254.3816879438},"point_estimate":797078.6673285421,"standard_error":348568.79367694637}}