{"Mean":{"confidence_interval":{"confidence_level":0.95,"lower_bound":61265.25869535169,"upper_bound":63768.85623126975},"point_estimate":62314.908744526554,"standard_error":655.1578613723691},"Median":{"confidence_interval":{"confidence_level":0.95,"lower_bound":61101.856988210464,"upper_bound":61705.66335540839},"point_estimate":61316.25488804793,"standard_error":141.74492699382705},"MedianAbsDev":{"confidence_interval":{"confidence_level":0.95,"lower_bound":370.24058898975574,"upper_bound":1046.7126396933422},"point_estimate":697.0846175018418,"standard_error":165.40594633147919},"Slope":{"confidence_interval":{"confidence_level":0.95,"lower_bound":60939.87805735896,"upper_bound":61299.998048642534},"point_estimate":61104.99633098689,"standard_error":91.86600020794141},"StdDev":{"confidence_interval":{"confidence_level":0.95,"lower_bound":594.316203639734,"upper_bound":5636.621821381967},"point_estimate":3778.3485225698096,"standard_error":1357.7830477918958}}