{"Mean":{"confidence_interval":{"confidence_level":0.95,"lower_bound":81.0599466249242,"upper_bound":81.59553356320899},"point_estimate":81.31818740834215,"standard_error":0.13600306962800587},"Median":{"confidence_interval":{"confidence_level":0.95,"lower_bound":81.12327268131145,"upper_bound":81.4761160204494},"point_estimate":81.35049391763522,"standard_error":0.09457654413305328},"MedianAbsDev":{"confidence_interval":{"confidence_level":0.95,"lower_bound":0.16950792493755965,"upper_bound":0.5766201133165794},"point_estimate":0.34288213208926716,"standard_error":0.10633247280366159},"Slope":{"confidence_interval":{"confidence_level":0.95,"lower_bound":80.99672910885683,"upper_bound":81.35007043968234},"point_estimate":81.18710843780173,"standard_error":0.09029968003938386},"StdDev":{"confidence_interval":{"confidence_level":0.95,"lower_bound":0.44644152953496336,"upper_bound":1.0525327650509497},"point_estimate":0.7786295589922123,"standard_error":0.15754789559339527}}