{"Mean":{"confidence_interval":{"confidence_level":0.95,"lower_bound":183.53182120514896,"upper_bound":186.27529326694417},"point_estimate":184.67777763965404,"standard_error":0.7116999906277994},"Median":{"confidence_interval":{"confidence_level":0.95,"lower_bound":183.43578287920658,"upper_bound":184.7231529953354},"point_estimate":184.37483726222243,"standard_error":0.3611214150294095},"MedianAbsDev":{"confidence_interval":{"confidence_level":0.95,"lower_bound":0.8055213512706155,"upper_bound":2.4164725627250925},"point_estimate":1.4260414145767442,"standard_error":0.4155206832329633},"Slope":{"confidence_interval":{"confidence_level":0.95,"lower_bound":183.1811042558281,"upper_bound":184.51277486194516},"point_estimate":183.8720474619386,"standard_error":0.33976108853823306},"StdDev":{"confidence_interval":{"confidence_level":0.95,"lower_bound":1.4140510460168971,"upper_bound":6.42940355803285},"point_estimate":4.092485669033014,"standard_error":1.5300196286444077}}