{"Mean":{"confidence_interval":{"confidence_level":0.95,"lower_bound":-0.1014148449887875,"upper_bound":-0.07321685812474613},"point_estimate":-0.08851606189979988,"standard_error":0.007244582925616363},"Median":{"confidence_interval":{"confidence_level":0.95,"lower_bound":-0.09598241116201178,"upper_bound":-0.08322421383667578},"point_estimate":-0.08988836302263326,"standard_error":0.003228058668821104}}