{"Mean":{"confidence_interval":{"confidence_level":0.95,"lower_bound":14518.571993833175,"upper_bound":14713.571091895816},"point_estimate":14605.561451644591,"standard_error":50.039415005694515},"Median":{"confidence_interval":{"confidence_level":0.95,"lower_bound":14514.345312220434,"upper_bound":14591.296871405568},"point_estimate":14553.530671353874,"standard_error":17.49787074900564},"MedianAbsDev":{"confidence_interval":{"confidence_level":0.95,"lower_bound":54.349284477473404,"upper_bound":232.91427274022914},"point_estimate":108.24678382225635,"standard_error":43.53897405949631},"Slope":{"confidence_interval":{"confidence_level":0.95,"lower_bound":14393.511017496729,"upper_bound":14575.187168334727},"point_estimate":14467.76535477405,"standard_error":46.69082619585719},"StdDev":{"confidence_interval":{"confidence_level":0.95,"lower_bound":135.80503871074885,"upper_bound":416.27069701397403},"point_estimate":287.1302176509096,"standard_error":77.23981105825936}}