{"Mean":{"confidence_interval":{"confidence_level":0.95,"lower_bound":4711.9370471322845,"upper_bound":4791.659265295811},"point_estimate":4750.430658787165,"standard_error":20.299997762161656},"Median":{"confidence_interval":{"confidence_level":0.95,"lower_bound":4726.15267507612,"upper_bound":4783.40931011421},"point_estimate":4749.70777494701,"standard_error":14.311360172764722},"MedianAbsDev":{"confidence_interval":{"confidence_level":0.95,"lower_bound":39.66605192736566,"upper_bound":157.50806302863134},"point_estimate":70.65851144076379,"standard_error":36.71191228564641},"Slope":{"confidence_interval":{"confidence_level":0.95,"lower_bound":4659.1062014745285,"upper_bound":4738.9933515613875},"point_estimate":4693.412651075618,"standard_error":20.386191809610054},"StdDev":{"confidence_interval":{"confidence_level":0.95,"lower_bound":75.39632908274135,"upper_bound":149.75473748716607},"point_estimate":113.56519540244082,"standard_error":19.679189010349642}}