{"Mean":{"confidence_interval":{"confidence_level":0.95,"lower_bound":0.13813805624055742,"upper_bound":0.27743535558961896},"point_estimate":0.2073189348577793,"standard_error":0.034903598013710485},"Median":{"confidence_interval":{"confidence_level":0.95,"lower_bound":0.10268575213436693,"upper_bound":0.32201589298300193},"point_estimate":0.20229636772378834,"standard_error":0.05574989461194614}}