{"Mean":{"confidence_interval":{"confidence_level":0.95,"lower_bound":1777.682203892551,"upper_bound":1814.2435577594845},"point_estimate":1793.3506336918094,"standard_error":9.51961280505162},"Median":{"confidence_interval":{"confidence_level":0.95,"lower_bound":1770.6206243346485,"upper_bound":1779.402476623054},"point_estimate":1775.0750022461998,"standard_error":2.379648856266466},"MedianAbsDev":{"confidence_interval":{"confidence_level":0.95,"lower_bound":6.1025767719548,"upper_bound":23.157201076916937},"point_estimate":13.064297501690444,"standard_error":4.446764926132515},"Slope":{"confidence_interval":{"confidence_level":0.95,"lower_bound":1772.4015162683465,"upper_bound":1788.8452384741333},"point_estimate":1778.5108736956263,"standard_error":4.265934457358156},"StdDev":{"confidence_interval":{"confidence_level":0.95,"lower_bound":19.460263962969595,"upper_bound":83.06653257370276},"point_estimate":54.78529077230129,"standard_error":18.441919148525148}}