{"Mean":{"confidence_interval":{"confidence_level":0.95,"lower_bound":-0.08406430232865206,"upper_bound":-0.04851275354153729},"point_estimate":-0.06888945182491568,"standard_error":0.009358402164136675},"Median":{"confidence_interval":{"confidence_level":0.95,"lower_bound":-0.08671222449336413,"upper_bound":-0.07236486431387534},"point_estimate":-0.08079709253012968,"standard_error":0.00381490869691819}}