{"Mean":{"confidence_interval":{"confidence_level":0.95,"lower_bound":65572.50822959826,"upper_bound":67088.31719763938},"point_estimate":66312.42387016954,"standard_error":387.70779747910865},"Median":{"confidence_interval":{"confidence_level":0.95,"lower_bound":65023.02605606001,"upper_bound":66605.75503355704},"point_estimate":66001.44805952729,"standard_error":459.43792902708697},"MedianAbsDev":{"confidence_interval":{"confidence_level":0.95,"lower_bound":1051.3773135490687,"upper_bound":2951.627329169357},"point_estimate":1759.6580497344496,"standard_error":527.5388365072861},"Slope":{"confidence_interval":{"confidence_level":0.95,"lower_bound":66058.27310345495,"upper_bound":68291.08684261708},"point_estimate":67220.45741218558,"standard_error":569.6305915537456},"StdDev":{"confidence_interval":{"confidence_level":0.95,"lower_bound":1573.5669993481122,"upper_bound":2569.685061654555},"point_estimate":2156.392203551433,"standard_error":254.03837861748363}}