{"Mean":{"confidence_interval":{"confidence_level":0.95,"lower_bound":-0.2481343789173497,"upper_bound":-0.1642019313243951},"point_estimate":-0.20579927613048166,"standard_error":0.021475512141541316},"Median":{"confidence_interval":{"confidence_level":0.95,"lower_bound":-0.2451979965725468,"upper_bound":-0.1431713093510005},"point_estimate":-0.16541900905057028,"standard_error":0.0303347615702987}}