{"Mean":{"confidence_interval":{"confidence_level":0.95,"lower_bound":196.32586389553308,"upper_bound":200.75684256140147},"point_estimate":198.13247561775856,"standard_error":1.15689820233917},"Median":{"confidence_interval":{"confidence_level":0.95,"lower_bound":196.16061239534525,"upper_bound":197.67857671621823},"point_estimate":197.12647693224136,"standard_error":0.42440421989976523},"MedianAbsDev":{"confidence_interval":{"confidence_level":0.95,"lower_bound":1.0739308306903488,"upper_bound":3.2239027366154747},"point_estimate":1.9526385563076953,"standard_error":0.5748337496783001},"Slope":{"confidence_interval":{"confidence_level":0.95,"lower_bound":195.5993510694613,"upper_bound":196.8856089340422},"point_estimate":196.29338194335864,"standard_error":0.3283843430124847},"StdDev":{"confidence_interval":{"confidence_level":0.95,"lower_bound":1.8620998648006963,"upper_bound":10.510019084199357},"point_estimate":6.670103617697441,"standard_error":2.595666825604885}}