{"Mean":{"confidence_interval":{"confidence_level":0.95,"lower_bound":0.12400136455621391,"upper_bound":0.24381277353524017},"point_estimate":0.17074811939871104,"standard_error":0.03281806534854331},"Median":{"confidence_interval":{"confidence_level":0.95,"lower_bound":0.11925436561930347,"upper_bound":0.31227556801088063},"point_estimate":0.14099451553015419,"standard_error":0.04354975110809557}}