{"Mean":{"confidence_interval":{"confidence_level":0.95,"lower_bound":3669.8445695177925,"upper_bound":3750.2385771852396},"point_estimate":3705.6547847784586,"standard_error":20.643684804735962},"Median":{"confidence_interval":{"confidence_level":0.95,"lower_bound":3650.6672408078225,"upper_bound":3689.7748178137654},"point_estimate":3660.6261386639676,"standard_error":10.089352623156444},"MedianAbsDev":{"confidence_interval":{"confidence_level":0.95,"lower_bound":18.64364424374402,"upper_bound":69.59420228738504},"point_estimate":39.8593807006518,"standard_error":13.740529257618826},"Slope":{"confidence_interval":{"confidence_level":0.95,"lower_bound":3648.7584015946964,"upper_bound":3673.908527898963},"point_estimate":3659.9104031242036,"standard_error":6.463228857307202},"StdDev":{"confidence_interval":{"confidence_level":0.95,"lower_bound":43.90943228770504,"upper_bound":166.39416818409268},"point_estimate":118.76474285216564,"standard_error":30.872684554581575}}