{"Mean":{"confidence_interval":{"confidence_level":0.95,"lower_bound":189.24798864678053,"upper_bound":193.61527321694737},"point_estimate":191.01200937432446,"standard_error":1.154102335480779},"Median":{"confidence_interval":{"confidence_level":0.95,"lower_bound":188.43821035297282,"upper_bound":190.31649211858303},"point_estimate":188.95926563232132,"standard_error":0.5845924811050952},"MedianAbsDev":{"confidence_interval":{"confidence_level":0.95,"lower_bound":1.3028469541668095,"upper_bound":3.5020017407381174},"point_estimate":2.0133407638257723,"standard_error":0.596831736955732},"Slope":{"confidence_interval":{"confidence_level":0.95,"lower_bound":188.33048854122126,"upper_bound":189.47015752675708},"point_estimate":188.88011428159888,"standard_error":0.29105250531978827},"StdDev":{"confidence_interval":{"confidence_level":0.95,"lower_bound":1.8863885972334231,"upper_bound":10.607681350504972},"point_estimate":6.664905531625296,"standard_error":2.748652667452245}}