{"Mean":{"confidence_interval":{"confidence_level":0.95,"lower_bound":1136.323471814506,"upper_bound":1218.7696977925486},"point_estimate":1175.8315930421616,"standard_error":21.061767087978566},"Median":{"confidence_interval":{"confidence_level":0.95,"lower_bound":1086.8901472770865,"upper_bound":1187.2582867146173},"point_estimate":1153.8465635346502,"standard_error":31.99082149389696},"MedianAbsDev":{"confidence_interval":{"confidence_level":0.95,"lower_bound":47.37344997197409,"upper_bound":169.94882702226465},"point_estimate":116.99845696270715,"standard_error":34.235929520278894},"Slope":{"confidence_interval":{"confidence_level":0.95,"lower_bound":1114.4226896065038,"upper_bound":1199.6970652199698},"point_estimate":1151.278020769047,"standard_error":21.76592309824308},"StdDev":{"confidence_interval":{"confidence_level":0.95,"lower_bound":87.04545976565201,"upper_bound":144.51878560018966},"point_estimate":121.32650673711905,"standard_error":14.698163280850627}}