{"Mean":{"confidence_interval":{"confidence_level":0.95,"lower_bound":705688.8366763673,"upper_bound":764490.6906518458},"point_estimate":728555.4878228793,"standard_error":15781.31074385472},"Median":{"confidence_interval":{"confidence_level":0.95,"lower_bound":705629.425834276,"upper_bound":707496.8557692308},"point_estimate":706951.2307692308,"standard_error":417.8790898296895},"MedianAbsDev":{"confidence_interval":{"confidence_level":0.95,"lower_bound":1157.9426549231644,"upper_bound":4258.566309267095},"point_estimate":2838.4765132050443,"standard_error":732.6891408377146},"Slope":{"confidence_interval":{"confidence_level":0.95,"lower_bound":705716.0837284081,"upper_bound":707752.5142604527},"point_estimate":706729.8545320064,"standard_error":517.7443100534998},"StdDev":{"confidence_interval":{"confidence_level":0.95,"lower_bound":2510.1695263173965,"upper_bound":141419.03540650272},"point_estimate":90407.49347603713,"standard_error":38504.86053135728}}