{"Mean":{"confidence_interval":{"confidence_level":0.95,"lower_bound":2238.829334379273,"upper_bound":2260.4210209204057},"point_estimate":2248.8953900122806,"standard_error":5.515498608367104},"Median":{"confidence_interval":{"confidence_level":0.95,"lower_bound":2231.3009396010916,"upper_bound":2244.0839789574366},"point_estimate":2234.37671829207,"standard_error":3.0548269600452},"MedianAbsDev":{"confidence_interval":{"confidence_level":0.95,"lower_bound":4.384332758906451,"upper_bound":21.763023220801465},"point_estimate":9.782223998963307,"standard_error":4.642093255623794},"Slope":{"confidence_interval":{"confidence_level":0.95,"lower_bound":2231.4512520300964,"upper_bound":2255.931531937197},"point_estimate":2241.9070847254134,"standard_error":6.3002080247941},"StdDev":{"confidence_interval":{"confidence_level":0.95,"lower_bound":19.108915975063976,"upper_bound":39.442642766276485},"point_estimate":31.769706370863428,"standard_error":5.1736231967492}}