{"Mean":{"confidence_interval":{"confidence_level":0.95,"lower_bound":-0.20110171422808726,"upper_bound":-0.12440031569745472},"point_estimate":-0.1623607052780185,"standard_error":0.019648068797782484},"Median":{"confidence_interval":{"confidence_level":0.95,"lower_bound":-0.1547578748860836,"upper_bound":-0.10571519404863572},"point_estimate":-0.11572234952226323,"standard_error":0.014452694469359017}}