{"Mean":{"confidence_interval":{"confidence_level":0.95,"lower_bound":2779.1396949824066,"upper_bound":2860.098335332401},"point_estimate":2817.7277487331294,"standard_error":20.68770717965085},"Median":{"confidence_interval":{"confidence_level":0.95,"lower_bound":2762.64366716416,"upper_bound":2851.258624424344},"point_estimate":2785.076715593449,"standard_error":22.10935995957545},"MedianAbsDev":{"confidence_interval":{"confidence_level":0.95,"lower_bound":43.55724889185308,"upper_bound":146.27926412091702},"point_estimate":93.29750998722704,"standard_error":28.349699786265667},"Slope":{"confidence_interval":{"confidence_level":0.95,"lower_bound":2811.215018435059,"upper_bound":2930.9304076156723},"point_estimate":2869.938704676784,"standard_error":30.66365313479491},"StdDev":{"confidence_interval":{"confidence_level":0.95,"lower_bound":77.5599408480365,"upper_bound":149.02339479667918},"point_estimate":115.19506643976416,"standard_error":18.890092769403353}}