{"Mean":{"confidence_interval":{"confidence_level":0.95,"lower_bound":5783.947718724309,"upper_bound":6042.102074046649},"point_estimate":5883.504456026049,"standard_error":70.23508591986682},"Median":{"confidence_interval":{"confidence_level":0.95,"lower_bound":5724.723092015582,"upper_bound":5846.764163372859},"point_estimate":5755.490992152145,"standard_error":35.82884991567611},"MedianAbsDev":{"confidence_interval":{"confidence_level":0.95,"lower_bound":41.68521569545445,"upper_bound":194.6224460397092},"point_estimate":95.89910677351526,"standard_error":41.43163637018872},"Slope":{"confidence_interval":{"confidence_level":0.95,"lower_bound":5806.11174815688,"upper_bound":5926.598110899263},"point_estimate":5873.940781714991,"standard_error":30.76854021124406},"StdDev":{"confidence_interval":{"confidence_level":0.95,"lower_bound":104.74362055470681,"upper_bound":660.9357374563677},"point_estimate":403.9275701092791,"standard_error":188.82986077089203}}