{"Mean":{"confidence_interval":{"confidence_level":0.95,"lower_bound":1377097.6838810642,"upper_bound":1675157.5899843506},"point_estimate":1526127.6369327074,"standard_error":76058.93932581264},"Median":{"confidence_interval":{"confidence_level":0.95,"lower_bound":1339576.5258215962,"upper_bound":1768107.5117370891},"point_estimate":1511951.3302034428,"standard_error":135936.69355957166},"MedianAbsDev":{"confidence_interval":{"confidence_level":0.95,"lower_bound":0.0,"upper_bound":255562.8804393778},"point_estimate":244272.1507806732,"standard_error":104752.83459631498},"Slope":{"confidence_interval":{"confidence_level":0.95,"lower_bound":1347872.372085621,"upper_bound":1641882.9037115776},"point_estimate":1470451.3358941528,"standard_error":83035.15314668675},"StdDev":{"confidence_interval":{"confidence_level":0.95,"lower_bound":73682.60405406909,"upper_bound":231956.13939846886},"point_estimate":190086.2651920426,"standard_error":43106.54828601389}}