{"Mean":{"confidence_interval":{"confidence_level":0.95,"lower_bound":9053265.033384195,"upper_bound":9180901.250826608},"point_estimate":9107309.986887017,"standard_error":33165.29226684818},"Median":{"confidence_interval":{"confidence_level":0.95,"lower_bound":9035585.370967742,"upper_bound":9090171.683333334},"point_estimate":9062715.198076922,"standard_error":16039.209153357991},"MedianAbsDev":{"confidence_interval":{"confidence_level":0.95,"lower_bound":43782.44140395688,"upper_bound":125646.90484265573},"point_estimate":81472.89089805473,"standard_error":19914.022558477056},"Slope":{"confidence_interval":{"confidence_level":0.95,"lower_bound":9032168.009302372,"upper_bound":9077277.74010473},"point_estimate":9053522.012674825,"standard_error":11494.61532559709},"StdDev":{"confidence_interval":{"confidence_level":0.95,"lower_bound":70051.08906750656,"upper_bound":293808.8984596681},"point_estimate":191203.5187295515,"standard_error":67466.71283638559}}