{"Mean":{"confidence_interval":{"confidence_level":0.95,"lower_bound":1761610.5572904763,"upper_bound":1951340.111036259},"point_estimate":1849474.0845397927,"standard_error":48745.386741692346},"Median":{"confidence_interval":{"confidence_level":0.95,"lower_bound":1696960.238095238,"upper_bound":1811110.0},"point_estimate":1727652.067669173,"standard_error":30972.21128234717},"MedianAbsDev":{"confidence_interval":{"confidence_level":0.95,"lower_bound":44697.49996810261,"upper_bound":223743.35622512965},"point_estimate":91256.49937987322,"standard_error":48881.025277590095},"Slope":{"confidence_interval":{"confidence_level":0.95,"lower_bound":1818964.4840444701,"upper_bound":2116328.053427446},"point_estimate":1973650.4494976203,"standard_error":76101.73165930444},"StdDev":{"confidence_interval":{"confidence_level":0.95,"lower_bound":157363.07204326155,"upper_bound":348903.20922577195},"point_estimate":271911.29991996905,"standard_error":48747.63086285496}}