{"Mean":{"confidence_interval":{"confidence_level":0.95,"lower_bound":1916359.1845637523,"upper_bound":1973312.6068928575},"point_estimate":1946242.8528652105,"standard_error":14569.255162599564},"Median":{"confidence_interval":{"confidence_level":0.95,"lower_bound":1934337.5,"upper_bound":1983735.1973684211},"point_estimate":1956421.4285714286,"standard_error":15023.976725197816},"MedianAbsDev":{"confidence_interval":{"confidence_level":0.95,"lower_bound":37615.735069029084,"upper_bound":111139.7639092278},"point_estimate":76016.39995478689,"standard_error":19629.12311259826},"Slope":{"confidence_interval":{"confidence_level":0.95,"lower_bound":1973616.6079606682,"upper_bound":2014216.9778103794},"point_estimate":1996893.2628239028,"standard_error":10364.982072968582},"StdDev":{"confidence_interval":{"confidence_level":0.95,"lower_bound":53651.760905428426,"upper_bound":105914.54670452586},"point_estimate":80896.29986092725,"standard_error":13817.347506045597}}