{"Mean":{"confidence_interval":{"confidence_level":0.95,"lower_bound":1139802970.0,"upper_bound":1155334040.0},"point_estimate":1146282970.0,"standard_error":4162852.6957263607},"Median":{"confidence_interval":{"confidence_level":0.95,"lower_bound":1137825200.0,"upper_bound":1164019100.0},"point_estimate":1142201250.0,"standard_error":5623867.1254789885},"MedianAbsDev":{"confidence_interval":{"confidence_level":0.95,"lower_bound":0.0,"upper_bound":13287802.264094353},"point_estimate":6487931.614816189,"standard_error":3783031.4606822426},"Slope":{"confidence_interval":{"confidence_level":0.95,"lower_bound":1138704536.2068965,"upper_bound":1147075503.5714285},"point_estimate":1143144621.8181818,"standard_error":2403370.6600681115},"StdDev":{"confidence_interval":{"confidence_level":0.95,"lower_bound":1578176.71459821,"upper_bound":13665318.095986642},"point_estimate":10434617.75962589,"standard_error":3935750.5819708295}}