{"Mean":{"confidence_interval":{"confidence_level":0.95,"lower_bound":26229.79040131417,"upper_bound":26971.26712522265},"point_estimate":26527.784162991666,"standard_error":195.17861630254404},"Median":{"confidence_interval":{"confidence_level":0.95,"lower_bound":26113.039754267826,"upper_bound":26675.055454728776},"point_estimate":26373.908382066278,"standard_error":160.57133037262668},"MedianAbsDev":{"confidence_interval":{"confidence_level":0.95,"lower_bound":203.79806372764492,"upper_bound":636.0842683919617},"point_estimate":512.4309915726076,"standard_error":101.5964697415337},"Slope":{"confidence_interval":{"confidence_level":0.95,"lower_bound":26430.537457831324,"upper_bound":26644.521663079642},"point_estimate":26560.069061055903,"standard_error":54.863386846669016},"StdDev":{"confidence_interval":{"confidence_level":0.95,"lower_bound":340.93737661814885,"upper_bound":1813.98206846871},"point_estimate":1123.6400314818156,"standard_error":474.3748609645873}}