{"Mean":{"confidence_interval":{"confidence_level":0.95,"lower_bound":200.61438490205063,"upper_bound":203.2455487795439},"point_estimate":201.80308281195184,"standard_error":0.6732436456722457},"Median":{"confidence_interval":{"confidence_level":0.95,"lower_bound":200.05236035565562,"upper_bound":200.67639084817492},"point_estimate":200.1793990095377,"standard_error":0.2307842787886117},"MedianAbsDev":{"confidence_interval":{"confidence_level":0.95,"lower_bound":0.320664442255958,"upper_bound":2.6738227188435375},"point_estimate":0.9765289459527124,"standard_error":0.6762545783268},"Slope":{"confidence_interval":{"confidence_level":0.95,"lower_bound":199.67414176621676,"upper_bound":201.12493301759005},"point_estimate":200.36752310822882,"standard_error":0.3714123517906245},"StdDev":{"confidence_interval":{"confidence_level":0.95,"lower_bound":2.055817627722055,"upper_bound":5.318276049282077},"point_estimate":3.863783186749517,"standard_error":0.8717525882428853}}