{"Mean":{"confidence_interval":{"confidence_level":0.95,"lower_bound":12052468.236140946,"upper_bound":13884405.008427354},"point_estimate":13092377.814297825,"standard_error":474814.2238669546},"Median":{"confidence_interval":{"confidence_level":0.95,"lower_bound":13537993.75925926,"upper_bound":14049267.575},"point_estimate":13743640.147849463,"standard_error":132964.65582250088},"MedianAbsDev":{"confidence_interval":{"confidence_level":0.95,"lower_bound":320187.92301886255,"upper_bound":972330.8867372113},"point_estimate":706754.1605396278,"standard_error":175278.69167006324},"Slope":{"confidence_interval":{"confidence_level":0.95,"lower_bound":13604924.084210569,"upper_bound":14031841.43975949},"point_estimate":13805113.367132867,"standard_error":108721.7432582233},"StdDev":{"confidence_interval":{"confidence_level":0.95,"lower_bound":607581.8970268421,"upper_bound":3977409.2580226804},"point_estimate":2729581.0489293123,"standard_error":863353.082268384}}