{"Mean":{"confidence_interval":{"confidence_level":0.95,"lower_bound":243810.69171810753,"upper_bound":256754.48104377685},"point_estimate":248877.16280391152,"standard_error":3422.9988598969107},"Median":{"confidence_interval":{"confidence_level":0.95,"lower_bound":242123.48976608188,"upper_bound":246399.71299342107},"point_estimate":244205.01600877193,"standard_error":1101.8072147852697},"MedianAbsDev":{"confidence_interval":{"confidence_level":0.95,"lower_bound":2598.6355430169538,"upper_bound":5793.362510305154},"point_estimate":4421.651910973685,"standard_error":806.7562014738864},"Slope":{"confidence_interval":{"confidence_level":0.95,"lower_bound":242165.15822416623,"upper_bound":244782.69872529438},"point_estimate":243429.16650717703,"standard_error":669.8734906804319},"StdDev":{"confidence_interval":{"confidence_level":0.95,"lower_bound":3067.347153480919,"upper_bound":31571.369600250382},"point_estimate":19706.300481384813,"standard_error":8552.54311414944}}