{"Mean":{"confidence_interval":{"confidence_level":0.95,"lower_bound":241969.50020789428,"upper_bound":252140.25435019113},"point_estimate":245919.69980554885,"standard_error":2700.32115501514},"Median":{"confidence_interval":{"confidence_level":0.95,"lower_bound":240542.15789473685,"upper_bound":243936.11310728744},"point_estimate":241358.26046992483,"standard_error":901.1881543210375},"MedianAbsDev":{"confidence_interval":{"confidence_level":0.95,"lower_bound":1278.943129925775,"upper_bound":5198.208246080108},"point_estimate":2564.704464020065,"standard_error":978.7385724577583},"Slope":{"confidence_interval":{"confidence_level":0.95,"lower_bound":241721.0503422801,"upper_bound":244563.15892186962},"point_estimate":243130.44515320205,"standard_error":731.6367179677295},"StdDev":{"confidence_interval":{"confidence_level":0.95,"lower_bound":2727.0326012824885,"upper_bound":24910.004469456562},"point_estimate":15503.955973916,"standard_error":6819.645019727231}}