{"Mean":{"confidence_interval":{"confidence_level":0.95,"lower_bound":898.2244865552755,"upper_bound":922.765806972023},"point_estimate":908.1424677075222,"standard_error":6.442479352034648},"Median":{"confidence_interval":{"confidence_level":0.95,"lower_bound":895.6009109967836,"upper_bound":909.5487342945052},"point_estimate":900.7650236665166,"standard_error":3.43917753293652},"MedianAbsDev":{"confidence_interval":{"confidence_level":0.95,"lower_bound":9.179225608974132,"upper_bound":22.91453356600956},"point_estimate":16.429592787835034,"standard_error":3.4955715223101342},"Slope":{"confidence_interval":{"confidence_level":0.95,"lower_bound":892.3117776746316,"upper_bound":901.6486436443552},"point_estimate":897.020874644015,"standard_error":2.3865201901332336},"StdDev":{"confidence_interval":{"confidence_level":0.95,"lower_bound":11.919042930045716,"upper_bound":59.19630263153965},"point_estimate":37.10291262973847,"standard_error":15.124076389825918}}