{"Mean":{"confidence_interval":{"confidence_level":0.95,"lower_bound":1023.2628220516652,"upper_bound":1156.5843297090967},"point_estimate":1086.9368527588067,"standard_error":34.08717422108499},"Median":{"confidence_interval":{"confidence_level":0.95,"lower_bound":935.7765973852784,"upper_bound":1136.8188671950513},"point_estimate":995.0917357075894,"standard_error":62.70270444545739},"MedianAbsDev":{"confidence_interval":{"confidence_level":0.95,"lower_bound":22.839081286296636,"upper_bound":285.53659388998915},"point_estimate":112.09777354494564,"standard_error":78.2804334096904},"Slope":{"confidence_interval":{"confidence_level":0.95,"lower_bound":946.6816978879327,"upper_bound":1010.0613177434341},"point_estimate":970.507256480176,"standard_error":16.322208095380013},"StdDev":{"confidence_interval":{"confidence_level":0.95,"lower_bound":135.30954160655128,"upper_bound":236.5680540608879},"point_estimate":195.87782038203238,"standard_error":25.870708322712318}}