{"Mean":{"confidence_interval":{"confidence_level":0.95,"lower_bound":15980.000896178588,"upper_bound":16174.938071373246},"point_estimate":16074.677688787577,"standard_error":49.65971564534664},"Median":{"confidence_interval":{"confidence_level":0.95,"lower_bound":15920.912758446797,"upper_bound":16120.048187370427},"point_estimate":16017.198527384244,"standard_error":53.41351886171461},"MedianAbsDev":{"confidence_interval":{"confidence_level":0.95,"lower_bound":124.79297433516203,"upper_bound":377.7344107589944},"point_estimate":255.98812872603412,"standard_error":65.29580411979109},"Slope":{"confidence_interval":{"confidence_level":0.95,"lower_bound":15983.54639857093,"upper_bound":16159.296869611748},"point_estimate":16069.262459088397,"standard_error":44.7985278183631},"StdDev":{"confidence_interval":{"confidence_level":0.95,"lower_bound":200.34335568022357,"upper_bound":334.83425382553474},"point_estimate":276.5903767551717,"standard_error":34.26338914551289}}