{"Mean":{"confidence_interval":{"confidence_level":0.95,"lower_bound":21675768.43524517,"upper_bound":22640612.445539284},"point_estimate":22015476.211339734,"standard_error":290025.2156943416},"Median":{"confidence_interval":{"confidence_level":0.95,"lower_bound":21667817.333333332,"upper_bound":21690762.88235294},"point_estimate":21681758.304347828,"standard_error":5511.858171676529},"MedianAbsDev":{"confidence_interval":{"confidence_level":0.95,"lower_bound":15980.315011294353,"upper_bound":54753.158327937126},"point_estimate":26438.04452338682,"standard_error":10786.648080848332},"Slope":{"confidence_interval":{"confidence_level":0.95,"lower_bound":21666927.229631543,"upper_bound":21746505.39478665},"point_estimate":21703417.687762238,"standard_error":20706.028357766645},"StdDev":{"confidence_interval":{"confidence_level":0.95,"lower_bound":50994.77569941439,"upper_bound":2781983.234265957},"point_estimate":1666511.5086268806,"standard_error":939707.8912248894}}