{"Mean":{"confidence_interval":{"confidence_level":0.95,"lower_bound":550.7384622745113,"upper_bound":561.7306175069094},"point_estimate":555.4845649046689,"standard_error":2.8408413719974255},"Median":{"confidence_interval":{"confidence_level":0.95,"lower_bound":550.8786082906772,"upper_bound":551.6945468114334},"point_estimate":551.3678177999683,"standard_error":0.2281672086279179},"MedianAbsDev":{"confidence_interval":{"confidence_level":0.95,"lower_bound":0.5838254783574389,"upper_bound":4.742957454133811},"point_estimate":1.3812800977893545,"standard_error":1.0929326568551492},"Slope":{"confidence_interval":{"confidence_level":0.95,"lower_bound":549.7611392002258,"upper_bound":565.8507190338803},"point_estimate":557.364353953227,"standard_error":4.170729461665555},"StdDev":{"confidence_interval":{"confidence_level":0.95,"lower_bound":4.701636941580068,"upper_bound":24.553566425486693},"point_estimate":16.393869705163755,"standard_error":5.253584636314765}}