{"Mean":{"confidence_interval":{"confidence_level":0.95,"lower_bound":-0.014162423435107459,"upper_bound":0.05298994567305113},"point_estimate":0.020330903308136916,"standard_error":0.017124330150837704},"Median":{"confidence_interval":{"confidence_level":0.95,"lower_bound":0.004730315009299213,"upper_bound":0.011994175318171596},"point_estimate":0.008959429084892667,"standard_error":0.0019505153889208776}}