{"Mean":{"confidence_interval":{"confidence_level":0.95,"lower_bound":18274.335558363204,"upper_bound":18879.67286106846},"point_estimate":18557.558972870393,"standard_error":154.6657033661135},"Median":{"confidence_interval":{"confidence_level":0.95,"lower_bound":18028.01847513979,"upper_bound":18536.799803536345},"point_estimate":18174.266860791467,"standard_error":138.94904005644085},"MedianAbsDev":{"confidence_interval":{"confidence_level":0.95,"lower_bound":158.24427642550665,"upper_bound":825.5145168913356},"point_estimate":382.8219441340457,"standard_error":172.42157096074138},"Slope":{"confidence_interval":{"confidence_level":0.95,"lower_bound":18238.98585189582,"upper_bound":19113.476765197403},"point_estimate":18644.69355138967,"standard_error":224.030821949772},"StdDev":{"confidence_interval":{"confidence_level":0.95,"lower_bound":570.4578301416975,"upper_bound":1088.730268146411},"point_estimate":888.697188724637,"standard_error":132.338707960839}}