{"Mean":{"confidence_interval":{"confidence_level":0.95,"lower_bound":-0.3548015408350009,"upper_bound":-0.29989036819499254},"point_estimate":-0.3273717078426769,"standard_error":0.014086859108590115},"Median":{"confidence_interval":{"confidence_level":0.95,"lower_bound":-0.3211059887314125,"upper_bound":-0.2888011201143572},"point_estimate":-0.30089180323967724,"standard_error":0.007828813173694193}}