{"Mean":{"confidence_interval":{"confidence_level":0.95,"lower_bound":3807.5268054725593,"upper_bound":4254.987807604661},"point_estimate":4014.381306849938,"standard_error":114.94925942320751},"Median":{"confidence_interval":{"confidence_level":0.95,"lower_bound":3650.0431759896055,"upper_bound":3889.0530659724145},"point_estimate":3662.616804180213,"standard_error":60.88164056018701},"MedianAbsDev":{"confidence_interval":{"confidence_level":0.95,"lower_bound":20.144874403631974,"upper_bound":403.37196547639775},"point_estimate":74.08470384106626,"standard_error":99.605948675756},"Slope":{"confidence_interval":{"confidence_level":0.95,"lower_bound":3868.498885302043,"upper_bound":4520.75484691524},"point_estimate":4169.741528232334,"standard_error":167.76966738986053},"StdDev":{"confidence_interval":{"confidence_level":0.95,"lower_bound":387.17393048569767,"upper_bound":837.5031526262619},"point_estimate":661.0694103612364,"standard_error":115.8369909150231}}