{"Mean":{"confidence_interval":{"confidence_level":0.95,"lower_bound":1672146.4486447005,"upper_bound":1684384.3746763573},"point_estimate":1677824.1527009404,"standard_error":3122.664594944473},"Median":{"confidence_interval":{"confidence_level":0.95,"lower_bound":1670178.2215619693,"upper_bound":1679364.1166666667},"point_estimate":1674156.2675585286,"standard_error":2787.7055375434047},"MedianAbsDev":{"confidence_interval":{"confidence_level":0.95,"lower_bound":6613.654682336174,"upper_bound":17985.470746620053},"point_estimate":10012.547981332655,"standard_error":3006.6799409510713},"Slope":{"confidence_interval":{"confidence_level":0.95,"lower_bound":1667857.546866144,"upper_bound":1674744.7020145906},"point_estimate":1671101.7150641026,"standard_error":1751.8138560657897},"StdDev":{"confidence_interval":{"confidence_level":0.95,"lower_bound":10375.55014024148,"upper_bound":24859.947063981253},"point_estimate":17914.110000675257,"standard_error":3895.4599948412247}}