{"Mean":{"confidence_interval":{"confidence_level":0.95,"lower_bound":471.8990699675553,"upper_bound":488.57974393183326},"point_estimate":480.22601943750993,"standard_error":4.265685990218381},"Median":{"confidence_interval":{"confidence_level":0.95,"lower_bound":464.6298592278487,"upper_bound":495.99998027710666},"point_estimate":486.8948144639247,"standard_error":7.334398966956004},"MedianAbsDev":{"confidence_interval":{"confidence_level":0.95,"lower_bound":10.70050749516062,"upper_bound":36.08732561724424},"point_estimate":23.907975073775788,"standard_error":7.154258142798272},"Slope":{"confidence_interval":{"confidence_level":0.95,"lower_bound":462.71081515681306,"upper_bound":481.92386906259736},"point_estimate":472.2918380452199,"standard_error":4.9100211365687665},"StdDev":{"confidence_interval":{"confidence_level":0.95,"lower_bound":19.74590971649612,"upper_bound":28.980737802497497},"point_estimate":24.637534677223307,"standard_error":2.3695377168738214}}