{"Mean":{"confidence_interval":{"confidence_level":0.95,"lower_bound":49.218472842430785,"upper_bound":49.57151035258291},"point_estimate":49.388188703092716,"standard_error":0.09019950884279908},"Median":{"confidence_interval":{"confidence_level":0.95,"lower_bound":49.2351230494464,"upper_bound":49.54407879117646},"point_estimate":49.46795582734735,"standard_error":0.07818005495346357},"MedianAbsDev":{"confidence_interval":{"confidence_level":0.95,"lower_bound":0.13438993905063887,"upper_bound":0.7192945009494923},"point_estimate":0.32896932953908387,"standard_error":0.15420750681561382},"Slope":{"confidence_interval":{"confidence_level":0.95,"lower_bound":49.07945441547012,"upper_bound":49.44195518597994},"point_estimate":49.25740229799661,"standard_error":0.09281772877209679},"StdDev":{"confidence_interval":{"confidence_level":0.95,"lower_bound":0.35169866851079656,"upper_bound":0.6595942260492016},"point_estimate":0.5183830941807238,"standard_error":0.07983667285967541}}