{"Mean":{"confidence_interval":{"confidence_level":0.95,"lower_bound":5817.883869403898,"upper_bound":5945.9111003212565},"point_estimate":5871.720042460678,"standard_error":33.3769281418768},"Median":{"confidence_interval":{"confidence_level":0.95,"lower_bound":5834.692307692308,"upper_bound":5846.586914688904},"point_estimate":5841.540020295617,"standard_error":2.9947852778901862},"MedianAbsDev":{"confidence_interval":{"confidence_level":0.95,"lower_bound":8.412192194230723,"upper_bound":39.00558303937919},"point_estimate":16.269153263121026,"standard_error":8.32297237616528},"Slope":{"confidence_interval":{"confidence_level":0.95,"lower_bound":5787.733285608211,"upper_bound":5828.210874068459},"point_estimate":5807.570393373464,"standard_error":10.365549647722572},"StdDev":{"confidence_interval":{"confidence_level":0.95,"lower_bound":36.32418125146228,"upper_bound":287.1299175782343},"point_estimate":191.79411670896542,"standard_error":67.4723155043912}}