{"Mean":{"confidence_interval":{"confidence_level":0.95,"lower_bound":248171.89282993303,"upper_bound":262022.5255104136},"point_estimate":254792.49663392152,"standard_error":3535.0667078601937},"Median":{"confidence_interval":{"confidence_level":0.95,"lower_bound":240852.17435897436,"upper_bound":258608.3076923077},"point_estimate":244865.1623383739,"standard_error":4735.4274058387455},"MedianAbsDev":{"confidence_interval":{"confidence_level":0.95,"lower_bound":4852.258454570035,"upper_bound":26679.831306338336},"point_estimate":10765.134332470416,"standard_error":5810.582058257621},"Slope":{"confidence_interval":{"confidence_level":0.95,"lower_bound":248972.3190621036,"upper_bound":265568.5474962279},"point_estimate":256799.9090729783,"standard_error":4243.658851675779},"StdDev":{"confidence_interval":{"confidence_level":0.95,"lower_bound":14218.01941049489,"upper_bound":24405.36234291283},"point_estimate":20228.73568845413,"standard_error":2594.3038819503076}}