{"Mean":{"confidence_interval":{"confidence_level":0.95,"lower_bound":1030.7230547648687,"upper_bound":1047.4507489819387},"point_estimate":1037.6633968852084,"standard_error":4.36516014195101},"Median":{"confidence_interval":{"confidence_level":0.95,"lower_bound":1028.6662889518414,"upper_bound":1038.7524301505305},"point_estimate":1030.8191375511487,"standard_error":2.5451097167173717},"MedianAbsDev":{"confidence_interval":{"confidence_level":0.95,"lower_bound":3.8094852489823645,"upper_bound":14.95371267569502},"point_estimate":8.368033184770871,"standard_error":2.8850885595335876},"Slope":{"confidence_interval":{"confidence_level":0.95,"lower_bound":1026.839097980877,"upper_bound":1034.6062908343},"point_estimate":1030.8233641712395,"standard_error":1.9879406989524204},"StdDev":{"confidence_interval":{"confidence_level":0.95,"lower_bound":8.440573706521208,"upper_bound":39.41086723253617},"point_estimate":25.07125998297927,"standard_error":9.512014637857385}}