{"Mean":{"confidence_interval":{"confidence_level":0.95,"lower_bound":14601.049925183623,"upper_bound":15257.627342634176},"point_estimate":14885.067035310789,"standard_error":169.5748380494173},"Median":{"confidence_interval":{"confidence_level":0.95,"lower_bound":14438.468883785026,"upper_bound":14761.35563829187},"point_estimate":14536.995406755672,"standard_error":106.83127961851378},"MedianAbsDev":{"confidence_interval":{"confidence_level":0.95,"lower_bound":82.65962405809816,"upper_bound":468.4975558121467},"point_estimate":247.53272844180862,"standard_error":107.76996104369769},"Slope":{"confidence_interval":{"confidence_level":0.95,"lower_bound":14477.742073501515,"upper_bound":14652.863622352941},"point_estimate":14556.559859352867,"standard_error":45.07314946996803},"StdDev":{"confidence_interval":{"confidence_level":0.95,"lower_bound":262.07305126665676,"upper_bound":1432.8637749256288},"point_estimate":975.1135188499128,"standard_error":303.2337515459104}}