{"Mean":{"confidence_interval":{"confidence_level":0.95,"lower_bound":15022394.176065853,"upper_bound":17468992.91254686},"point_estimate":16405639.334791698,"standard_error":629810.7082167332},"Median":{"confidence_interval":{"confidence_level":0.95,"lower_bound":17117700.06451613,"upper_bound":17688155.766666666},"point_estimate":17369908.912259616,"standard_error":146060.62621707606},"MedianAbsDev":{"confidence_interval":{"confidence_level":0.95,"lower_bound":413272.41992294823,"upper_bound":1379226.973080494},"point_estimate":733182.8003062666,"standard_error":259352.72518401156},"Slope":{"confidence_interval":{"confidence_level":0.95,"lower_bound":17234407.76642632,"upper_bound":17885307.16423157},"point_estimate":17531470.744055945,"standard_error":165883.27218987164},"StdDev":{"confidence_interval":{"confidence_level":0.95,"lower_bound":933055.7699407225,"upper_bound":5215611.604286261},"point_estimate":3609465.878998227,"standard_error":1089683.1390290272}}