{"Mean":{"confidence_interval":{"confidence_level":0.95,"lower_bound":29549.893467317186,"upper_bound":30442.2099668293},"point_estimate":30006.507268096037,"standard_error":227.5973376359854},"Median":{"confidence_interval":{"confidence_level":0.95,"lower_bound":28979.57302150731,"upper_bound":31000.25609423676},"point_estimate":30465.62420820353,"standard_error":536.9303562948782},"MedianAbsDev":{"confidence_interval":{"confidence_level":0.95,"lower_bound":589.668274108142,"upper_bound":2067.2553266750474},"point_estimate":1416.3858846206379,"standard_error":416.806834010626},"Slope":{"confidence_interval":{"confidence_level":0.95,"lower_bound":29192.576773816687,"upper_bound":30441.491819491468},"point_estimate":29832.499499215737,"standard_error":319.81474044761427},"StdDev":{"confidence_interval":{"confidence_level":0.95,"lower_bound":1106.859522052436,"upper_bound":1443.7044413708559},"point_estimate":1314.6372009117333,"standard_error":85.73012861081196}}