{"Mean":{"confidence_interval":{"confidence_level":0.95,"lower_bound":-0.049194988248800635,"upper_bound":-0.017055333409250986},"point_estimate":-0.03494911605192996,"standard_error":0.00819033831348256},"Median":{"confidence_interval":{"confidence_level":0.95,"lower_bound":-0.039248449902799964,"upper_bound":-0.024333300473084685},"point_estimate":-0.03018955062322104,"standard_error":0.004094814941410955}}