{"Mean":{"confidence_interval":{"confidence_level":0.95,"lower_bound":7.45257344790694,"upper_bound":7.573721843840694},"point_estimate":7.507674653831709,"standard_error":0.031029954617225866},"Median":{"confidence_interval":{"confidence_level":0.95,"lower_bound":7.431172847175969,"upper_bound":7.512988697208042},"point_estimate":7.465064416755661,"standard_error":0.018932318669044754},"MedianAbsDev":{"confidence_interval":{"confidence_level":0.95,"lower_bound":0.052246401338256934,"upper_bound":0.1534310794388931},"point_estimate":0.08984486512964007,"standard_error":0.02425116543832198},"Slope":{"confidence_interval":{"confidence_level":0.95,"lower_bound":7.413842035122472,"upper_bound":7.484605303594264},"point_estimate":7.445542097604214,"standard_error":0.018019295093045225},"StdDev":{"confidence_interval":{"confidence_level":0.95,"lower_bound":0.09572559387306998,"upper_bound":0.25330720323825745},"point_estimate":0.17871866424768715,"standard_error":0.042886336946363464}}