{"Mean":{"confidence_interval":{"confidence_level":0.95,"lower_bound":29354.35934964905,"upper_bound":30333.361967810633},"point_estimate":29794.31639012698,"standard_error":246.75450984367234},"Median":{"confidence_interval":{"confidence_level":0.95,"lower_bound":29313.07311320755,"upper_bound":29444.348008385743},"point_estimate":29364.14104091227,"standard_error":32.52568061287059},"MedianAbsDev":{"confidence_interval":{"confidence_level":0.95,"lower_bound":94.67836114769803,"upper_bound":259.0224477102709},"point_estimate":177.757563661084,"standard_error":44.69527464255876},"Slope":{"confidence_interval":{"confidence_level":0.95,"lower_bound":29243.19662336892,"upper_bound":29364.19494630024},"point_estimate":29297.71382520781,"standard_error":31.030594305526897},"StdDev":{"confidence_interval":{"confidence_level":0.95,"lower_bound":149.54484752699688,"upper_bound":1973.7839000969984},"point_estimate":1417.5678846878009,"standard_error":406.1421953881327}}