{"Mean":{"confidence_interval":{"confidence_level":0.95,"lower_bound":49.27792199548173,"upper_bound":50.08630554142885},"point_estimate":49.63362266695728,"standard_error":0.20829302484418968},"Median":{"confidence_interval":{"confidence_level":0.95,"lower_bound":49.00628956552321,"upper_bound":49.618019785016045},"point_estimate":49.06089056096884,"standard_error":0.15400627751219656},"MedianAbsDev":{"confidence_interval":{"confidence_level":0.95,"lower_bound":0.07176297346699126,"upper_bound":0.9285358829141843},"point_estimate":0.1549966279326678,"standard_error":0.20923081259079396},"Slope":{"confidence_interval":{"confidence_level":0.95,"lower_bound":49.03701052893609,"upper_bound":49.245595208282694},"point_estimate":49.1256700693663,"standard_error":0.05339491813472059},"StdDev":{"confidence_interval":{"confidence_level":0.95,"lower_bound":0.47476478255505583,"upper_bound":1.6885858692891684},"point_estimate":1.1888512883729974,"standard_error":0.32300885836311205}}