{"Mean":{"confidence_interval":{"confidence_level":0.95,"lower_bound":30569.217592643956,"upper_bound":31563.006176647606},"point_estimate":31022.056781610518,"standard_error":252.2043492757811},"Median":{"confidence_interval":{"confidence_level":0.95,"lower_bound":30512.694109461965,"upper_bound":30616.624034315486},"point_estimate":30554.270159108368,"standard_error":29.77049496580219},"MedianAbsDev":{"confidence_interval":{"confidence_level":0.95,"lower_bound":64.36678555409031,"upper_bound":177.68455092095977},"point_estimate":112.87779369407131,"standard_error":26.565488849920385},"Slope":{"confidence_interval":{"confidence_level":0.95,"lower_bound":30520.601340606114,"upper_bound":30575.976425634388},"point_estimate":30546.46756822723,"standard_error":14.052975657643367},"StdDev":{"confidence_interval":{"confidence_level":0.95,"lower_bound":152.20532686500195,"upper_bound":2026.604299343202},"point_estimate":1458.4195823210664,"standard_error":420.68851364984545}}