{"Mean":{"confidence_interval":{"confidence_level":0.95,"lower_bound":58103.365521182204,"upper_bound":60268.33799387447},"point_estimate":59157.723083870165,"standard_error":552.6710744543087},"Median":{"confidence_interval":{"confidence_level":0.95,"lower_bound":56660.82176863181,"upper_bound":60476.260273492284},"point_estimate":57405.28433179723,"standard_error":899.951150068052},"MedianAbsDev":{"confidence_interval":{"confidence_level":0.95,"lower_bound":719.1162763825399,"upper_bound":4772.507926448037},"point_estimate":1561.9074574318781,"standard_error":1007.2932812908913},"Slope":{"confidence_interval":{"confidence_level":0.95,"lower_bound":57139.988837971236,"upper_bound":59323.30670924446},"point_estimate":58128.478569253326,"standard_error":561.4555154866536},"StdDev":{"confidence_interval":{"confidence_level":0.95,"lower_bound":2526.3587204931746,"upper_bound":3553.340382701441},"point_estimate":3178.786814880976,"standard_error":261.86849802435785}}