{"Mean":{"confidence_interval":{"confidence_level":0.95,"lower_bound":17742.33717516545,"upper_bound":18005.480278215375},"point_estimate":17870.254509446004,"standard_error":67.33095821888053},"Median":{"confidence_interval":{"confidence_level":0.95,"lower_bound":17602.503019087584,"upper_bound":18024.961846807688},"point_estimate":17722.76421313153,"standard_error":119.3074904429684},"MedianAbsDev":{"confidence_interval":{"confidence_level":0.95,"lower_bound":137.02080216509515,"upper_bound":571.7111118660124},"point_estimate":311.70142894895173,"standard_error":116.9419133486493},"Slope":{"confidence_interval":{"confidence_level":0.95,"lower_bound":17700.17405494521,"upper_bound":17988.526875959484},"point_estimate":17831.060289904908,"standard_error":73.67900098290052},"StdDev":{"confidence_interval":{"confidence_level":0.95,"lower_bound":285.64582958998506,"upper_bound":439.0777914157969},"point_estimate":374.44770364592415,"standard_error":39.32282438997299}}