{"Mean":{"confidence_interval":{"confidence_level":0.95,"lower_bound":-0.04360913930842085,"upper_bound":-0.0011284989547799451},"point_estimate":-0.023638789638323,"standard_error":0.010912605889142082},"Median":{"confidence_interval":{"confidence_level":0.95,"lower_bound":-0.03792665394551875,"upper_bound":-0.019784943870830185},"point_estimate":-0.02508995666246805,"standard_error":0.004910569950092076}}