{"Mean":{"confidence_interval":{"confidence_level":0.95,"lower_bound":32078.82607169584,"upper_bound":33362.77968225554},"point_estimate":32659.120815968374,"standard_error":326.1196240272364},"Median":{"confidence_interval":{"confidence_level":0.95,"lower_bound":31989.92163242009,"upper_bound":32080.719748858446},"point_estimate":32024.584681152577,"standard_error":24.77022859154179},"MedianAbsDev":{"confidence_interval":{"confidence_level":0.95,"lower_bound":50.40690006400277,"upper_bound":230.0780639118739},"point_estimate":134.56259031154462,"standard_error":54.40751350757542},"Slope":{"confidence_interval":{"confidence_level":0.95,"lower_bound":31991.335142634827,"upper_bound":32126.871354096114},"point_estimate":32049.71566451528,"standard_error":34.92548710690189},"StdDev":{"confidence_interval":{"confidence_level":0.95,"lower_bound":195.7556705036126,"upper_bound":2641.5199709151707},"point_estimate":1880.6436885279743,"standard_error":546.6931508015482}}