{"Mean":{"confidence_interval":{"confidence_level":0.95,"lower_bound":680424.1896435773,"upper_bound":696270.6850807873},"point_estimate":687143.0652415451,"standard_error":4123.962956201837},"Median":{"confidence_interval":{"confidence_level":0.95,"lower_bound":678133.8456221198,"upper_bound":685180.612244898},"point_estimate":681341.2720626295,"standard_error":1868.5799272410216},"MedianAbsDev":{"confidence_interval":{"confidence_level":0.95,"lower_bound":4158.879045415021,"upper_bound":9966.949495516737},"point_estimate":6817.348911221094,"standard_error":1476.8033592649347},"Slope":{"confidence_interval":{"confidence_level":0.95,"lower_bound":678448.9844218282,"upper_bound":687026.5716664931},"point_estimate":682459.5050137363,"standard_error":2216.6852481338096},"StdDev":{"confidence_interval":{"confidence_level":0.95,"lower_bound":5763.618951956486,"upper_bound":35899.947637350226},"point_estimate":23694.040839065587,"standard_error":8078.517484062392}}