{"Mean":{"confidence_interval":{"confidence_level":0.95,"lower_bound":127.93724501818254,"upper_bound":129.2918232885274},"point_estimate":128.58661788608376,"standard_error":0.3473417921515583},"Median":{"confidence_interval":{"confidence_level":0.95,"lower_bound":127.32989871360698,"upper_bound":128.84659149268728},"point_estimate":127.47111923087868,"standard_error":0.3924105471325069},"MedianAbsDev":{"confidence_interval":{"confidence_level":0.95,"lower_bound":0.23801160929265705,"upper_bound":2.5200040629299836},"point_estimate":0.41327117702493754,"standard_error":0.6630138744207145},"Slope":{"confidence_interval":{"confidence_level":0.95,"lower_bound":127.33729514539732,"upper_bound":128.44764685855435},"point_estimate":127.85623412432437,"standard_error":0.28626956286541716},"StdDev":{"confidence_interval":{"confidence_level":0.95,"lower_bound":1.4340085668369027,"upper_bound":2.3946723531253014},"point_estimate":1.9973162265323987,"standard_error":0.24571783454527707}}