{"Mean":{"confidence_interval":{"confidence_level":0.95,"lower_bound":49.28884864073387,"upper_bound":50.439649342788165},"point_estimate":49.70203149489994,"standard_error":0.34189499221703884},"Median":{"confidence_interval":{"confidence_level":0.95,"lower_bound":49.31105023448019,"upper_bound":49.4903586764283},"point_estimate":49.43964216059524,"standard_error":0.03837014550221602},"MedianAbsDev":{"confidence_interval":{"confidence_level":0.95,"lower_bound":0.06095664152441051,"upper_bound":0.2833279067917072},"point_estimate":0.1315171783954133,"standard_error":0.05723710779859066},"Slope":{"confidence_interval":{"confidence_level":0.95,"lower_bound":49.20065834040255,"upper_bound":49.39505914089483},"point_estimate":49.30413077267046,"standard_error":0.04979045797670047},"StdDev":{"confidence_interval":{"confidence_level":0.95,"lower_bound":0.19123613849143173,"upper_bound":3.3089119874862103},"point_estimate":1.977397430501333,"standard_error":1.0965579189223587}}