{"Mean":{"confidence_interval":{"confidence_level":0.95,"lower_bound":493086236.0,"upper_bound":559153604.9999999},"point_estimate":517153136.3333333,"standard_error":18664370.168073937},"Median":{"confidence_interval":{"confidence_level":0.95,"lower_bound":490024140.0,"upper_bound":599982866.6666666},"point_estimate":499939250.0,"standard_error":24179304.171028454},"MedianAbsDev":{"confidence_interval":{"confidence_level":0.95,"lower_bound":0.0,"upper_bound":19382711.451888084},"point_estimate":10700554.11502719,"standard_error":6061872.388849565},"Slope":{"confidence_interval":{"confidence_level":0.95,"lower_bound":490830924.2990654,"upper_bound":575235158.3333334},"point_estimate":509760965.45454544,"standard_error":22144761.536192},"StdDev":{"confidence_interval":{"confidence_level":0.95,"lower_bound":3717630.900732683,"upper_bound":59252055.82370178},"point_estimate":46603410.891606316,"standard_error":21721063.37020249}}