{"Mean":{"confidence_interval":{"confidence_level":0.95,"lower_bound":89.0300788227335,"upper_bound":105.24015417721952},"point_estimate":96.47900448779279,"standard_error":4.162090690672889},"Median":{"confidence_interval":{"confidence_level":0.95,"lower_bound":82.20249144770838,"upper_bound":94.47145973945976},"point_estimate":86.94794126336262,"standard_error":3.5429509540593034},"MedianAbsDev":{"confidence_interval":{"confidence_level":0.95,"lower_bound":5.092186731833759,"upper_bound":20.539203433849213},"point_estimate":11.986823595147316,"standard_error":4.4312845339040425},"Slope":{"confidence_interval":{"confidence_level":0.95,"lower_bound":89.26970792181461,"upper_bound":109.1624824218224},"point_estimate":97.66131103803772,"standard_error":5.08454683186819},"StdDev":{"confidence_interval":{"confidence_level":0.95,"lower_bound":13.644301858599201,"upper_bound":31.50361650169154},"point_estimate":23.949795098980722,"standard_error":4.578307637406239}}