{"Mean":{"confidence_interval":{"confidence_level":0.95,"lower_bound":3419849.12800683,"upper_bound":3618999.491806995},"point_estimate":3507984.479479393,"standard_error":51071.09605122144},"Median":{"confidence_interval":{"confidence_level":0.95,"lower_bound":3376247.6418650793,"upper_bound":3473575.677419355},"point_estimate":3419122.0035366933,"standard_error":24607.33062647101},"MedianAbsDev":{"confidence_interval":{"confidence_level":0.95,"lower_bound":69084.18123627949,"upper_bound":242296.2033312251},"point_estimate":138868.97610308437,"standard_error":47693.068875627294},"Slope":{"confidence_interval":{"confidence_level":0.95,"lower_bound":3374996.6216452457,"upper_bound":3433194.602652205},"point_estimate":3405512.7863053614,"standard_error":14848.309954149283},"StdDev":{"confidence_interval":{"confidence_level":0.95,"lower_bound":148837.87144994605,"upper_bound":425297.5616749211},"point_estimate":292458.0718351384,"standard_error":80231.03341216063}}