{"Mean":{"confidence_interval":{"confidence_level":0.95,"lower_bound":44931.45277970705,"upper_bound":45700.59130441751},"point_estimate":45281.623336105426,"standard_error":197.72137713115012},"Median":{"confidence_interval":{"confidence_level":0.95,"lower_bound":44783.61810147256,"upper_bound":45261.38916256158},"point_estimate":44959.93739150833,"standard_error":118.51299757098117},"MedianAbsDev":{"confidence_interval":{"confidence_level":0.95,"lower_bound":299.01429046467615,"upper_bound":954.2912566211605},"point_estimate":639.2282433157883,"standard_error":178.92110793493615},"Slope":{"confidence_interval":{"confidence_level":0.95,"lower_bound":44656.45558812944,"upper_bound":44943.39758082777},"point_estimate":44795.25114798994,"standard_error":72.86797681694148},"StdDev":{"confidence_interval":{"confidence_level":0.95,"lower_bound":612.4660950136113,"upper_bound":1581.9209429977848},"point_estimate":1135.272016366477,"standard_error":262.4721143900243}}