{"Mean":{"confidence_interval":{"confidence_level":0.95,"lower_bound":421123.9900719961,"upper_bound":427600.438340428},"point_estimate":423979.8039455379,"standard_error":1671.4185637884086},"Median":{"confidence_interval":{"confidence_level":0.95,"lower_bound":420064.2121212121,"upper_bound":423479.8915719697},"point_estimate":420530.51704545453,"standard_error":806.8497145921098},"MedianAbsDev":{"confidence_interval":{"confidence_level":0.95,"lower_bound":1202.660286541104,"upper_bound":6399.476114227479},"point_estimate":3029.190664422503,"standard_error":1341.015122009311},"Slope":{"confidence_interval":{"confidence_level":0.95,"lower_bound":418737.08371203043,"upper_bound":421133.5004414569},"point_estimate":419862.9331969167,"standard_error":610.3326500822893},"StdDev":{"confidence_interval":{"confidence_level":0.95,"lower_bound":4070.511400716034,"upper_bound":14114.52845698655},"point_estimate":9606.586716259782,"standard_error":2793.8798261644642}}