{"Mean":{"confidence_interval":{"confidence_level":0.95,"lower_bound":15241.72417027402,"upper_bound":15901.533159711189},"point_estimate":15568.574162696446,"standard_error":168.2527221672923},"Median":{"confidence_interval":{"confidence_level":0.95,"lower_bound":14694.023662964319,"upper_bound":16239.384104557574},"point_estimate":15757.844692253559,"standard_error":397.00524542023106},"MedianAbsDev":{"confidence_interval":{"confidence_level":0.95,"lower_bound":413.2502740308614,"upper_bound":1511.0493203863714},"point_estimate":1219.7277395405592,"standard_error":279.43307636194317},"Slope":{"confidence_interval":{"confidence_level":0.95,"lower_bound":14832.456864880976,"upper_bound":15639.077403933054},"point_estimate":15233.096308087517,"standard_error":206.26452894271955},"StdDev":{"confidence_interval":{"confidence_level":0.95,"lower_bound":788.0826376102098,"upper_bound":1140.4564372020052},"point_estimate":969.7173715432816,"standard_error":91.98102338784263}}