{"Mean":{"confidence_interval":{"confidence_level":0.95,"lower_bound":3687.8584423614097,"upper_bound":3767.9958700483626},"point_estimate":3722.6544520581965,"standard_error":20.583627137548337},"Median":{"confidence_interval":{"confidence_level":0.95,"lower_bound":3665.4021494949493,"upper_bound":3721.8083160274073},"point_estimate":3686.333212121212,"standard_error":14.132701204242343},"MedianAbsDev":{"confidence_interval":{"confidence_level":0.95,"lower_bound":26.14024118900083,"upper_bound":79.3772223584488},"point_estimate":57.193706926099615,"standard_error":15.953452106516178},"Slope":{"confidence_interval":{"confidence_level":0.95,"lower_bound":3668.892708192479,"upper_bound":3694.570635332567},"point_estimate":3680.9889781380234,"standard_error":6.539296349297617},"StdDev":{"confidence_interval":{"confidence_level":0.95,"lower_bound":46.1794848479089,"upper_bound":174.81172277508225},"point_estimate":118.13768289556613,"standard_error":35.134333251721486}}