{"Mean":{"confidence_interval":{"confidence_level":0.95,"lower_bound":3050704.491228071,"upper_bound":3230708.9473684216},"point_estimate":3140706.719298246,"standard_error":45904.57449318675},"Median":{"confidence_interval":{"confidence_level":0.95,"lower_bound":3008787.1052631577,"upper_bound":3281501.3157894737},"point_estimate":3140778.947368421,"standard_error":78914.47593207662},"MedianAbsDev":{"confidence_interval":{"confidence_level":0.95,"lower_bound":0.0,"upper_bound":195691.10163105195},"point_estimate":138169.86412594176,"standard_error":58716.426051185226},"Slope":{"confidence_interval":{"confidence_level":0.95,"lower_bound":3018838.9344262294,"upper_bound":3268134.9030470913},"point_estimate":3112586.650717703,"standard_error":70773.39144980768},"StdDev":{"confidence_interval":{"confidence_level":0.95,"lower_bound":41677.757198516425,"upper_bound":140942.78889070873},"point_estimate":115090.22019257027,"standard_error":25439.914710724435}}