{"Mean":{"confidence_interval":{"confidence_level":0.95,"lower_bound":58214.551358689445,"upper_bound":59999.88336480605},"point_estimate":59084.012786984116,"standard_error":458.18439583873044},"Median":{"confidence_interval":{"confidence_level":0.95,"lower_bound":57286.854430379746,"upper_bound":59716.27215189873},"point_estimate":57950.65506329114,"standard_error":658.0931945682202},"MedianAbsDev":{"confidence_interval":{"confidence_level":0.95,"lower_bound":1036.691640858575,"upper_bound":4102.420281154822},"point_estimate":2172.004582451866,"standard_error":760.1627466672594},"Slope":{"confidence_interval":{"confidence_level":0.95,"lower_bound":58271.09490975321,"upper_bound":60967.64179773455},"point_estimate":59601.25848565991,"standard_error":691.1176014238807},"StdDev":{"confidence_interval":{"confidence_level":0.95,"lower_bound":2067.232538256914,"upper_bound":2961.8801979001564},"point_estimate":2630.9504237592128,"standard_error":227.81866755935107}}