{"Mean":{"confidence_interval":{"confidence_level":0.95,"lower_bound":13657.132247595404,"upper_bound":13800.794143570867},"point_estimate":13723.64269115947,"standard_error":36.85101506163172},"Median":{"confidence_interval":{"confidence_level":0.95,"lower_bound":13617.088541006464,"upper_bound":13705.60444177671},"point_estimate":13658.040344222103,"standard_error":25.24608081262471},"MedianAbsDev":{"confidence_interval":{"confidence_level":0.95,"lower_bound":67.59371129015894,"upper_bound":201.50981228983198},"point_estimate":122.6547031569169,"standard_error":35.49003037208597},"Slope":{"confidence_interval":{"confidence_level":0.95,"lower_bound":13578.757827826417,"upper_bound":13636.412816636985},"point_estimate":13603.476197017268,"standard_error":14.680924526388075},"StdDev":{"confidence_interval":{"confidence_level":0.95,"lower_bound":117.77167547213551,"upper_bound":279.86962912685345},"point_estimate":210.78830189343736,"standard_error":41.63110282999412}}