{"Mean":{"confidence_interval":{"confidence_level":0.95,"lower_bound":203.05627232159048,"upper_bound":206.1755050139058},"point_estimate":204.50052413651923,"standard_error":0.7996405794939923},"Median":{"confidence_interval":{"confidence_level":0.95,"lower_bound":202.521577331863,"upper_bound":203.6035832885638},"point_estimate":202.68542187728042,"standard_error":0.2981039359740682},"MedianAbsDev":{"confidence_interval":{"confidence_level":0.95,"lower_bound":0.5317648041217844,"upper_bound":4.106760442647459},"point_estimate":1.3461324418726583,"standard_error":0.7868031961896813},"Slope":{"confidence_interval":{"confidence_level":0.95,"lower_bound":201.9809505209936,"upper_bound":206.8854075883028},"point_estimate":204.19759487642398,"standard_error":1.2922514228004272},"StdDev":{"confidence_interval":{"confidence_level":0.95,"lower_bound":2.66863713623706,"upper_bound":5.9643169480447416},"point_estimate":4.614188374927536,"standard_error":0.8384689117357804}}