{"Mean":{"confidence_interval":{"confidence_level":0.95,"lower_bound":199.16955267942654,"upper_bound":200.85002294628367},"point_estimate":199.90501410574987,"standard_error":0.4307084867524192},"Median":{"confidence_interval":{"confidence_level":0.95,"lower_bound":198.94123271638895,"upper_bound":200.1203067860602},"point_estimate":199.76848419030415,"standard_error":0.3147103799705776},"MedianAbsDev":{"confidence_interval":{"confidence_level":0.95,"lower_bound":0.7173750073771088,"upper_bound":2.018968960258934},"point_estimate":1.4160052468765274,"standard_error":0.31230946107552765},"Slope":{"confidence_interval":{"confidence_level":0.95,"lower_bound":198.58026509539351,"upper_bound":200.07856579482302},"point_estimate":199.2687471679766,"standard_error":0.387070708767844},"StdDev":{"confidence_interval":{"confidence_level":0.95,"lower_bound":1.1589289563513858,"upper_bound":3.7435924215864396},"point_estimate":2.473776397741412,"standard_error":0.7628278806395613}}