{"Mean":{"confidence_interval":{"confidence_level":0.95,"lower_bound":3682.9426219474,"upper_bound":3752.9869909496415},"point_estimate":3710.6030479270166,"standard_error":18.714043993328996},"Median":{"confidence_interval":{"confidence_level":0.95,"lower_bound":3675.0402499641446,"upper_bound":3697.7118953168047},"point_estimate":3683.5065162738497,"standard_error":5.242505049479962},"MedianAbsDev":{"confidence_interval":{"confidence_level":0.95,"lower_bound":13.53124443098476,"upper_bound":39.12029831996852},"point_estimate":25.405845674135136,"standard_error":6.434383827566743},"Slope":{"confidence_interval":{"confidence_level":0.95,"lower_bound":3671.3200986917595,"upper_bound":3682.849538434485},"point_estimate":3676.580550893551,"standard_error":2.9382000829489177},"StdDev":{"confidence_interval":{"confidence_level":0.95,"lower_bound":24.48541129022278,"upper_bound":173.30031219620557},"point_estimate":107.7721950509956,"standard_error":47.025197752501455}}