{"Mean":{"confidence_interval":{"confidence_level":0.95,"lower_bound":214.6904464717312,"upper_bound":219.60683836168292},"point_estimate":216.6021309027939,"standard_error":1.3105559506422402},"Median":{"confidence_interval":{"confidence_level":0.95,"lower_bound":213.69772516985017,"upper_bound":216.09538685421194},"point_estimate":214.8587572980798,"standard_error":0.6722580627885092},"MedianAbsDev":{"confidence_interval":{"confidence_level":0.95,"lower_bound":1.2783324950730737,"upper_bound":3.5445024534186107},"point_estimate":2.2595519183297585,"standard_error":0.5680589737877847},"Slope":{"confidence_interval":{"confidence_level":0.95,"lower_bound":213.91748151509896,"upper_bound":215.07150086264755},"point_estimate":214.4908660854847,"standard_error":0.29585131997213254},"StdDev":{"confidence_interval":{"confidence_level":0.95,"lower_bound":1.823482368258175,"upper_bound":12.16913537785806},"point_estimate":7.518411884086596,"standard_error":3.353423321909449}}