{"Mean":{"confidence_interval":{"confidence_level":0.95,"lower_bound":2328.8247968510823,"upper_bound":2428.991400531732},"point_estimate":2376.6798953519624,"standard_error":25.61946013561756},"Median":{"confidence_interval":{"confidence_level":0.95,"lower_bound":2262.1661560701305,"upper_bound":2410.8884013434026},"point_estimate":2321.692528049654,"standard_error":33.62540235549058},"MedianAbsDev":{"confidence_interval":{"confidence_level":0.95,"lower_bound":22.099873602029465,"upper_bound":200.82861070485825},"point_estimate":103.01774834184658,"standard_error":42.066733511512666},"Slope":{"confidence_interval":{"confidence_level":0.95,"lower_bound":2392.040702628055,"upper_bound":2500.7969440952766},"point_estimate":2448.846064096443,"standard_error":27.70522643997831},"StdDev":{"confidence_interval":{"confidence_level":0.95,"lower_bound":104.56631934440853,"upper_bound":176.37860970414306},"point_estimate":147.1287324916401,"standard_error":18.29673693828486}}