{"Mean":{"confidence_interval":{"confidence_level":0.95,"lower_bound":185.90899526927484,"upper_bound":189.05009856127427},"point_estimate":187.22061986931698,"standard_error":0.8158099410334833},"Median":{"confidence_interval":{"confidence_level":0.95,"lower_bound":185.25353759815852,"upper_bound":186.6120169915913},"point_estimate":185.82798958761094,"standard_error":0.31768114811628906},"MedianAbsDev":{"confidence_interval":{"confidence_level":0.95,"lower_bound":0.8248761591338297,"upper_bound":2.130282556339244},"point_estimate":1.5559997882304013,"standard_error":0.3393387695846183},"Slope":{"confidence_interval":{"confidence_level":0.95,"lower_bound":185.16516226704647,"upper_bound":185.92007379149936},"point_estimate":185.53385332812587,"standard_error":0.19325561976246833},"StdDev":{"confidence_interval":{"confidence_level":0.95,"lower_bound":1.6126435510015622,"upper_bound":7.190027689293984},"point_estimate":4.674468424062583,"standard_error":1.6820310566726382}}