{"Mean":{"confidence_interval":{"confidence_level":0.95,"lower_bound":107416.51385753565,"upper_bound":108426.93865309416},"point_estimate":107851.49220136725,"standard_error":261.25581228099395},"Median":{"confidence_interval":{"confidence_level":0.95,"lower_bound":107217.24794823233,"upper_bound":107664.03910984848},"point_estimate":107408.21895292208,"standard_error":131.90813487527052},"MedianAbsDev":{"confidence_interval":{"confidence_level":0.95,"lower_bound":331.13056105307237,"upper_bound":934.1599463106002},"point_estimate":545.2110302918759,"standard_error":160.0815440475177},"Slope":{"confidence_interval":{"confidence_level":0.95,"lower_bound":107023.08782840858,"upper_bound":107388.37085279405},"point_estimate":107182.67248291482,"standard_error":93.6326332528741},"StdDev":{"confidence_interval":{"confidence_level":0.95,"lower_bound":598.6102892937056,"upper_bound":2245.257324955539},"point_estimate":1498.4742269315764,"standard_error":479.11750854456545}}