{"Mean":{"confidence_interval":{"confidence_level":0.95,"lower_bound":-0.18251119743814814,"upper_bound":-0.14717828072288466},"point_estimate":-0.16625642611106528,"standard_error":0.008618475911360762},"Median":{"confidence_interval":{"confidence_level":0.95,"lower_bound":-0.1869342730739093,"upper_bound":-0.16881870449295777},"point_estimate":-0.17650243546651534,"standard_error":0.00402451618007519}}