{"Mean":{"confidence_interval":{"confidence_level":0.95,"lower_bound":0.0050471845884745405,"upper_bound":0.014134242011499374},"point_estimate":0.009903531663818743,"standard_error":0.0023266972368958536},"Median":{"confidence_interval":{"confidence_level":0.95,"lower_bound":0.007030942809318486,"upper_bound":0.017038914339988498},"point_estimate":0.012129034901086522,"standard_error":0.002576431289478201}}