{"Mean":{"confidence_interval":{"confidence_level":0.95,"lower_bound":-0.056275419440962066,"upper_bound":0.07167668592240274},"point_estimate":0.0023744938079377498,"standard_error":0.03238402201017187},"Median":{"confidence_interval":{"confidence_level":0.95,"lower_bound":-0.019378668279819156,"upper_bound":-0.010543306293669508},"point_estimate":-0.01609905578307369,"standard_error":0.0022537890825778373}}