{"Mean":{"confidence_interval":{"confidence_level":0.95,"lower_bound":54230.80364732315,"upper_bound":54509.12553051339},"point_estimate":54354.88592355174,"standard_error":71.5651124732799},"Median":{"confidence_interval":{"confidence_level":0.95,"lower_bound":54191.66003571429,"upper_bound":54362.575338345865},"point_estimate":54299.331989795915,"standard_error":37.41075463614168},"MedianAbsDev":{"confidence_interval":{"confidence_level":0.95,"lower_bound":106.47211483700823,"upper_bound":331.56583411352676},"point_estimate":214.23362089820475,"standard_error":59.46849036971641},"Slope":{"confidence_interval":{"confidence_level":0.95,"lower_bound":54119.97871798009,"upper_bound":54299.43447032994},"point_estimate":54209.515917582416,"standard_error":45.70910768624606},"StdDev":{"confidence_interval":{"confidence_level":0.95,"lower_bound":188.17613186144843,"upper_bound":594.0070215269767},"point_estimate":411.40680402791725,"standard_error":109.18811038342217}}