{"Mean":{"confidence_interval":{"confidence_level":0.95,"lower_bound":0.006481006234620434,"upper_bound":0.027269673607749782},"point_estimate":0.016885177802055118,"standard_error":0.0052972703315713274},"Median":{"confidence_interval":{"confidence_level":0.95,"lower_bound":0.008064367441387832,"upper_bound":0.023510883506857816},"point_estimate":0.014650277049288896,"standard_error":0.003715030010315468}}