{"Mean":{"confidence_interval":{"confidence_level":0.95,"lower_bound":38.58168944465531,"upper_bound":42.1915824203773},"point_estimate":39.89704380390778,"standard_error":1.0430555260687424},"Median":{"confidence_interval":{"confidence_level":0.95,"lower_bound":38.389167058759604,"upper_bound":38.670782253194474},"point_estimate":38.504026055038736,"standard_error":0.07931038886422871},"MedianAbsDev":{"confidence_interval":{"confidence_level":0.95,"lower_bound":0.2070789500922075,"upper_bound":0.7492571773950817},"point_estimate":0.4750432223480294,"standard_error":0.14302268105667332},"Slope":{"confidence_interval":{"confidence_level":0.95,"lower_bound":38.32998149837224,"upper_bound":38.560687198104375},"point_estimate":38.43896344493383,"standard_error":0.05878541346139301},"StdDev":{"confidence_interval":{"confidence_level":0.95,"lower_bound":0.5921466318832013,"upper_bound":10.003369292654185},"point_estimate":6.016947383905968,"standard_error":3.2011452974281163}}