{"Mean":{"confidence_interval":{"confidence_level":0.95,"lower_bound":38.278489963769076,"upper_bound":38.76854285379976},"point_estimate":38.473357838287356,"standard_error":0.13036167623293426},"Median":{"confidence_interval":{"confidence_level":0.95,"lower_bound":38.193120809311026,"upper_bound":38.45472461857976},"point_estimate":38.31139773496666,"standard_error":0.06517346987610446},"MedianAbsDev":{"confidence_interval":{"confidence_level":0.95,"lower_bound":0.14562122771089195,"upper_bound":0.4339569319082371},"point_estimate":0.3040601178844666,"standard_error":0.07864447514624921},"Slope":{"confidence_interval":{"confidence_level":0.95,"lower_bound":38.24556012502863,"upper_bound":38.49390096321443},"point_estimate":38.37657061336698,"standard_error":0.06365585405064417},"StdDev":{"confidence_interval":{"confidence_level":0.95,"lower_bound":0.22957498320380898,"upper_bound":1.2192259391033986},"point_estimate":0.7542874440873848,"standard_error":0.32842254967286044}}