{"Mean":{"confidence_interval":{"confidence_level":0.95,"lower_bound":189.60312430572804,"upper_bound":192.4753620718824},"point_estimate":190.75106300793504,"standard_error":0.759329956304294},"Median":{"confidence_interval":{"confidence_level":0.95,"lower_bound":189.43180991477863,"upper_bound":190.48038423850105},"point_estimate":190.0871482669923,"standard_error":0.26838580031574855},"MedianAbsDev":{"confidence_interval":{"confidence_level":0.95,"lower_bound":0.7914224447507141,"upper_bound":2.17750858357696},"point_estimate":1.4218882300036249,"standard_error":0.3584608518108158},"Slope":{"confidence_interval":{"confidence_level":0.95,"lower_bound":188.79032813168885,"upper_bound":189.953635902621},"point_estimate":189.37182879996743,"standard_error":0.2978360701869576},"StdDev":{"confidence_interval":{"confidence_level":0.95,"lower_bound":1.2455328697450883,"upper_bound":7.017235520475279},"point_estimate":4.34423994474267,"standard_error":1.8473874275297912}}