{"Mean":{"confidence_interval":{"confidence_level":0.95,"lower_bound":2230.8205270339267,"upper_bound":2306.819548272199},"point_estimate":2269.0882427410734,"standard_error":19.423665786216517},"Median":{"confidence_interval":{"confidence_level":0.95,"lower_bound":2172.9181272063297,"upper_bound":2364.404856346484},"point_estimate":2277.775648584906,"standard_error":54.84012534083819},"MedianAbsDev":{"confidence_interval":{"confidence_level":0.95,"lower_bound":53.39127271398227,"upper_bound":183.18411773184334},"point_estimate":150.8759937365101,"standard_error":34.736764689413775},"Slope":{"confidence_interval":{"confidence_level":0.95,"lower_bound":2176.5668588431868,"upper_bound":2249.932883584841},"point_estimate":2208.148649970313,"standard_error":18.805213367143356},"StdDev":{"confidence_interval":{"confidence_level":0.95,"lower_bound":96.38283108242535,"upper_bound":121.12795870398644},"point_estimate":111.35793147570374,"standard_error":6.311822443952602}}