{"Mean":{"confidence_interval":{"confidence_level":0.95,"lower_bound":-0.15662641249559978,"upper_bound":-0.05848193487146414},"point_estimate":-0.10800933160378623,"standard_error":0.025104290819919446},"Median":{"confidence_interval":{"confidence_level":0.95,"lower_bound":-0.15465815865642285,"upper_bound":-0.008582630892696397},"point_estimate":-0.09650635381031425,"standard_error":0.0445583540515534}}