{"Mean":{"confidence_interval":{"confidence_level":0.95,"lower_bound":11229.664891786626,"upper_bound":11543.342204064458},"point_estimate":11358.526992632815,"standard_error":82.53217918996224},"Median":{"confidence_interval":{"confidence_level":0.95,"lower_bound":11207.570935383012,"upper_bound":11254.734804730473},"point_estimate":11217.451490341342,"standard_error":10.17349603805054},"MedianAbsDev":{"confidence_interval":{"confidence_level":0.95,"lower_bound":14.479306107615033,"upper_bound":84.34389294876001},"point_estimate":37.781528165877255,"standard_error":18.00937223412878},"Slope":{"confidence_interval":{"confidence_level":0.95,"lower_bound":11183.5558729912,"upper_bound":11222.678678437876},"point_estimate":11203.767512592605,"standard_error":9.954260680269694},"StdDev":{"confidence_interval":{"confidence_level":0.95,"lower_bound":76.96136797787244,"upper_bound":737.493591961795},"point_estimate":473.8048009244294,"standard_error":182.38502058050364}}