{"Mean":{"confidence_interval":{"confidence_level":0.95,"lower_bound":3950.597483602657,"upper_bound":3988.5229084919556},"point_estimate":3969.6725845991004,"standard_error":9.675556012477697},"Median":{"confidence_interval":{"confidence_level":0.95,"lower_bound":3949.8047159249927,"upper_bound":4000.2150537634407},"point_estimate":3976.0501068620715,"standard_error":12.054021995138795},"MedianAbsDev":{"confidence_interval":{"confidence_level":0.95,"lower_bound":32.45649040241803,"upper_bound":89.45235853290464},"point_estimate":53.003832179182005,"standard_error":14.46968221243749},"Slope":{"confidence_interval":{"confidence_level":0.95,"lower_bound":3952.4711360602764,"upper_bound":3999.494266746593},"point_estimate":3978.225935703675,"standard_error":12.148033082818392},"StdDev":{"confidence_interval":{"confidence_level":0.95,"lower_bound":43.6152456641975,"upper_bound":64.23804933199821},"point_estimate":55.51945019180111,"standard_error":5.265052263548943}}