{"Mean":{"confidence_interval":{"confidence_level":0.95,"lower_bound":100394766.66666666,"upper_bound":102003894.66666666},"point_estimate":101199330.66666666,"standard_error":409802.3053612811},"Median":{"confidence_interval":{"confidence_level":0.95,"lower_bound":100033900.0,"upper_bound":102345820.0},"point_estimate":100994833.33333333,"standard_error":746341.2800863627},"MedianAbsDev":{"confidence_interval":{"confidence_level":0.95,"lower_bound":0.0,"upper_bound":1424679.7347068712},"point_estimate":1424679.7347068712,"standard_error":494244.5151237887},"Slope":{"confidence_interval":{"confidence_level":0.95,"lower_bound":100548848.8372093,"upper_bound":102282320.33898304},"point_estimate":101519790.9090909,"standard_error":498191.3754900848},"StdDev":{"confidence_interval":{"confidence_level":0.95,"lower_bound":295350.26042536634,"upper_bound":1203041.7810200942},"point_estimate":1025065.536133612,"standard_error":226041.34884800104}}