{"Mean":{"confidence_interval":{"confidence_level":0.95,"lower_bound":635008.6106066282,"upper_bound":652596.5330306579},"point_estimate":642425.4268150424,"standard_error":4582.682832371983},"Median":{"confidence_interval":{"confidence_level":0.95,"lower_bound":632318.3601330915,"upper_bound":639490.641025641},"point_estimate":635092.1848484848,"standard_error":1780.3391631870825},"MedianAbsDev":{"confidence_interval":{"confidence_level":0.95,"lower_bound":3952.2651600940644,"upper_bound":10111.563879614316},"point_estimate":6694.10665643985,"standard_error":1475.2735058814576},"Slope":{"confidence_interval":{"confidence_level":0.95,"lower_bound":632446.1811937422,"upper_bound":637741.8035818398},"point_estimate":635044.3842307692,"standard_error":1361.0745953942776},"StdDev":{"confidence_interval":{"confidence_level":0.95,"lower_bound":5212.430644927362,"upper_bound":39579.72314317666},"point_estimate":26456.472835253226,"standard_error":9227.606594921624}}