{"Mean":{"confidence_interval":{"confidence_level":0.95,"lower_bound":35148563.333333336,"upper_bound":41444961.33333333},"point_estimate":37521743.55555556,"standard_error":1754410.4035598787},"Median":{"confidence_interval":{"confidence_level":0.95,"lower_bound":34877083.333333336,"upper_bound":45278311.11111111},"point_estimate":36063450.0,"standard_error":2301419.104851671},"MedianAbsDev":{"confidence_interval":{"confidence_level":0.95,"lower_bound":0.0,"upper_bound":2298311.6531968117},"point_estimate":1632120.1810240746,"standard_error":835566.5251720013},"Slope":{"confidence_interval":{"confidence_level":0.95,"lower_bound":35613733.333333336,"upper_bound":42685130.55555555},"point_estimate":37630413.93939394,"standard_error":1798835.4090151277},"StdDev":{"confidence_interval":{"confidence_level":0.95,"lower_bound":503240.36682837276,"upper_bound":5665868.369820255},"point_estimate":4388401.4411385935,"standard_error":1959984.5421289108}}