{"Mean":{"confidence_interval":{"confidence_level":0.95,"lower_bound":194354470.0,"upper_bound":195703836.0},"point_estimate":194852761.3333333,"standard_error":372364.7480871162},"Median":{"confidence_interval":{"confidence_level":0.95,"lower_bound":194244850.0,"upper_bound":196504100.0},"point_estimate":194503440.0,"standard_error":476892.60574268765},"MedianAbsDev":{"confidence_interval":{"confidence_level":0.95,"lower_bound":0.0,"upper_bound":502626.1010765882},"point_estimate":119240.57388304191,"standard_error":144812.66256881747},"Slope":{"confidence_interval":{"confidence_level":0.95,"lower_bound":194421981.13207546,"upper_bound":194700282.14285713},"point_estimate":194512092.72727272,"standard_error":91468.43228484338},"StdDev":{"confidence_interval":{"confidence_level":0.95,"lower_bound":55280.25086371408,"upper_bound":1194902.9395185201},"point_estimate":931612.8480895682,"standard_error":426075.5927774968}}