{"Mean":{"confidence_interval":{"confidence_level":0.95,"lower_bound":-0.02130903898206371,"upper_bound":0.050774698224246295},"point_estimate":0.009952693855765693,"standard_error":0.018974443875567897},"Median":{"confidence_interval":{"confidence_level":0.95,"lower_bound":-0.03213182216860444,"upper_bound":0.08322310805956401},"point_estimate":-0.007877345389394441,"standard_error":0.026003144206659966}}