{"Mean":{"confidence_interval":{"confidence_level":0.95,"lower_bound":1917208.4352691309,"upper_bound":1956589.1639291234},"point_estimate":1936900.4925569138,"standard_error":10081.619718644904},"Median":{"confidence_interval":{"confidence_level":0.95,"lower_bound":1899375.1277777778,"upper_bound":1962234.8074074073},"point_estimate":1947660.589285714,"standard_error":14564.582233794066},"MedianAbsDev":{"confidence_interval":{"confidence_level":0.95,"lower_bound":34535.02588313059,"upper_bound":87741.57353791682},"point_estimate":69976.16888519673,"standard_error":13005.37860497219},"Slope":{"confidence_interval":{"confidence_level":0.95,"lower_bound":1929828.5834856816,"upper_bound":1968880.9329548457},"point_estimate":1952655.416993007,"standard_error":9952.174774634472},"StdDev":{"confidence_interval":{"confidence_level":0.95,"lower_bound":45857.29580839865,"upper_bound":68507.74869180983},"point_estimate":58187.509530505864,"standard_error":5819.234577060198}}