{"Mean":{"confidence_interval":{"confidence_level":0.95,"lower_bound":184.7351797857608,"upper_bound":187.87122453648598},"point_estimate":185.96190070779312,"standard_error":0.8399301216398933},"Median":{"confidence_interval":{"confidence_level":0.95,"lower_bound":184.61245271650742,"upper_bound":185.76671032603525},"point_estimate":185.20310759571083,"standard_error":0.3292713422850262},"MedianAbsDev":{"confidence_interval":{"confidence_level":0.95,"lower_bound":0.7596257051097823,"upper_bound":2.068724749834551},"point_estimate":1.089759201407731,"standard_error":0.34014924357725834},"Slope":{"confidence_interval":{"confidence_level":0.95,"lower_bound":184.178550941418,"upper_bound":185.51356188681268},"point_estimate":184.8538690735,"standard_error":0.3414171004769118},"StdDev":{"confidence_interval":{"confidence_level":0.95,"lower_bound":1.2078308894484449,"upper_bound":7.873995201243534},"point_estimate":4.817588404417027,"standard_error":2.1838777573715427}}