{"Mean":{"confidence_interval":{"confidence_level":0.95,"lower_bound":182.13777440629912,"upper_bound":185.96555257048564},"point_estimate":183.57066191842372,"standard_error":1.0635401208618704},"Median":{"confidence_interval":{"confidence_level":0.95,"lower_bound":181.9604792214612,"upper_bound":182.7463310051411},"point_estimate":182.3602372910019,"standard_error":0.18693101445190424},"MedianAbsDev":{"confidence_interval":{"confidence_level":0.95,"lower_bound":0.5006032926305348,"upper_bound":1.7454468183273952},"point_estimate":0.9471614952039258,"standard_error":0.2970630477104666},"Slope":{"confidence_interval":{"confidence_level":0.95,"lower_bound":181.8419087873948,"upper_bound":182.7057530452933},"point_estimate":182.28238352247345,"standard_error":0.22077127329758692},"StdDev":{"confidence_interval":{"confidence_level":0.95,"lower_bound":0.8608813419305654,"upper_bound":10.008990340055146},"point_estimate":6.08517831698747,"standard_error":3.0138364629929986}}