{"Mean":{"confidence_interval":{"confidence_level":0.95,"lower_bound":3588.518730028363,"upper_bound":3623.6766130603746},"point_estimate":3604.6873558319753,"standard_error":9.028966722355396},"Median":{"confidence_interval":{"confidence_level":0.95,"lower_bound":3575.538329885737,"upper_bound":3592.751182033097},"point_estimate":3579.648018482699,"standard_error":4.014499353372576},"MedianAbsDev":{"confidence_interval":{"confidence_level":0.95,"lower_bound":5.257787475607725,"upper_bound":27.274543124921337},"point_estimate":11.202450628540069,"standard_error":5.766318324367782},"Slope":{"confidence_interval":{"confidence_level":0.95,"lower_bound":3577.0953232772004,"upper_bound":3592.7544122377894},"point_estimate":3583.541576533199,"standard_error":4.017259794941155},"StdDev":{"confidence_interval":{"confidence_level":0.95,"lower_bound":28.445946026784227,"upper_bound":67.90423670954416},"point_estimate":51.896116006194404,"standard_error":10.071018224711437}}