{"Mean":{"confidence_interval":{"confidence_level":0.95,"lower_bound":28873.411189898765,"upper_bound":29755.00677825752},"point_estimate":29261.100247163737,"standard_error":227.6149420132616},"Median":{"confidence_interval":{"confidence_level":0.95,"lower_bound":28725.772361984626,"upper_bound":29124.988901220866},"point_estimate":28986.657610667633,"standard_error":121.97072500101753},"MedianAbsDev":{"confidence_interval":{"confidence_level":0.95,"lower_bound":328.8084665807929,"upper_bound":1000.0877336958788},"point_estimate":648.4739207199909,"standard_error":173.08454443581363},"Slope":{"confidence_interval":{"confidence_level":0.95,"lower_bound":28533.177402607187,"upper_bound":28912.11784555056},"point_estimate":28699.037136880415,"standard_error":96.95160544608548},"StdDev":{"confidence_interval":{"confidence_level":0.95,"lower_bound":492.64124212900725,"upper_bound":1878.3766154291532},"point_estimate":1312.129395993979,"standard_error":368.56759321312774}}