{"Mean":{"confidence_interval":{"confidence_level":0.95,"lower_bound":206.72468297720752,"upper_bound":207.5176009672666},"point_estimate":207.10910063147605,"standard_error":0.20256694897908778},"Median":{"confidence_interval":{"confidence_level":0.95,"lower_bound":206.37393873085338,"upper_bound":207.51844407974716},"point_estimate":206.810973377097,"standard_error":0.28867405004396623},"MedianAbsDev":{"confidence_interval":{"confidence_level":0.95,"lower_bound":0.6142316527713791,"upper_bound":1.6236440564043242},"point_estimate":1.1463186621433157,"standard_error":0.2564660312296929},"Slope":{"confidence_interval":{"confidence_level":0.95,"lower_bound":206.52092202585405,"upper_bound":207.6847240500512},"point_estimate":207.12000955035117,"standard_error":0.2980182571401445},"StdDev":{"confidence_interval":{"confidence_level":0.95,"lower_bound":0.8610676158082788,"upper_bound":1.3975908790564462},"point_estimate":1.1631761903003563,"standard_error":0.1374825260483933}}