{"Mean":{"confidence_interval":{"confidence_level":0.95,"lower_bound":1037.3992344295204,"upper_bound":1064.9673288215029},"point_estimate":1048.1770307973177,"standard_error":7.454388261861364},"Median":{"confidence_interval":{"confidence_level":0.95,"lower_bound":1035.5819748949223,"upper_bound":1045.0136948262589},"point_estimate":1038.1267502679423,"standard_error":2.2926574587657687},"MedianAbsDev":{"confidence_interval":{"confidence_level":0.95,"lower_bound":4.928077463051274,"upper_bound":16.44706890032684},"point_estimate":13.46456930493573,"standard_error":3.0958974174852023},"Slope":{"confidence_interval":{"confidence_level":0.95,"lower_bound":1036.686278019681,"upper_bound":1044.569488048038},"point_estimate":1040.3330426531325,"standard_error":2.0140594228824167},"StdDev":{"confidence_interval":{"confidence_level":0.95,"lower_bound":8.950390500874647,"upper_bound":69.58418234617668},"point_estimate":42.9025057613628,"standard_error":19.465177256311396}}