{"Mean":{"confidence_interval":{"confidence_level":0.95,"lower_bound":1100.0030403398289,"upper_bound":1133.876621426754},"point_estimate":1116.9536273667131,"standard_error":8.659102781554447},"Median":{"confidence_interval":{"confidence_level":0.95,"lower_bound":1074.2935577334424,"upper_bound":1156.9140070639896},"point_estimate":1110.842192630465,"standard_error":22.127178169359617},"MedianAbsDev":{"confidence_interval":{"confidence_level":0.95,"lower_bound":22.05765989887287,"upper_bound":81.94329019177549},"point_estimate":69.56680081278802,"standard_error":14.801363576285098},"Slope":{"confidence_interval":{"confidence_level":0.95,"lower_bound":1097.1045479520244,"upper_bound":1146.1188995895168},"point_estimate":1122.2022501984657,"standard_error":12.555528391439228},"StdDev":{"confidence_interval":{"confidence_level":0.95,"lower_bound":42.88732989919667,"upper_bound":54.24094396196039},"point_estimate":49.774694011494084,"standard_error":2.8926132435003424}}