{"Mean":{"confidence_interval":{"confidence_level":0.95,"lower_bound":674029811.3333333,"upper_bound":717717606.6666666},"point_estimate":691110959.3333333,"standard_error":11780144.188887915},"Median":{"confidence_interval":{"confidence_level":0.95,"lower_bound":668359480.0,"upper_bound":742702500.0},"point_estimate":680240266.6666666,"standard_error":14860080.051402003},"MedianAbsDev":{"confidence_interval":{"confidence_level":0.95,"lower_bound":0.0,"upper_bound":24419711.42846346},"point_estimate":6805257.429182588,"standard_error":7371739.428353065},"Slope":{"confidence_interval":{"confidence_level":0.95,"lower_bound":670492069.4117647,"upper_bound":689555553.5714285},"point_estimate":677251387.2727273,"standard_error":5587330.954392143},"StdDev":{"confidence_interval":{"confidence_level":0.95,"lower_bound":2272782.822261443,"upper_bound":38854154.128287785},"point_estimate":29468466.144419007,"standard_error":12613493.128838452}}