{"Mean":{"confidence_interval":{"confidence_level":0.95,"lower_bound":4067745.8515813756,"upper_bound":4252830.810926201},"point_estimate":4150472.895928855,"standard_error":46691.3989313088},"Median":{"confidence_interval":{"confidence_level":0.95,"lower_bound":4059046.4444444445,"upper_bound":4075472.2592592593},"point_estimate":4067502.232291667,"standard_error":4539.388183325666},"MedianAbsDev":{"confidence_interval":{"confidence_level":0.95,"lower_bound":10012.285905579804,"upper_bound":26092.325310842964},"point_estimate":14544.990441786069,"standard_error":4541.554567078785},"Slope":{"confidence_interval":{"confidence_level":0.95,"lower_bound":4064785.335346156,"upper_bound":4075448.776671118},"point_estimate":4069885.2128496505,"standard_error":2712.0166271235407},"StdDev":{"confidence_interval":{"confidence_level":0.95,"lower_bound":16056.859428892314,"upper_bound":379315.35668974183},"point_estimate":267441.042203803,"standard_error":81381.953989966}}