{"Mean":{"confidence_interval":{"confidence_level":0.95,"lower_bound":697.2898795771167,"upper_bound":714.4458680045886},"point_estimate":705.4375544246317,"standard_error":4.381182337869415},"Median":{"confidence_interval":{"confidence_level":0.95,"lower_bound":686.6540490838149,"upper_bound":712.7263263263263},"point_estimate":698.3962657860507,"standard_error":6.630671081741143},"MedianAbsDev":{"confidence_interval":{"confidence_level":0.95,"lower_bound":8.539564271276863,"upper_bound":33.883958059362996},"point_estimate":22.644708429463233,"standard_error":6.369386443457248},"Slope":{"confidence_interval":{"confidence_level":0.95,"lower_bound":693.0061549208849,"upper_bound":721.9263908184797},"point_estimate":706.7842408842408,"standard_error":7.421990225509695},"StdDev":{"confidence_interval":{"confidence_level":0.95,"lower_bound":17.056161290512694,"upper_bound":31.336535190436486},"point_estimate":25.159744874093477,"standard_error":3.6552124791933385}}