{"Mean":{"confidence_interval":{"confidence_level":0.95,"lower_bound":4.358311504161033,"upper_bound":4.3819099643466135},"point_estimate":4.368897745746259,"standard_error":0.006066692230065473},"Median":{"confidence_interval":{"confidence_level":0.95,"lower_bound":4.356394302748153,"upper_bound":4.364202455418908},"point_estimate":4.3601193952521555,"standard_error":0.0022490415591019304},"MedianAbsDev":{"confidence_interval":{"confidence_level":0.95,"lower_bound":0.005982118278118564,"upper_bound":0.02249783579558482},"point_estimate":0.0124089319748018,"standard_error":0.004300750617803904},"Slope":{"confidence_interval":{"confidence_level":0.95,"lower_bound":4.349867214625534,"upper_bound":4.363414710848446},"point_estimate":4.356251069437473,"standard_error":0.00346528293444287},"StdDev":{"confidence_interval":{"confidence_level":0.95,"lower_bound":0.012547378692767366,"upper_bound":0.047795973164521624},"point_estimate":0.03476127654461106,"standard_error":0.008498742873907882}}