{"Mean":{"confidence_interval":{"confidence_level":0.95,"lower_bound":-0.18382374527602058,"upper_bound":-0.16071281746282007},"point_estimate":-0.17296461345009762,"standard_error":0.005886363679191447},"Median":{"confidence_interval":{"confidence_level":0.95,"lower_bound":-0.18849901979683392,"upper_bound":-0.1654109809728993},"point_estimate":-0.17707381060829885,"standard_error":0.006067892194414455}}