{"Mean":{"confidence_interval":{"confidence_level":0.95,"lower_bound":35143.951137071475,"upper_bound":37101.779429332695},"point_estimate":36003.439090332555,"standard_error":481.10050690079265},"Median":{"confidence_interval":{"confidence_level":0.95,"lower_bound":35003.95364403071,"upper_bound":35150.843984962405},"point_estimate":35109.818317518395,"standard_error":40.67293161368332},"MedianAbsDev":{"confidence_interval":{"confidence_level":0.95,"lower_bound":95.58714975035383,"upper_bound":289.58461830913615},"point_estimate":208.68343670504413,"standard_error":51.261790256860465},"Slope":{"confidence_interval":{"confidence_level":0.95,"lower_bound":35016.314679963725,"upper_bound":35360.604395869974},"point_estimate":35160.23221613913,"standard_error":92.248876885942},"StdDev":{"confidence_interval":{"confidence_level":0.95,"lower_bound":276.2652025888105,"upper_bound":3841.562711517391},"point_estimate":2759.1218442355685,"standard_error":782.4684109453507}}