{"Mean":{"confidence_interval":{"confidence_level":0.95,"lower_bound":31357.898446298117,"upper_bound":33746.87845880464},"point_estimate":32448.439767597607,"standard_error":611.5843600537689},"Median":{"confidence_interval":{"confidence_level":0.95,"lower_bound":30340.200554653682,"upper_bound":32828.059895833336},"point_estimate":31646.846590909092,"standard_error":753.1900834508848},"MedianAbsDev":{"confidence_interval":{"confidence_level":0.95,"lower_bound":1017.3269279615614,"upper_bound":3612.770413133227},"point_estimate":2613.672124052591,"standard_error":698.8850909348658},"Slope":{"confidence_interval":{"confidence_level":0.95,"lower_bound":30358.869289446608,"upper_bound":33110.364123001695},"point_estimate":31435.199058939474,"standard_error":712.6316901725148},"StdDev":{"confidence_interval":{"confidence_level":0.95,"lower_bound":1797.3630163338503,"upper_bound":4735.15856527697},"point_estimate":3411.2590507044793,"standard_error":784.9353041335438}}