{"Mean":{"confidence_interval":{"confidence_level":0.95,"lower_bound":54161.364912659774,"upper_bound":55771.14424284557},"point_estimate":54929.59806217794,"standard_error":413.1484592653954},"Median":{"confidence_interval":{"confidence_level":0.95,"lower_bound":53296.97853535353,"upper_bound":54892.95353535353},"point_estimate":53621.2332506887,"standard_error":505.43274934822585},"MedianAbsDev":{"confidence_interval":{"confidence_level":0.95,"lower_bound":256.32968864473696,"upper_bound":2609.7107260320013},"point_estimate":778.0771924451054,"standard_error":690.3239101701602},"Slope":{"confidence_interval":{"confidence_level":0.95,"lower_bound":53755.871854682555,"upper_bound":56289.834707192334},"point_estimate":54965.67067069294,"standard_error":648.0020922314693},"StdDev":{"confidence_interval":{"confidence_level":0.95,"lower_bound":1701.0188068974858,"upper_bound":2798.0365614041466},"point_estimate":2366.406180501063,"standard_error":281.30722356039024}}