{"Mean":{"confidence_interval":{"confidence_level":0.95,"lower_bound":78292.3436368027,"upper_bound":81731.29944457862},"point_estimate":80011.82154069064,"standard_error":882.2891680265261},"Median":{"confidence_interval":{"confidence_level":0.95,"lower_bound":77758.24680028978,"upper_bound":82788.70804153587},"point_estimate":79451.9379376962,"standard_error":1575.3569479577752},"MedianAbsDev":{"confidence_interval":{"confidence_level":0.95,"lower_bound":0.0,"upper_bound":2511.0664357384208},"point_estimate":2511.0664357384208,"standard_error":898.4566289518615},"Slope":{"confidence_interval":{"confidence_level":0.95,"lower_bound":78950.79412256423,"upper_bound":82498.72404008693},"point_estimate":81236.64859168844,"standard_error":988.592759438859},"StdDev":{"confidence_interval":{"confidence_level":0.95,"lower_bound":630.1741221411113,"upper_bound":2607.8272741241867},"point_estimate":2205.9762475361044,"standard_error":503.1312481272853}}