{"Mean":{"confidence_interval":{"confidence_level":0.95,"lower_bound":0.024501955481082804,"upper_bound":0.041460824969787265},"point_estimate":0.032674568609214916,"standard_error":0.00434484422408753},"Median":{"confidence_interval":{"confidence_level":0.95,"lower_bound":0.028859051403966607,"upper_bound":0.03352290892486298},"point_estimate":0.03178155159356377,"standard_error":0.0011963619772105845}}