{"Mean":{"confidence_interval":{"confidence_level":0.95,"lower_bound":216.4740948313894,"upper_bound":220.99283319795484},"point_estimate":218.3799231345572,"standard_error":1.1737914659377893},"Median":{"confidence_interval":{"confidence_level":0.95,"lower_bound":215.26656315452948,"upper_bound":218.54780819637037},"point_estimate":216.50987441429015,"standard_error":0.8856365833609844},"MedianAbsDev":{"confidence_interval":{"confidence_level":0.95,"lower_bound":1.7787212983743936,"upper_bound":4.754699402719429},"point_estimate":3.0152854545589043,"standard_error":0.7268947547590454},"Slope":{"confidence_interval":{"confidence_level":0.95,"lower_bound":215.8795369897362,"upper_bound":217.44117080726414},"point_estimate":216.65381950572083,"standard_error":0.39917766204257377},"StdDev":{"confidence_interval":{"confidence_level":0.95,"lower_bound":2.487540576029882,"upper_bound":10.389705509953846},"point_estimate":6.7498058001443475,"standard_error":2.3760684240042367}}