{"Mean":{"confidence_interval":{"confidence_level":0.95,"lower_bound":642100.3270069025,"upper_bound":690642.8476389293},"point_estimate":660288.2220779257,"standard_error":13366.850116415482},"Median":{"confidence_interval":{"confidence_level":0.95,"lower_bound":637801.0041666667,"upper_bound":647976.4031746031},"point_estimate":643807.4833333334,"standard_error":3142.9948194349618},"MedianAbsDev":{"confidence_interval":{"confidence_level":0.95,"lower_bound":5910.770271062865,"upper_bound":15525.644440728274},"point_estimate":10408.821281570217,"standard_error":2344.7794208754344},"Slope":{"confidence_interval":{"confidence_level":0.95,"lower_bound":637557.0733065767,"upper_bound":644335.1260069137},"point_estimate":640750.6254545455,"standard_error":1737.841775642961},"StdDev":{"confidence_interval":{"confidence_level":0.95,"lower_bound":7975.121889007515,"upper_bound":125376.39131505122},"point_estimate":76727.2325641277,"standard_error":37487.90367117186}}