{"Mean":{"confidence_interval":{"confidence_level":0.95,"lower_bound":44780.56574931626,"upper_bound":45574.841015162136},"point_estimate":45123.40399703308,"standard_error":205.1341360176268},"Median":{"confidence_interval":{"confidence_level":0.95,"lower_bound":44563.26994755049,"upper_bound":45207.18601266516},"point_estimate":44941.21227750809,"standard_error":152.9285690835038},"MedianAbsDev":{"confidence_interval":{"confidence_level":0.95,"lower_bound":430.8639407662248,"upper_bound":1034.1535904083107},"point_estimate":725.5914022953654,"standard_error":150.0774624738267},"Slope":{"confidence_interval":{"confidence_level":0.95,"lower_bound":44545.0574463384,"upper_bound":44972.07930817441},"point_estimate":44746.21967971349,"standard_error":109.55442221607173},"StdDev":{"confidence_interval":{"confidence_level":0.95,"lower_bound":531.4908799668674,"upper_bound":1782.8731325832266},"point_estimate":1174.8805150665646,"standard_error":382.47972511469345}}