{"Mean":{"confidence_interval":{"confidence_level":0.95,"lower_bound":1301.5659518754032,"upper_bound":1355.9631954417603},"point_estimate":1328.2707565043556,"standard_error":13.930234402500503},"Median":{"confidence_interval":{"confidence_level":0.95,"lower_bound":1254.6839868855986,"upper_bound":1381.3637357274688},"point_estimate":1328.1307938957455,"standard_error":40.20698758243182},"MedianAbsDev":{"confidence_interval":{"confidence_level":0.95,"lower_bound":20.211382025094608,"upper_bound":127.88418966687867},"point_estimate":117.50328343344748,"standard_error":27.483346440746747},"Slope":{"confidence_interval":{"confidence_level":0.95,"lower_bound":1273.9443078000827,"upper_bound":1327.4581998522274},"point_estimate":1300.687526909853,"standard_error":13.69686459506734},"StdDev":{"confidence_interval":{"confidence_level":0.95,"lower_bound":64.99467456299634,"upper_bound":95.08439648743746},"point_estimate":80.3967909507553,"standard_error":7.859746068802298}}