{"Mean":{"confidence_interval":{"confidence_level":0.95,"lower_bound":1.892258872295498,"upper_bound":1.926938217495664},"point_estimate":1.9061111405125732,"standard_error":0.009144640581863943},"Median":{"confidence_interval":{"confidence_level":0.95,"lower_bound":1.8904156724641623,"upper_bound":1.8980634677684942},"point_estimate":1.8966984339115238,"standard_error":0.002149912483132891},"MedianAbsDev":{"confidence_interval":{"confidence_level":0.95,"lower_bound":0.004249574601579042,"upper_bound":0.020509159942367974},"point_estimate":0.010101804885989859,"standard_error":0.004273657418161781},"Slope":{"confidence_interval":{"confidence_level":0.95,"lower_bound":1.8863454879197077,"upper_bound":1.9104996734097879},"point_estimate":1.8968276987367414,"standard_error":0.006269486294032637},"StdDev":{"confidence_interval":{"confidence_level":0.95,"lower_bound":0.01304386642429225,"upper_bound":0.08357673991348614},"point_estimate":0.05247861503577908,"standard_error":0.021867593100965477}}