{"Mean":{"confidence_interval":{"confidence_level":0.95,"lower_bound":7069.866576380543,"upper_bound":7136.463107916532},"point_estimate":7100.019625659981,"standard_error":17.065038331482683},"Median":{"confidence_interval":{"confidence_level":0.95,"lower_bound":7069.443849540582,"upper_bound":7089.761995916284},"point_estimate":7081.636332312404,"standard_error":5.374236366414625},"MedianAbsDev":{"confidence_interval":{"confidence_level":0.95,"lower_bound":14.484712437949804,"upper_bound":57.279749404214144},"point_estimate":23.13906113033785,"standard_error":10.791097505033969},"Slope":{"confidence_interval":{"confidence_level":0.95,"lower_bound":7030.821550999795,"upper_bound":7097.560078591607},"point_estimate":7058.78477541792,"standard_error":17.08587857714255},"StdDev":{"confidence_interval":{"confidence_level":0.95,"lower_bound":40.56279500547312,"upper_bound":135.45520841063473},"point_estimate":98.08542987220765,"standard_error":23.527863993192373}}