{"Mean":{"confidence_interval":{"confidence_level":0.95,"lower_bound":1280.775940094454,"upper_bound":1319.1454541674707},"point_estimate":1298.3438246942692,"standard_error":9.886033404901452},"Median":{"confidence_interval":{"confidence_level":0.95,"lower_bound":1269.1084200028495,"upper_bound":1284.875979484257},"point_estimate":1274.6290949144181,"standard_error":4.843379737873318},"MedianAbsDev":{"confidence_interval":{"confidence_level":0.95,"lower_bound":9.447639720020357,"upper_bound":32.22852395184865},"point_estimate":15.685017969806351,"standard_error":6.383977015105716},"Slope":{"confidence_interval":{"confidence_level":0.95,"lower_bound":1276.6478998853354,"upper_bound":1325.8624690815134},"point_estimate":1297.3771717525956,"standard_error":12.63818035425076},"StdDev":{"confidence_interval":{"confidence_level":0.95,"lower_bound":29.676325608526493,"upper_bound":74.722188916712},"point_estimate":56.65757009908863,"standard_error":11.557598012280181}}