{"Mean":{"confidence_interval":{"confidence_level":0.95,"lower_bound":-0.05843995920921504,"upper_bound":-0.022332173416772846},"point_estimate":-0.04287611625289778,"standard_error":0.00960596419362351},"Median":{"confidence_interval":{"confidence_level":0.95,"lower_bound":-0.0629284462928148,"upper_bound":-0.04229528091038326},"point_estimate":-0.05036742036253772,"standard_error":0.005374424269673336}}