{"Mean":{"confidence_interval":{"confidence_level":0.95,"lower_bound":962.7059973176796,"upper_bound":973.612620585277},"point_estimate":967.5182659774011,"standard_error":2.8064396810100614},"Median":{"confidence_interval":{"confidence_level":0.95,"lower_bound":960.8842526705097,"upper_bound":963.3013096492549},"point_estimate":962.0289394099052,"standard_error":0.7771984435984003},"MedianAbsDev":{"confidence_interval":{"confidence_level":0.95,"lower_bound":1.5516077381614721,"upper_bound":5.329356940939533},"point_estimate":2.777198945355962,"standard_error":1.1348932176066873},"Slope":{"confidence_interval":{"confidence_level":0.95,"lower_bound":960.3092626988231,"upper_bound":966.48966297277},"point_estimate":963.5092536309844,"standard_error":1.5734326966014132},"StdDev":{"confidence_interval":{"confidence_level":0.95,"lower_bound":5.737019409519502,"upper_bound":22.834803713720962},"point_estimate":16.085165447805633,"standard_error":4.4326393798413415}}