{"Mean":{"confidence_interval":{"confidence_level":0.95,"lower_bound":-0.0013915694088157144,"upper_bound":0.06369751731045475},"point_estimate":0.027368303576552178,"standard_error":0.01641221308681075},"Median":{"confidence_interval":{"confidence_level":0.95,"lower_bound":-0.01910473489838116,"upper_bound":0.014820693647809469},"point_estimate":-0.0022300452148301675,"standard_error":0.008698050755183661}}