{"Mean":{"confidence_interval":{"confidence_level":0.95,"lower_bound":14431260.126481552,"upper_bound":16873832.392069466},"point_estimate":15796515.963340005,"standard_error":627493.088690582},"Median":{"confidence_interval":{"confidence_level":0.95,"lower_bound":16569257.2,"upper_bound":17352136.624643877},"point_estimate":16978070.79464286,"standard_error":197948.88392206538},"MedianAbsDev":{"confidence_interval":{"confidence_level":0.95,"lower_bound":427160.37000788614,"upper_bound":1256107.6070635698},"point_estimate":849437.9803859593,"standard_error":215131.71510787145},"Slope":{"confidence_interval":{"confidence_level":0.95,"lower_bound":17160244.228349794,"upper_bound":17491545.15844007},"point_estimate":17343486.213898603,"standard_error":84249.14099683294},"StdDev":{"confidence_interval":{"confidence_level":0.95,"lower_bound":1204548.3242887259,"upper_bound":5111262.679465519},"point_estimate":3604716.592783431,"standard_error":1003267.1102233761}}