{"Mean":{"confidence_interval":{"confidence_level":0.95,"lower_bound":4039626.5059566875,"upper_bound":4108970.38459595},"point_estimate":4065771.6247590515,"standard_error":18870.652792059253},"Median":{"confidence_interval":{"confidence_level":0.95,"lower_bound":4036925.388888889,"upper_bound":4045581.813568376},"point_estimate":4039846.1586021506,"standard_error":2115.472142019777},"MedianAbsDev":{"confidence_interval":{"confidence_level":0.95,"lower_bound":5783.580137321036,"upper_bound":17825.13475020673},"point_estimate":9646.917276017695,"standard_error":2816.944073110382},"Slope":{"confidence_interval":{"confidence_level":0.95,"lower_bound":4033738.1239084974,"upper_bound":4044555.41305054},"point_estimate":4038943.2369463868,"standard_error":2745.083997011708},"StdDev":{"confidence_interval":{"confidence_level":0.95,"lower_bound":10828.212204926556,"upper_bound":175476.53787328792},"point_estimate":108036.07656592167,"standard_error":51294.8721265847}}