{"Mean":{"confidence_interval":{"confidence_level":0.95,"lower_bound":213.97415576327748,"upper_bound":218.94913043633426},"point_estimate":216.01877436524742,"standard_error":1.298387658345095},"Median":{"confidence_interval":{"confidence_level":0.95,"lower_bound":213.56766890322228,"upper_bound":215.82747034627894},"point_estimate":215.1525575414637,"standard_error":0.6463858230221643},"MedianAbsDev":{"confidence_interval":{"confidence_level":0.95,"lower_bound":1.6107767861987667,"upper_bound":4.843790521227141},"point_estimate":2.6449453079064043,"standard_error":0.8423021133271239},"Slope":{"confidence_interval":{"confidence_level":0.95,"lower_bound":213.08808869760728,"upper_bound":215.10530094111996},"point_estimate":214.07132152003584,"standard_error":0.514258686851126},"StdDev":{"confidence_interval":{"confidence_level":0.95,"lower_bound":2.394082002157166,"upper_bound":11.720528918740849},"point_estimate":7.449852658291972,"standard_error":2.8558012616816364}}