{"Mean":{"confidence_interval":{"confidence_level":0.95,"lower_bound":87.63487216754675,"upper_bound":91.44924302872519},"point_estimate":89.0005515352242,"standard_error":1.134857738276591},"Median":{"confidence_interval":{"confidence_level":0.95,"lower_bound":87.23481203567806,"upper_bound":88.17061800596495},"point_estimate":87.86237824017448,"standard_error":0.23787715838812384},"MedianAbsDev":{"confidence_interval":{"confidence_level":0.95,"lower_bound":0.5482884388390291,"upper_bound":1.4414485105481818},"point_estimate":1.2244494927587286,"standard_error":0.24237952055185813},"Slope":{"confidence_interval":{"confidence_level":0.95,"lower_bound":87.42733832851121,"upper_bound":87.91077670336222},"point_estimate":87.6756873803762,"standard_error":0.12381737400423122},"StdDev":{"confidence_interval":{"confidence_level":0.95,"lower_bound":0.7121414672157397,"upper_bound":10.893153947627152},"point_estimate":6.513451957591861,"standard_error":3.6055269482264833}}