{"Mean":{"confidence_interval":{"confidence_level":0.95,"lower_bound":6202919.13257064,"upper_bound":6732892.779037028},"point_estimate":6510516.575655317,"standard_error":138081.86144140977},"Median":{"confidence_interval":{"confidence_level":0.95,"lower_bound":6502246.571428572,"upper_bound":6813092.945833333},"point_estimate":6701432.020242915,"standard_error":65657.64493395867},"MedianAbsDev":{"confidence_interval":{"confidence_level":0.95,"lower_bound":186017.1127577158,"upper_bound":540238.7385294008},"point_estimate":335542.19548293477,"standard_error":91438.13461797837},"Slope":{"confidence_interval":{"confidence_level":0.95,"lower_bound":6483793.714224891,"upper_bound":6730229.008346317},"point_estimate":6596930.0229458045,"standard_error":62632.033542941725},"StdDev":{"confidence_interval":{"confidence_level":0.95,"lower_bound":299233.76556716056,"upper_bound":1244946.5104399056},"point_estimate":795772.3096053464,"standard_error":296282.12844803237}}