{"Mean":{"confidence_interval":{"confidence_level":0.95,"lower_bound":113087.45224044414,"upper_bound":116702.3343364434},"point_estimate":114757.88839110179,"standard_error":926.2086677403518},"Median":{"confidence_interval":{"confidence_level":0.95,"lower_bound":112153.10491071429,"upper_bound":113117.59125},"point_estimate":112344.26005514705,"standard_error":383.3869246751524},"MedianAbsDev":{"confidence_interval":{"confidence_level":0.95,"lower_bound":349.47039643628034,"upper_bound":3067.7046959331983},"point_estimate":1147.827777918029,"standard_error":684.1814163364269},"Slope":{"confidence_interval":{"confidence_level":0.95,"lower_bound":112499.76926727495,"upper_bound":117323.19141208653},"point_estimate":114693.51518684441,"standard_error":1236.4656171152196},"StdDev":{"confidence_interval":{"confidence_level":0.95,"lower_bound":3042.2358173183948,"upper_bound":6832.231200636637},"point_estimate":5319.911725837613,"standard_error":966.2609434498831}}