{"Mean":{"confidence_interval":{"confidence_level":0.95,"lower_bound":73.82866807107175,"upper_bound":76.07261909679453},"point_estimate":74.78717676520209,"standard_error":0.5833609299819098},"Median":{"confidence_interval":{"confidence_level":0.95,"lower_bound":73.51812564846935,"upper_bound":73.93799541124305},"point_estimate":73.71553984658567,"standard_error":0.11420065295496135},"MedianAbsDev":{"confidence_interval":{"confidence_level":0.95,"lower_bound":0.21190275794827163,"upper_bound":0.6824860941935017},"point_estimate":0.3761175747497936,"standard_error":0.12738973684514232},"Slope":{"confidence_interval":{"confidence_level":0.95,"lower_bound":73.5886832486989,"upper_bound":73.97939434114696},"point_estimate":73.76197302416334,"standard_error":0.09934247890510241},"StdDev":{"confidence_interval":{"confidence_level":0.95,"lower_bound":0.6499394882565437,"upper_bound":4.966322488325775},"point_estimate":3.361061632177833,"standard_error":1.1404519119663679}}