{"Mean":{"confidence_interval":{"confidence_level":0.95,"lower_bound":1101792.0635652347,"upper_bound":1125802.9015903599},"point_estimate":1111950.6392784403,"standard_error":6237.044627693579},"Median":{"confidence_interval":{"confidence_level":0.95,"lower_bound":1099310.5740740742,"upper_bound":1109432.511111111},"point_estimate":1104093.6089947089,"standard_error":2822.8295610598357},"MedianAbsDev":{"confidence_interval":{"confidence_level":0.95,"lower_bound":6834.561313867383,"upper_bound":15588.405152000394},"point_estimate":10595.02621812287,"standard_error":2231.7406279510096},"Slope":{"confidence_interval":{"confidence_level":0.95,"lower_bound":1096950.2941962874,"upper_bound":1103740.757025349},"point_estimate":1100274.5285353535,"standard_error":1745.5322741619939},"StdDev":{"confidence_interval":{"confidence_level":0.95,"lower_bound":8286.906729947663,"upper_bound":53422.83328170581},"point_estimate":35746.93753500034,"standard_error":12221.825734201799}}