{"Mean":{"confidence_interval":{"confidence_level":0.95,"lower_bound":-0.21686257916754237,"upper_bound":-0.18827815040123305},"point_estimate":-0.20356198866296205,"standard_error":0.0072910392230265695},"Median":{"confidence_interval":{"confidence_level":0.95,"lower_bound":-0.21542943707283213,"upper_bound":-0.2015171893173876},"point_estimate":-0.20853814483805067,"standard_error":0.0033690183791425577}}