{"Mean":{"confidence_interval":{"confidence_level":0.95,"lower_bound":1262482.7109375584,"upper_bound":1348031.6701478874},"point_estimate":1295592.8776686427,"standard_error":23099.606957657164},"Median":{"confidence_interval":{"confidence_level":0.95,"lower_bound":1250175.9222027971,"upper_bound":1281751.171875},"point_estimate":1266405.7853618423,"standard_error":9013.526587834385},"MedianAbsDev":{"confidence_interval":{"confidence_level":0.95,"lower_bound":19138.219749764874,"upper_bound":50884.12874526523},"point_estimate":36270.30854732329,"standard_error":8774.647382505755},"Slope":{"confidence_interval":{"confidence_level":0.95,"lower_bound":1239974.991559274,"upper_bound":1256549.3282212936},"point_estimate":1247380.0807036713,"standard_error":4229.329818467693},"StdDev":{"confidence_interval":{"confidence_level":0.95,"lower_bound":27533.094509032315,"upper_bound":215659.72520632544},"point_estimate":132678.24607726073,"standard_error":60902.014945130286}}