{"Mean":{"confidence_interval":{"confidence_level":0.95,"lower_bound":268.61342360115333,"upper_bound":281.56522205943753},"point_estimate":273.34836435718415,"standard_error":3.776160830506936},"Median":{"confidence_interval":{"confidence_level":0.95,"lower_bound":268.40679660536375,"upper_bound":271.3566567917168},"point_estimate":270.19922629930545,"standard_error":0.7847162618115603},"MedianAbsDev":{"confidence_interval":{"confidence_level":0.95,"lower_bound":1.9091996749191154,"upper_bound":4.597792792113616},"point_estimate":3.0842263045330913,"standard_error":0.7189354261688863},"Slope":{"confidence_interval":{"confidence_level":0.95,"lower_bound":269.85437493576245,"upper_bound":271.6138767167905},"point_estimate":270.8366112519458,"standard_error":0.4480717641834204},"StdDev":{"confidence_interval":{"confidence_level":0.95,"lower_bound":2.738155523280036,"upper_bound":36.29671055835553},"point_estimate":21.728204298834623,"standard_error":11.730577374340799}}