{"Mean":{"confidence_interval":{"confidence_level":0.95,"lower_bound":1.9091518731637922,"upper_bound":1.9269567680621542},"point_estimate":1.9166809320463796,"standard_error":0.004615198094024509},"Median":{"confidence_interval":{"confidence_level":0.95,"lower_bound":1.9060768583311696,"upper_bound":1.911439978094483},"point_estimate":1.9082509934999754,"standard_error":0.0016347381030166008},"MedianAbsDev":{"confidence_interval":{"confidence_level":0.95,"lower_bound":0.003750451111374009,"upper_bound":0.011301010446330523},"point_estimate":0.0059516354775677426,"standard_error":0.0020529329629173153},"Slope":{"confidence_interval":{"confidence_level":0.95,"lower_bound":1.906529264350034,"upper_bound":1.9202081189865208},"point_estimate":1.9118595880359421,"standard_error":0.0036292703909704977},"StdDev":{"confidence_interval":{"confidence_level":0.95,"lower_bound":0.0081819413156048,"upper_bound":0.04027195022170889},"point_estimate":0.02647592984176969,"standard_error":0.009077165014731771}}