{"Mean":{"confidence_interval":{"confidence_level":0.95,"lower_bound":1.9692287271347981,"upper_bound":2.008112574325531},"point_estimate":1.9842514579111294,"standard_error":0.010630311131961225},"Median":{"confidence_interval":{"confidence_level":0.95,"lower_bound":1.9645002494161479,"upper_bound":1.9777552204622435},"point_estimate":1.9732468571077042,"standard_error":0.003683675967144049},"MedianAbsDev":{"confidence_interval":{"confidence_level":0.95,"lower_bound":0.010047181667830633,"upper_bound":0.026877762814902756},"point_estimate":0.018219367475456907,"standard_error":0.004256125917843621},"Slope":{"confidence_interval":{"confidence_level":0.95,"lower_bound":1.9573007101239799,"upper_bound":1.9655070703829158},"point_estimate":1.960773576694915,"standard_error":0.002094193760527421},"StdDev":{"confidence_interval":{"confidence_level":0.95,"lower_bound":0.013750964280813117,"upper_bound":0.10021441094532357},"point_estimate":0.06122718145497624,"standard_error":0.028793714780017216}}