{"Mean":{"confidence_interval":{"confidence_level":0.95,"lower_bound":2135931.5892480253,"upper_bound":2690571.152546576},"point_estimate":2363187.796089515,"standard_error":145138.206998117},"Median":{"confidence_interval":{"confidence_level":0.95,"lower_bound":2050342.8571428573,"upper_bound":2144883.333333333},"point_estimate":2079062.5356125357,"standard_error":25935.70069700556},"MedianAbsDev":{"confidence_interval":{"confidence_level":0.95,"lower_bound":37496.745488145694,"upper_bound":170359.94706641516},"point_estimate":81078.12733798176,"standard_error":35453.917423360836},"Slope":{"confidence_interval":{"confidence_level":0.95,"lower_bound":2049469.8394960135,"upper_bound":2084271.9023475198},"point_estimate":2063659.3336858805,"standard_error":8880.006705446116},"StdDev":{"confidence_interval":{"confidence_level":0.95,"lower_bound":207365.76561812806,"upper_bound":1260410.5634080034},"point_estimate":810894.4674781113,"standard_error":310134.29120615317}}