{"Mean":{"confidence_interval":{"confidence_level":0.95,"lower_bound":1077911906.6666665,"upper_bound":1104612776.6666665},"point_estimate":1091585362.6666665,"standard_error":6992351.831852393},"Median":{"confidence_interval":{"confidence_level":0.95,"lower_bound":1070916850.0,"upper_bound":1115418300.0},"point_estimate":1094782680.0,"standard_error":10811653.880648084},"MedianAbsDev":{"confidence_interval":{"confidence_level":0.95,"lower_bound":0.0,"upper_bound":30594369.668841362},"point_estimate":24050212.921023488,"standard_error":10665454.815959368},"Slope":{"confidence_interval":{"confidence_level":0.95,"lower_bound":1073836883.6065574,"upper_bound":1096753920.0},"point_estimate":1085812654.5454545,"standard_error":6376420.769198776},"StdDev":{"confidence_interval":{"confidence_level":0.95,"lower_bound":7254540.930729944,"upper_bound":22366421.373428293},"point_estimate":17460257.590269186,"standard_error":4318066.15179833}}