{"Mean":{"confidence_interval":{"confidence_level":0.95,"lower_bound":607.0059325867176,"upper_bound":616.5350885880069},"point_estimate":611.3740169793848,"standard_error":2.439091243405561},"Median":{"confidence_interval":{"confidence_level":0.95,"lower_bound":607.3949117068066,"upper_bound":610.5243160049954},"point_estimate":609.3577477002789,"standard_error":0.8804709652174246},"MedianAbsDev":{"confidence_interval":{"confidence_level":0.95,"lower_bound":2.099019431576187,"upper_bound":12.151990169051716},"point_estimate":6.718810746262786,"standard_error":2.8125711372688693},"Slope":{"confidence_interval":{"confidence_level":0.95,"lower_bound":603.3650617924159,"upper_bound":608.1830089844152},"point_estimate":605.8118662630592,"standard_error":1.2344351185734608},"StdDev":{"confidence_interval":{"confidence_level":0.95,"lower_bound":7.181234390642021,"upper_bound":19.05122274949384},"point_estimate":13.976328789061867,"standard_error":3.0597322548755614}}