{"Mean":{"confidence_interval":{"confidence_level":0.95,"lower_bound":155903.657364901,"upper_bound":159069.10404223483},"point_estimate":157126.10787376369,"standard_error":852.2801142978847},"Median":{"confidence_interval":{"confidence_level":0.95,"lower_bound":155892.24333333335,"upper_bound":156034.6356321839},"point_estimate":155968.69136904762,"standard_error":40.630053495386385},"MedianAbsDev":{"confidence_interval":{"confidence_level":0.95,"lower_bound":78.36415214722932,"upper_bound":335.885868938132},"point_estimate":147.63401071229325,"standard_error":96.98674935471364},"Slope":{"confidence_interval":{"confidence_level":0.95,"lower_bound":155333.6913540029,"upper_bound":156520.33816875026},"point_estimate":155939.8978700466,"standard_error":301.5876911521729},"StdDev":{"confidence_interval":{"confidence_level":0.95,"lower_bound":850.2294292076556,"upper_bound":7968.900665592599},"point_estimate":4911.666045781889,"standard_error":2242.204246668113}}