{"Mean":{"confidence_interval":{"confidence_level":0.95,"lower_bound":64.77368094541286,"upper_bound":66.50807158393224},"point_estimate":65.58016088919148,"standard_error":0.4451728726688126},"Median":{"confidence_interval":{"confidence_level":0.95,"lower_bound":64.35808165646371,"upper_bound":64.94529059102186},"point_estimate":64.41493277840877,"standard_error":0.15673629350479137},"MedianAbsDev":{"confidence_interval":{"confidence_level":0.95,"lower_bound":0.18135961134033726,"upper_bound":1.5645372244786229},"point_estimate":0.9292078915477926,"standard_error":0.35822199675026806},"Slope":{"confidence_interval":{"confidence_level":0.95,"lower_bound":64.28416517272484,"upper_bound":66.38760345847358},"point_estimate":65.15919609307467,"standard_error":0.542290395822954},"StdDev":{"confidence_interval":{"confidence_level":0.95,"lower_bound":1.5466317359228432,"upper_bound":3.192406541426384},"point_estimate":2.5592353376187784,"standard_error":0.4204998925098104}}