{"Mean":{"confidence_interval":{"confidence_level":0.95,"lower_bound":44094.287864700935,"upper_bound":46723.00305485456},"point_estimate":45119.12648868818,"standard_error":709.8345163111006},"Median":{"confidence_interval":{"confidence_level":0.95,"lower_bound":43830.30947004914,"upper_bound":48210.29353167751},"point_estimate":44570.89476247399,"standard_error":926.7039206030431},"MedianAbsDev":{"confidence_interval":{"confidence_level":0.95,"lower_bound":0.0,"upper_bound":1532.8043651368644},"point_estimate":668.5517001775864,"standard_error":445.44444563886555},"Slope":{"confidence_interval":{"confidence_level":0.95,"lower_bound":43929.95885787805,"upper_bound":45077.47446714808},"point_estimate":44190.58501068595,"standard_error":302.6356774439066},"StdDev":{"confidence_interval":{"confidence_level":0.95,"lower_bound":246.9856020145044,"upper_bound":2296.296371453464},"point_estimate":1773.4324722778736,"standard_error":735.9769953360501}}