{"Mean":{"confidence_interval":{"confidence_level":0.95,"lower_bound":144763.63944829244,"upper_bound":146486.2642430162},"point_estimate":145577.86697453386,"standard_error":441.3887810112656},"Median":{"confidence_interval":{"confidence_level":0.95,"lower_bound":143846.80978515625,"upper_bound":146006.97415865384},"point_estimate":145458.3157327586,"standard_error":630.1925449350412},"MedianAbsDev":{"confidence_interval":{"confidence_level":0.95,"lower_bound":1067.1086490561988,"upper_bound":3223.730181668204},"point_estimate":2619.3842630837685,"standard_error":552.5736037104905},"Slope":{"confidence_interval":{"confidence_level":0.95,"lower_bound":144239.7030792846,"upper_bound":145243.50902207705},"point_estimate":144746.61402698862,"standard_error":255.70152175665837},"StdDev":{"confidence_interval":{"confidence_level":0.95,"lower_bound":1580.0583357428586,"upper_bound":3284.5497211470197},"point_estimate":2533.324589264131,"standard_error":442.9873164978312}}