{"Mean":{"confidence_interval":{"confidence_level":0.95,"lower_bound":45.58871897241927,"upper_bound":46.31586039561215},"point_estimate":45.919466822106905,"standard_error":0.18635410303664088},"Median":{"confidence_interval":{"confidence_level":0.95,"lower_bound":45.281543172605595,"upper_bound":45.73367935750359},"point_estimate":45.427258035139545,"standard_error":0.12850123034809222},"MedianAbsDev":{"confidence_interval":{"confidence_level":0.95,"lower_bound":0.09085480259830386,"upper_bound":0.7128437169819504},"point_estimate":0.280903381524148,"standard_error":0.1736180637169143},"Slope":{"confidence_interval":{"confidence_level":0.95,"lower_bound":45.3248240355123,"upper_bound":45.55313415812952},"point_estimate":45.421152632241586,"standard_error":0.058770717362292564},"StdDev":{"confidence_interval":{"confidence_level":0.95,"lower_bound":0.5505142426226531,"upper_bound":1.4705360249306187},"point_estimate":1.0687560664438707,"standard_error":0.24019825982433118}}