{"Mean":{"confidence_interval":{"confidence_level":0.95,"lower_bound":1658820318.0,"upper_bound":1699728300.0},"point_estimate":1679274309.0,"standard_error":10364383.380249709},"Median":{"confidence_interval":{"confidence_level":0.95,"lower_bound":1654145020.0,"upper_bound":1708478900.0},"point_estimate":1671245200.0,"standard_error":20174940.493967645},"MedianAbsDev":{"confidence_interval":{"confidence_level":0.95,"lower_bound":0.0,"upper_bound":25352726.41789913},"point_estimate":25352726.41789913,"standard_error":9759684.7362962},"Slope":{"confidence_interval":{"confidence_level":0.95,"lower_bound":1655386355.8823528,"upper_bound":1706134051.851852},"point_estimate":1667974338.1818182,"standard_error":12811092.038582107},"StdDev":{"confidence_interval":{"confidence_level":0.95,"lower_bound":6733404.164114724,"upper_bound":29195108.014741443},"point_estimate":26007719.193328544,"standard_error":5869728.079086272}}