{"Mean":{"confidence_interval":{"confidence_level":0.95,"lower_bound":12003.02939411082,"upper_bound":12406.11503748529},"point_estimate":12205.012760462005,"standard_error":103.18072917522659},"Median":{"confidence_interval":{"confidence_level":0.95,"lower_bound":12131.08919553311,"upper_bound":12306.719180054126},"point_estimate":12162.711991132608,"standard_error":49.18377451135332},"MedianAbsDev":{"confidence_interval":{"confidence_level":0.95,"lower_bound":109.26050541614322,"upper_bound":1039.9120797151484},"point_estimate":284.4520754587568,"standard_error":276.48027737521136},"Slope":{"confidence_interval":{"confidence_level":0.95,"lower_bound":11626.039573480446,"upper_bound":12218.262899578594},"point_estimate":11898.409955944902,"standard_error":152.09150050111103},"StdDev":{"confidence_interval":{"confidence_level":0.95,"lower_bound":443.92491957441746,"upper_bound":707.7501555781454},"point_estimate":595.0874063303984,"standard_error":67.09782852895037}}