{"Mean":{"confidence_interval":{"confidence_level":0.95,"lower_bound":14646.423047226517,"upper_bound":15704.967213223881},"point_estimate":15155.75936975323,"standard_error":270.8489432336649},"Median":{"confidence_interval":{"confidence_level":0.95,"lower_bound":13943.456513515725,"upper_bound":15609.97622345337},"point_estimate":14527.327192982457,"standard_error":398.50467059048873},"MedianAbsDev":{"confidence_interval":{"confidence_level":0.95,"lower_bound":349.84349307027213,"upper_bound":2301.5443154671893},"point_estimate":1110.4836851798632,"standard_error":470.1593951294422},"Slope":{"confidence_interval":{"confidence_level":0.95,"lower_bound":14186.076181553308,"upper_bound":15049.585223305156},"point_estimate":14537.452045761256,"standard_error":220.65627345215603},"StdDev":{"confidence_interval":{"confidence_level":0.95,"lower_bound":1154.4240066027676,"upper_bound":1836.5918734058853},"point_estimate":1560.9634797820001,"standard_error":174.0407518940565}}