{"Mean":{"confidence_interval":{"confidence_level":0.95,"lower_bound":112604.39526112266,"upper_bound":115467.65973560934},"point_estimate":113959.18829865685,"standard_error":736.1849137929013},"Median":{"confidence_interval":{"confidence_level":0.95,"lower_bound":111339.6563396443,"upper_bound":114725.54417670683},"point_estimate":112317.56589996349,"standard_error":852.1295409567143},"MedianAbsDev":{"confidence_interval":{"confidence_level":0.95,"lower_bound":1477.7121030096187,"upper_bound":5157.206145790683},"point_estimate":2961.600251186147,"standard_error":964.7309343031096},"Slope":{"confidence_interval":{"confidence_level":0.95,"lower_bound":111860.11690222663,"upper_bound":116824.4172325648},"point_estimate":114228.15975650855,"standard_error":1273.7798825302552},"StdDev":{"confidence_interval":{"confidence_level":0.95,"lower_bound":2743.413741784603,"upper_bound":5408.571194689167},"point_estimate":4245.411175967903,"standard_error":685.1179406645157}}