{"Mean":{"confidence_interval":{"confidence_level":0.95,"lower_bound":-0.4275748094388856,"upper_bound":-0.400524188638273},"point_estimate":-0.4143181138491263,"standard_error":0.006893793809839738},"Median":{"confidence_interval":{"confidence_level":0.95,"lower_bound":-0.432314270632461,"upper_bound":-0.4052681520963638},"point_estimate":-0.4211017221074388,"standard_error":0.008181945552638908}}