{"Mean":{"confidence_interval":{"confidence_level":0.95,"lower_bound":199.08914720636355,"upper_bound":204.2401330394529},"point_estimate":201.0898632052704,"standard_error":1.3809513232780462},"Median":{"confidence_interval":{"confidence_level":0.95,"lower_bound":198.27641564760313,"upper_bound":199.7810766794959},"point_estimate":199.32559799045055,"standard_error":0.38973648264770805},"MedianAbsDev":{"confidence_interval":{"confidence_level":0.95,"lower_bound":0.9840205517313623,"upper_bound":3.2137858155871997},"point_estimate":1.9627805870700334,"standard_error":0.5763511505362272},"Slope":{"confidence_interval":{"confidence_level":0.95,"lower_bound":198.1017544298691,"upper_bound":199.14227501905336},"point_estimate":198.5695382996204,"standard_error":0.2661880659531142},"StdDev":{"confidence_interval":{"confidence_level":0.95,"lower_bound":1.7114536961879618,"upper_bound":12.766303160901387},"point_estimate":7.903580937616167,"standard_error":3.5372462878199067}}