{"Mean":{"confidence_interval":{"confidence_level":0.95,"lower_bound":-0.002878311850303736,"upper_bound":0.013935614287196267},"point_estimate":0.0060676078770869335,"standard_error":0.004310303975378545},"Median":{"confidence_interval":{"confidence_level":0.95,"lower_bound":0.0002134813794076873,"upper_bound":0.016236619072593418},"point_estimate":0.010622060885413065,"standard_error":0.004158465531554592}}