{"Mean":{"confidence_interval":{"confidence_level":0.95,"lower_bound":-0.15722394951955887,"upper_bound":-0.11017626536905532},"point_estimate":-0.1330944151418203,"standard_error":0.01207273988899783},"Median":{"confidence_interval":{"confidence_level":0.95,"lower_bound":-0.13622990892488285,"upper_bound":-0.0906789750107706},"point_estimate":-0.10301651276372426,"standard_error":0.01158328636902548}}