{"Mean":{"confidence_interval":{"confidence_level":0.95,"lower_bound":1303258.1328190868,"upper_bound":1337204.5507284047},"point_estimate":1317783.062538338,"standard_error":8822.009058985046},"Median":{"confidence_interval":{"confidence_level":0.95,"lower_bound":1298005.4416666667,"upper_bound":1309627.825},"point_estimate":1303349.506118881,"standard_error":4016.784257383522},"MedianAbsDev":{"confidence_interval":{"confidence_level":0.95,"lower_bound":4727.632944192507,"upper_bound":16992.459588935315},"point_estimate":10590.567587458689,"standard_error":3175.369022705796},"Slope":{"confidence_interval":{"confidence_level":0.95,"lower_bound":1298670.4602409615,"upper_bound":1305477.3079462915},"point_estimate":1302150.9869536713,"standard_error":1746.1462912195295},"StdDev":{"confidence_interval":{"confidence_level":0.95,"lower_bound":9974.069602639964,"upper_bound":75242.3697180246},"point_estimate":50747.004098825266,"standard_error":16961.327670037143}}