{"Mean":{"confidence_interval":{"confidence_level":0.95,"lower_bound":1314407.5407605744,"upper_bound":1439771.1348652046},"point_estimate":1362122.6316472108,"standard_error":33634.263424721365},"Median":{"confidence_interval":{"confidence_level":0.95,"lower_bound":1310467.6470588236,"upper_bound":1314617.6388772517},"point_estimate":1313358.5461309524,"standard_error":1047.8331640959295},"MedianAbsDev":{"confidence_interval":{"confidence_level":0.95,"lower_bound":2150.5906868194816,"upper_bound":15569.148793329265},"point_estimate":7464.369211925311,"standard_error":3625.960180535969},"Slope":{"confidence_interval":{"confidence_level":0.95,"lower_bound":1308095.8637395995,"upper_bound":1312473.9475628724},"point_estimate":1310223.2476273726,"standard_error":1112.9791160068141},"StdDev":{"confidence_interval":{"confidence_level":0.95,"lower_bound":12976.70154607925,"upper_bound":313075.131016666},"point_estimate":193497.95282750737,"standard_error":89840.77380881053}}