{"Mean":{"confidence_interval":{"confidence_level":0.95,"lower_bound":4107.1506076909955,"upper_bound":4458.764471620106},"point_estimate":4276.685461549285,"standard_error":89.96545963920971},"Median":{"confidence_interval":{"confidence_level":0.95,"lower_bound":3878.1604003552156,"upper_bound":4390.399804389439},"point_estimate":4035.6635356313764,"standard_error":124.96385180570964},"MedianAbsDev":{"confidence_interval":{"confidence_level":0.95,"lower_bound":100.36222661268756,"upper_bound":730.8491218535302},"point_estimate":315.8656886773917,"standard_error":155.0237177312367},"Slope":{"confidence_interval":{"confidence_level":0.95,"lower_bound":3986.759998035473,"upper_bound":4272.9127179612005},"point_estimate":4107.53276822522,"standard_error":73.30541739688458},"StdDev":{"confidence_interval":{"confidence_level":0.95,"lower_bound":378.0857464676548,"upper_bound":611.0720114270862},"point_estimate":517.3126177962838,"standard_error":59.3834634335894}}