{"Mean":{"confidence_interval":{"confidence_level":0.95,"lower_bound":1887.0223030809966,"upper_bound":1922.6523523555143},"point_estimate":1903.253279806944,"standard_error":9.147761465212694},"Median":{"confidence_interval":{"confidence_level":0.95,"lower_bound":1881.5591320698236,"upper_bound":1890.5838199732455},"point_estimate":1883.8049156672714,"standard_error":2.4868894029077397},"MedianAbsDev":{"confidence_interval":{"confidence_level":0.95,"lower_bound":6.229243921102752,"upper_bound":34.32263366177336},"point_estimate":16.324619324905882,"standard_error":7.299960218680801},"Slope":{"confidence_interval":{"confidence_level":0.95,"lower_bound":1875.0398656949808,"upper_bound":1887.9817484872567},"point_estimate":1881.2969486368745,"standard_error":3.2921393575669247},"StdDev":{"confidence_interval":{"confidence_level":0.95,"lower_bound":24.48508595176333,"upper_bound":69.11553213480694},"point_estimate":52.372450676045595,"standard_error":10.876639048602087}}