{"Mean":{"confidence_interval":{"confidence_level":0.95,"lower_bound":340.4463317769872,"upper_bound":347.61131019264957},"point_estimate":343.2605154749258,"standard_error":1.916364408014802},"Median":{"confidence_interval":{"confidence_level":0.95,"lower_bound":340.77789917887026,"upper_bound":343.38860109077564},"point_estimate":341.93592099496516,"standard_error":0.6606857117504578},"MedianAbsDev":{"confidence_interval":{"confidence_level":0.95,"lower_bound":1.6244532219755392,"upper_bound":3.8998770186946365},"point_estimate":2.5392484909514295,"standard_error":0.570524272717953},"Slope":{"confidence_interval":{"confidence_level":0.95,"lower_bound":339.417889679125,"upper_bound":342.68935417133576},"point_estimate":341.29584539672226,"standard_error":0.842347459211357},"StdDev":{"confidence_interval":{"confidence_level":0.95,"lower_bound":2.237753655144934,"upper_bound":18.15821798525276},"point_estimate":11.01655043280523,"standard_error":5.112051717720837}}