{"Mean":{"confidence_interval":{"confidence_level":0.95,"lower_bound":54601.619098411415,"upper_bound":55022.54614120125},"point_estimate":54812.294397824604,"standard_error":107.10474165455557},"Median":{"confidence_interval":{"confidence_level":0.95,"lower_bound":54456.819297052156,"upper_bound":55154.280243764166},"point_estimate":54883.15615530303,"standard_error":183.51654110726514},"MedianAbsDev":{"confidence_interval":{"confidence_level":0.95,"lower_bound":421.9714389457093,"upper_bound":893.2178507183004},"point_estimate":689.2660160774743,"standard_error":121.22715919179227},"Slope":{"confidence_interval":{"confidence_level":0.95,"lower_bound":54381.89492112073,"upper_bound":54765.90185158431},"point_estimate":54565.72515713453,"standard_error":97.58793539118953},"StdDev":{"confidence_interval":{"confidence_level":0.95,"lower_bound":475.9149932185039,"upper_bound":729.1292364201862},"point_estimate":612.8917482437633,"standard_error":64.91745846307954}}