{"Mean":{"confidence_interval":{"confidence_level":0.95,"lower_bound":319817.8965584813,"upper_bound":334904.35115127085},"point_estimate":326771.85350019124,"standard_error":3870.4704903168686},"Median":{"confidence_interval":{"confidence_level":0.95,"lower_bound":316167.4946604938,"upper_bound":318701.92619047617},"point_estimate":316661.8536572623,"standard_error":690.4219735053208},"MedianAbsDev":{"confidence_interval":{"confidence_level":0.95,"lower_bound":956.0372877070836,"upper_bound":6581.646759152426},"point_estimate":2617.948216909207,"standard_error":1605.216957141318},"Slope":{"confidence_interval":{"confidence_level":0.95,"lower_bound":315929.93842804636,"upper_bound":321181.3365703463},"point_estimate":317987.0563548951,"standard_error":1352.6263009447907},"StdDev":{"confidence_interval":{"confidence_level":0.95,"lower_bound":11807.621072958356,"upper_bound":28912.001102441947},"point_estimate":22343.938729325793,"standard_error":4388.641118662274}}