{"Mean":{"confidence_interval":{"confidence_level":0.95,"lower_bound":310989.6766283622,"upper_bound":322691.09601751156},"point_estimate":315570.56008621526,"standard_error":3093.7313311148732},"Median":{"confidence_interval":{"confidence_level":0.95,"lower_bound":309772.85862068966,"upper_bound":313486.0724637681},"point_estimate":311465.4392857143,"standard_error":1057.749753517241},"MedianAbsDev":{"confidence_interval":{"confidence_level":0.95,"lower_bound":2752.605373005555,"upper_bound":6557.331295917434},"point_estimate":5369.933431314493,"standard_error":1062.8336933017968},"Slope":{"confidence_interval":{"confidence_level":0.95,"lower_bound":309782.1071689531,"upper_bound":312114.26377633505},"point_estimate":310925.6087033799,"standard_error":596.5388659209608},"StdDev":{"confidence_interval":{"confidence_level":0.95,"lower_bound":3286.235090031861,"upper_bound":28545.50396688268},"point_estimate":17794.830380560474,"standard_error":7727.4262046304575}}