{"Mean":{"confidence_interval":{"confidence_level":0.95,"lower_bound":134729.15897434085,"upper_bound":135592.74943109902},"point_estimate":135150.60138334052,"standard_error":220.72831063214596},"Median":{"confidence_interval":{"confidence_level":0.95,"lower_bound":134515.20117540687,"upper_bound":135449.87341772154},"point_estimate":135022.77171540813,"standard_error":276.58010073916034},"MedianAbsDev":{"confidence_interval":{"confidence_level":0.95,"lower_bound":588.2778408217952,"upper_bound":1670.0149415826102},"point_estimate":1153.7428422238709,"standard_error":289.3250152309234},"Slope":{"confidence_interval":{"confidence_level":0.95,"lower_bound":134638.13389121147,"upper_bound":135382.70007041979},"point_estimate":135014.80684655497,"standard_error":188.7902945808333},"StdDev":{"confidence_interval":{"confidence_level":0.95,"lower_bound":880.7046257118468,"upper_bound":1499.31312841385},"point_estimate":1228.11171442268,"standard_error":158.26547635401246}}