{"Mean":{"confidence_interval":{"confidence_level":0.95,"lower_bound":14846.983557338966,"upper_bound":14965.12217952657},"point_estimate":14897.869589160498,"standard_error":30.511377018402438},"Median":{"confidence_interval":{"confidence_level":0.95,"lower_bound":14828.086319585926,"upper_bound":14858.763127884877},"point_estimate":14850.219711286089,"standard_error":8.0800621121589},"MedianAbsDev":{"confidence_interval":{"confidence_level":0.95,"lower_bound":23.91103887474453,"upper_bound":65.64296020074605},"point_estimate":42.24525976719357,"standard_error":10.807347800846353},"Slope":{"confidence_interval":{"confidence_level":0.95,"lower_bound":14826.104950399447,"upper_bound":14848.828217740876},"point_estimate":14837.66049295193,"standard_error":5.77624785091715},"StdDev":{"confidence_interval":{"confidence_level":0.95,"lower_bound":45.57312542340713,"upper_bound":261.65700106356337},"point_estimate":175.73808306174502,"standard_error":55.70841389575487}}