{"Mean":{"confidence_interval":{"confidence_level":0.95,"lower_bound":1642826.5515442144,"upper_bound":1731770.275716016},"point_estimate":1678252.2939964016,"standard_error":23562.677454086108},"Median":{"confidence_interval":{"confidence_level":0.95,"lower_bound":1635303.0638528138,"upper_bound":1696821.2528735632},"point_estimate":1657126.0748188407,"standard_error":13810.46072584408},"MedianAbsDev":{"confidence_interval":{"confidence_level":0.95,"lower_bound":35608.50845006915,"upper_bound":84024.50830773645},"point_estimate":68468.6478249234,"standard_error":12303.669723924715},"Slope":{"confidence_interval":{"confidence_level":0.95,"lower_bound":1660932.64456764,"upper_bound":1702909.5708555388},"point_estimate":1684680.3782634032,"standard_error":10709.13473108172},"StdDev":{"confidence_interval":{"confidence_level":0.95,"lower_bound":43554.460155851266,"upper_bound":218908.1050569848},"point_estimate":135496.85525983264,"standard_error":58148.2599179194}}