{"Mean":{"confidence_interval":{"confidence_level":0.95,"lower_bound":91.93943616625376,"upper_bound":97.78166925492482},"point_estimate":94.6667222245155,"standard_error":1.4985250478371714},"Median":{"confidence_interval":{"confidence_level":0.95,"lower_bound":89.71999352766325,"upper_bound":93.23351889462424},"point_estimate":90.11866813692589,"standard_error":0.9384212312835462},"MedianAbsDev":{"confidence_interval":{"confidence_level":0.95,"lower_bound":0.92761389294282,"upper_bound":5.928713046780279},"point_estimate":1.8352509614728298,"standard_error":1.3209582969376918},"Slope":{"confidence_interval":{"confidence_level":0.95,"lower_bound":92.17357348544223,"upper_bound":99.81040681308545},"point_estimate":95.5339619870493,"standard_error":1.9515027596836887},"StdDev":{"confidence_interval":{"confidence_level":0.95,"lower_bound":5.190797351231798,"upper_bound":10.919000455609197},"point_estimate":8.61699957991498,"standard_error":1.4640545002371563}}