{"Mean":{"confidence_interval":{"confidence_level":0.95,"lower_bound":-0.3455507580283405,"upper_bound":-0.2657863370830517},"point_estimate":-0.30656066672695237,"standard_error":0.020420937052787125},"Median":{"confidence_interval":{"confidence_level":0.95,"lower_bound":-0.3483624603948916,"upper_bound":-0.2138534240531229},"point_estimate":-0.2454026215712447,"standard_error":0.04085271822985077}}