{"Mean":{"confidence_interval":{"confidence_level":0.95,"lower_bound":3591.286568722764,"upper_bound":3690.110218123112},"point_estimate":3633.15568251077,"standard_error":25.575889815664205},"Median":{"confidence_interval":{"confidence_level":0.95,"lower_bound":3570.588470191226,"upper_bound":3617.0146564065853},"point_estimate":3572.8443535614083,"standard_error":13.684097574317631},"MedianAbsDev":{"confidence_interval":{"confidence_level":0.95,"lower_bound":5.160044237320712,"upper_bound":70.49859373403876},"point_estimate":10.4664470985532,"standard_error":18.644655679574626},"Slope":{"confidence_interval":{"confidence_level":0.95,"lower_bound":3573.6620411741364,"upper_bound":3590.6097842926324},"point_estimate":3580.808652263091,"standard_error":4.338220472045117},"StdDev":{"confidence_interval":{"confidence_level":0.95,"lower_bound":36.47297394848489,"upper_bound":219.28265058979213},"point_estimate":146.83205216701867,"standard_error":49.44989657468243}}