{"Mean":{"confidence_interval":{"confidence_level":0.95,"lower_bound":3565.0572947016185,"upper_bound":3599.9637394755314},"point_estimate":3580.5546886932175,"standard_error":8.973836273638971},"Median":{"confidence_interval":{"confidence_level":0.95,"lower_bound":3564.4623502443665,"upper_bound":3576.5535857939904},"point_estimate":3570.168888672635,"standard_error":2.9385692020875305},"MedianAbsDev":{"confidence_interval":{"confidence_level":0.95,"lower_bound":8.49598204716761,"upper_bound":42.25014825431153},"point_estimate":22.456693592540674,"standard_error":8.785996850574444},"Slope":{"confidence_interval":{"confidence_level":0.95,"lower_bound":3561.105047812365,"upper_bound":3601.41740960778},"point_estimate":3579.426253004489,"standard_error":10.385983162794227},"StdDev":{"confidence_interval":{"confidence_level":0.95,"lower_bound":22.558140396316862,"upper_bound":75.98781783016265},"point_estimate":51.758170028210536,"standard_error":14.786859326450404}}