{"Mean":{"confidence_interval":{"confidence_level":0.95,"lower_bound":-0.17084001190723375,"upper_bound":0.031868224330210415},"point_estimate":-0.05686165420324607,"standard_error":0.05527575494219816},"Median":{"confidence_interval":{"confidence_level":0.95,"lower_bound":-0.25883383635137913,"upper_bound":0.07056439641853407},"point_estimate":0.0021950504151682093,"standard_error":0.06393032604708544}}