{"Mean":{"confidence_interval":{"confidence_level":0.95,"lower_bound":440.1708605195937,"upper_bound":454.1364678220936},"point_estimate":447.0965234975802,"standard_error":3.5559000457112093},"Median":{"confidence_interval":{"confidence_level":0.95,"lower_bound":430.05312098724585,"upper_bound":459.7116890073901},"point_estimate":451.5744992251621,"standard_error":8.86321713944673},"MedianAbsDev":{"confidence_interval":{"confidence_level":0.95,"lower_bound":8.958392612894272,"upper_bound":35.239010788605086},"point_estimate":26.403638408970426,"standard_error":6.574378103327799},"Slope":{"confidence_interval":{"confidence_level":0.95,"lower_bound":434.8509799166289,"upper_bound":450.5410960981755},"point_estimate":443.2047840747836,"standard_error":4.025472541071816},"StdDev":{"confidence_interval":{"confidence_level":0.95,"lower_bound":16.106619166939183,"upper_bound":22.68677172014116},"point_estimate":19.75750023478918,"standard_error":1.6920128966455341}}