{"Mean":{"confidence_interval":{"confidence_level":0.95,"lower_bound":308041.7674054291,"upper_bound":352778.29962843674},"point_estimate":327381.69125412684,"standard_error":11545.853560621012},"Median":{"confidence_interval":{"confidence_level":0.95,"lower_bound":295073.87755760364,"upper_bound":315327.19437855785},"point_estimate":300250.5693548387,"standard_error":6409.123465716165},"MedianAbsDev":{"confidence_interval":{"confidence_level":0.95,"lower_bound":4141.8321557932895,"upper_bound":31338.47517333763},"point_estimate":13359.29276317892,"standard_error":8124.049991398971},"Slope":{"confidence_interval":{"confidence_level":0.95,"lower_bound":296828.15507235966,"upper_bound":305396.565706477},"point_estimate":300244.4785106023,"standard_error":2197.2196343919513},"StdDev":{"confidence_interval":{"confidence_level":0.95,"lower_bound":21718.55230943889,"upper_bound":97974.36093895505},"point_estimate":66249.89779711809,"standard_error":20288.640865706166}}