{"Mean":{"confidence_interval":{"confidence_level":0.95,"lower_bound":1003.2028533781706,"upper_bound":1113.3935893063624},"point_estimate":1055.985726505835,"standard_error":28.140570236523576},"Median":{"confidence_interval":{"confidence_level":0.95,"lower_bound":948.5254967967985,"upper_bound":1093.0391726014946},"point_estimate":974.8518120207143,"standard_error":39.91582791036719},"MedianAbsDev":{"confidence_interval":{"confidence_level":0.95,"lower_bound":40.34066155001077,"upper_bound":230.10768877956184},"point_estimate":85.81130461844745,"standard_error":48.80159545277459},"Slope":{"confidence_interval":{"confidence_level":0.95,"lower_bound":956.2650279158861,"upper_bound":1112.4187698667588},"point_estimate":1030.0556895285802,"standard_error":40.013357255837256},"StdDev":{"confidence_interval":{"confidence_level":0.95,"lower_bound":117.33532003658249,"upper_bound":181.8539441457564},"point_estimate":156.7813374323561,"standard_error":16.376568290100074}}