{"Mean":{"confidence_interval":{"confidence_level":0.95,"lower_bound":49.21506414487411,"upper_bound":50.03303899213409},"point_estimate":49.562711301514504,"standard_error":0.21153784748489204},"Median":{"confidence_interval":{"confidence_level":0.95,"lower_bound":49.07487643811963,"upper_bound":49.445174720621615},"point_estimate":49.29760790726625,"standard_error":0.10231418426142361},"MedianAbsDev":{"confidence_interval":{"confidence_level":0.95,"lower_bound":0.2464401115975921,"upper_bound":0.7158725014280788},"point_estimate":0.479785978007437,"standard_error":0.1246483493794323},"Slope":{"confidence_interval":{"confidence_level":0.95,"lower_bound":49.12909268017603,"upper_bound":49.48960845834238},"point_estimate":49.30814892570434,"standard_error":0.09244278446480803},"StdDev":{"confidence_interval":{"confidence_level":0.95,"lower_bound":0.3863366030125663,"upper_bound":1.8430034984170116},"point_estimate":1.21430387393805,"standard_error":0.4038132718747474}}