{"Mean":{"confidence_interval":{"confidence_level":0.95,"lower_bound":25916.78532013593,"upper_bound":26845.518196759407},"point_estimate":26329.64854601372,"standard_error":238.17613883752378},"Median":{"confidence_interval":{"confidence_level":0.95,"lower_bound":25707.86842948718,"upper_bound":26173.58420138889},"point_estimate":25869.45123450413,"standard_error":113.22298913023262},"MedianAbsDev":{"confidence_interval":{"confidence_level":0.95,"lower_bound":236.69742651484503,"upper_bound":762.7321675194049},"point_estimate":429.14307525644165,"standard_error":137.1040929739193},"Slope":{"confidence_interval":{"confidence_level":0.95,"lower_bound":25644.39789277757,"upper_bound":25837.427969521625},"point_estimate":25739.64666863676,"standard_error":49.17201288167053},"StdDev":{"confidence_interval":{"confidence_level":0.95,"lower_bound":468.0835244863278,"upper_bound":1924.4734954412377},"point_estimate":1370.0511428875127,"standard_error":358.0759075826069}}