{"Mean":{"confidence_interval":{"confidence_level":0.95,"lower_bound":712.4641659349275,"upper_bound":719.8806937832405},"point_estimate":715.7681899174694,"standard_error":1.8998899704162953},"Median":{"confidence_interval":{"confidence_level":0.95,"lower_bound":712.132419338398,"upper_bound":717.0292306493102},"point_estimate":714.1502692452619,"standard_error":1.338881022039317},"MedianAbsDev":{"confidence_interval":{"confidence_level":0.95,"lower_bound":3.5391098064670437,"upper_bound":8.932390692484992},"point_estimate":6.282854800765074,"standard_error":1.4052740416577245},"Slope":{"confidence_interval":{"confidence_level":0.95,"lower_bound":710.9203439092137,"upper_bound":715.1380263078639},"point_estimate":713.176175222003,"standard_error":1.0718451937695939},"StdDev":{"confidence_interval":{"confidence_level":0.95,"lower_bound":5.189194020071542,"upper_bound":16.258465614689268},"point_estimate":10.899549418143096,"standard_error":3.132962010471362}}