{"Mean":{"confidence_interval":{"confidence_level":0.95,"lower_bound":11948361.465300908,"upper_bound":12374361.336537024},"point_estimate":12111467.339792779,"standard_error":114565.38380973924},"Median":{"confidence_interval":{"confidence_level":0.95,"lower_bound":11932464.538461538,"upper_bound":12003679.770833332},"point_estimate":11967402.114130434,"standard_error":19535.490234039476},"MedianAbsDev":{"confidence_interval":{"confidence_level":0.95,"lower_bound":53324.055503308315,"upper_bound":160029.2680581107},"point_estimate":100725.06876179476,"standard_error":28418.656987902494},"Slope":{"confidence_interval":{"confidence_level":0.95,"lower_bound":11902850.635692483,"upper_bound":11964509.120836843},"point_estimate":11932095.213461539,"standard_error":15703.716446664888},"StdDev":{"confidence_interval":{"confidence_level":0.95,"lower_bound":96743.97550908623,"upper_bound":1063008.9101386038},"point_estimate":657012.7453684207,"standard_error":301287.31309257925}}