{"Mean":{"confidence_interval":{"confidence_level":0.95,"lower_bound":7387.428641107336,"upper_bound":7476.619103997946},"point_estimate":7428.094268243721,"standard_error":22.877933394453038},"Median":{"confidence_interval":{"confidence_level":0.95,"lower_bound":7357.714442980582,"upper_bound":7449.986884584342},"point_estimate":7377.2301483826905,"standard_error":28.576872433698522},"MedianAbsDev":{"confidence_interval":{"confidence_level":0.95,"lower_bound":32.18720745592005,"upper_bound":135.7780717758668},"point_estimate":100.2666870233162,"standard_error":23.76466137054673},"Slope":{"confidence_interval":{"confidence_level":0.95,"lower_bound":7356.533011572023,"upper_bound":7420.0321863063355},"point_estimate":7386.217024642025,"standard_error":16.199898758514557},"StdDev":{"confidence_interval":{"confidence_level":0.95,"lower_bound":73.03627149926969,"upper_bound":180.85325697918424},"point_estimate":131.19879662546276,"standard_error":28.673252506348888}}