{"Mean":{"confidence_interval":{"confidence_level":0.95,"lower_bound":186.43115618681932,"upper_bound":191.1807603727214},"point_estimate":188.2993116460375,"standard_error":1.261244522439127},"Median":{"confidence_interval":{"confidence_level":0.95,"lower_bound":185.5707560762672,"upper_bound":187.60158897409596},"point_estimate":186.26985740418218,"standard_error":0.607054161568432},"MedianAbsDev":{"confidence_interval":{"confidence_level":0.95,"lower_bound":1.07977288325059,"upper_bound":3.389174777793533},"point_estimate":2.0272992464005917,"standard_error":0.6159791008482906},"Slope":{"confidence_interval":{"confidence_level":0.95,"lower_bound":185.60247602860727,"upper_bound":186.57050868966735},"point_estimate":186.07581463271887,"standard_error":0.24789853061536976},"StdDev":{"confidence_interval":{"confidence_level":0.95,"lower_bound":1.7829277126000709,"upper_bound":11.625862233559229},"point_estimate":7.232122092466549,"standard_error":3.1415546142160014}}