{"Mean":{"confidence_interval":{"confidence_level":0.95,"lower_bound":-0.057817548862200634,"upper_bound":-0.03936253235997665},"point_estimate":-0.04922020507417413,"standard_error":0.004787390760882717},"Median":{"confidence_interval":{"confidence_level":0.95,"lower_bound":-0.057709621182353676,"upper_bound":-0.0512789831473236},"point_estimate":-0.0548282940452407,"standard_error":0.0014195569980549236}}