{"Mean":{"confidence_interval":{"confidence_level":0.95,"lower_bound":50.12032161198392,"upper_bound":50.76028028840777},"point_estimate":50.37342653103677,"standard_error":0.16990891383163745},"Median":{"confidence_interval":{"confidence_level":0.95,"lower_bound":50.14283856738429,"upper_bound":50.31511189465411},"point_estimate":50.195527044287914,"standard_error":0.03937645973638924},"MedianAbsDev":{"confidence_interval":{"confidence_level":0.95,"lower_bound":0.08170664904705134,"upper_bound":0.2932165122302331},"point_estimate":0.1805701101611503,"standard_error":0.05217423863122652},"Slope":{"confidence_interval":{"confidence_level":0.95,"lower_bound":49.99480988008445,"upper_bound":50.37975391048275},"point_estimate":50.18165665643199,"standard_error":0.09842901439750382},"StdDev":{"confidence_interval":{"confidence_level":0.95,"lower_bound":0.2291468879895308,"upper_bound":1.5815168553375762},"point_estimate":0.9787271212253554,"standard_error":0.4270477673531154}}