{"Mean":{"confidence_interval":{"confidence_level":0.95,"lower_bound":486320571.16028625,"upper_bound":490964177.91388685},"point_estimate":488144521.4189198,"standard_error":1239182.5732596922},"Median":{"confidence_interval":{"confidence_level":0.95,"lower_bound":485647745.8,"upper_bound":486528150.94736844},"point_estimate":486036730.225,"standard_error":225613.0503914787},"MedianAbsDev":{"confidence_interval":{"confidence_level":0.95,"lower_bound":512403.7773030481,"upper_bound":1801318.54114736},"point_estimate":913953.3906419886,"standard_error":355834.2821719845},"Slope":{"confidence_interval":{"confidence_level":0.95,"lower_bound":485690437.599012,"upper_bound":491437717.45717233},"point_estimate":487658125.44877625,"standard_error":1571737.8864556246},"StdDev":{"confidence_interval":{"confidence_level":0.95,"lower_bound":1776364.2418563527,"upper_bound":11451272.129625235},"point_estimate":7121180.925031915,"standard_error":3127085.1379972184}}