{"Mean":{"confidence_interval":{"confidence_level":0.95,"lower_bound":-0.011913941922832941,"upper_bound":0.020291377458676714},"point_estimate":0.003298143502110218,"standard_error":0.008021618922109768},"Median":{"confidence_interval":{"confidence_level":0.95,"lower_bound":-0.003562721286992865,"upper_bound":0.012632548850656233},"point_estimate":0.00029851010373604936,"standard_error":0.0038360222894991275}}