{"Mean":{"confidence_interval":{"confidence_level":0.95,"lower_bound":307.0959963630397,"upper_bound":310.6200300788782},"point_estimate":308.844389040044,"standard_error":0.89982997176469},"Median":{"confidence_interval":{"confidence_level":0.95,"lower_bound":305.8776580843719,"upper_bound":311.43149397509484},"point_estimate":308.769898517721,"standard_error":1.2715932958726133},"MedianAbsDev":{"confidence_interval":{"confidence_level":0.95,"lower_bound":3.5449858788958437,"upper_bound":7.937791889083098},"point_estimate":6.03057893010928,"standard_error":1.0866374112634252},"Slope":{"confidence_interval":{"confidence_level":0.95,"lower_bound":305.767061956809,"upper_bound":309.984799693084},"point_estimate":307.7178552173165,"standard_error":1.0757268074530832},"StdDev":{"confidence_interval":{"confidence_level":0.95,"lower_bound":4.009206670735572,"upper_bound":6.09570762671039},"point_estimate":5.154912946143778,"standard_error":0.533793683344349}}