{"Mean":{"confidence_interval":{"confidence_level":0.95,"lower_bound":110478.86692652528,"upper_bound":114152.0097384222},"point_estimate":111837.47719184434,"standard_error":1044.5501200892745},"Median":{"confidence_interval":{"confidence_level":0.95,"lower_bound":110159.70030120482,"upper_bound":110478.06927710843},"point_estimate":110277.64267596701,"standard_error":120.31703578208439},"MedianAbsDev":{"confidence_interval":{"confidence_level":0.95,"lower_bound":132.3446877113063,"upper_bound":874.9639923613933},"point_estimate":293.2228622702427,"standard_error":212.50838874804882},"Slope":{"confidence_interval":{"confidence_level":0.95,"lower_bound":110060.20308821723,"upper_bound":110655.03513788375},"point_estimate":110347.51125832,"standard_error":150.81874200217422},"StdDev":{"confidence_interval":{"confidence_level":0.95,"lower_bound":965.7536458999059,"upper_bound":10015.114825892088},"point_estimate":6028.704522501307,"standard_error":3123.6199368373605}}