{"Mean":{"confidence_interval":{"confidence_level":0.95,"lower_bound":140277.0478739221,"upper_bound":165077.78501338093},"point_estimate":150844.54831995245,"standard_error":6363.782594559824},"Median":{"confidence_interval":{"confidence_level":0.95,"lower_bound":139538.01070472793,"upper_bound":176567.2167707404},"point_estimate":141627.28218852216,"standard_error":9875.905885249267},"MedianAbsDev":{"confidence_interval":{"confidence_level":0.95,"lower_bound":0.0,"upper_bound":24627.843772402633},"point_estimate":3097.5538468807563,"standard_error":8874.424400820675},"Slope":{"confidence_interval":{"confidence_level":0.95,"lower_bound":140027.0005195518,"upper_bound":151419.68871778017},"point_estimate":141994.82848106397,"standard_error":3040.415404695078},"StdDev":{"confidence_interval":{"confidence_level":0.95,"lower_bound":750.4361895929959,"upper_bound":19991.220719752997},"point_estimate":15913.175915917682,"standard_error":5455.248148250217}}