{"Mean":{"confidence_interval":{"confidence_level":0.95,"lower_bound":65.65603335605208,"upper_bound":68.80886876252956},"point_estimate":67.17085406435153,"standard_error":0.8056327556893275},"Median":{"confidence_interval":{"confidence_level":0.95,"lower_bound":64.07977662285019,"upper_bound":67.8033405536414},"point_estimate":65.00587810379054,"standard_error":1.1093569033358306},"MedianAbsDev":{"confidence_interval":{"confidence_level":0.95,"lower_bound":1.6994269433612492,"upper_bound":6.445807716330156},"point_estimate":3.2556129759080887,"standard_error":1.2422869616418841},"Slope":{"confidence_interval":{"confidence_level":0.95,"lower_bound":63.64339143163568,"upper_bound":64.99542381260626},"point_estimate":64.20632507254264,"standard_error":0.345524493682515},"StdDev":{"confidence_interval":{"confidence_level":0.95,"lower_bound":3.3266873835425117,"upper_bound":5.6467713030166085},"point_estimate":4.631279785832283,"standard_error":0.5945782134093813}}