{"Mean":{"confidence_interval":{"confidence_level":0.95,"lower_bound":645.3804414771965,"upper_bound":655.2213315119109},"point_estimate":649.7889191098508,"standard_error":2.520172732478014},"Median":{"confidence_interval":{"confidence_level":0.95,"lower_bound":642.9083949963572,"upper_bound":651.0244611286025},"point_estimate":646.3329750948576,"standard_error":2.3669058571786534},"MedianAbsDev":{"confidence_interval":{"confidence_level":0.95,"lower_bound":3.936716599862655,"upper_bound":12.606784517496067},"point_estimate":7.491770846650566,"standard_error":2.173417236498117},"Slope":{"confidence_interval":{"confidence_level":0.95,"lower_bound":646.4537811802855,"upper_bound":665.9700145014732},"point_estimate":655.2696236484429,"standard_error":5.159171248422983},"StdDev":{"confidence_interval":{"confidence_level":0.95,"lower_bound":6.991341257534769,"upper_bound":20.313437340545214},"point_estimate":14.060934814632208,"standard_error":3.6968860279696236}}