{"Mean":{"confidence_interval":{"confidence_level":0.95,"lower_bound":957691.7073170732,"upper_bound":985078.018292683},"point_estimate":968688.0182926828,"standard_error":7300.257777341141},"Median":{"confidence_interval":{"confidence_level":0.95,"lower_bound":955947.4085365854,"upper_bound":1000009.756097561},"point_estimate":959575.3048780488,"standard_error":10035.433174530446},"MedianAbsDev":{"confidence_interval":{"confidence_level":0.95,"lower_bound":0.0,"upper_bound":19964.700285799627},"point_estimate":5378.719020362337,"standard_error":6282.513670929475},"Slope":{"confidence_interval":{"confidence_level":0.95,"lower_bound":958043.639135255,"upper_bound":993761.2804878049},"point_estimate":970761.6740576497,"standard_error":10744.10802084655},"StdDev":{"confidence_interval":{"confidence_level":0.95,"lower_bound":1394.9391414997797,"upper_bound":23518.264014284585},"point_estimate":18240.449034430443,"standard_error":7211.0438810213545}}