{"Mean":{"confidence_interval":{"confidence_level":0.95,"lower_bound":20943819.395860437,"upper_bound":21282916.228871685},"point_estimate":21084372.916272826,"standard_error":88054.44589695941},"Median":{"confidence_interval":{"confidence_level":0.95,"lower_bound":20892030.45516569,"upper_bound":21047512.086956523},"point_estimate":20979971.825,"standard_error":37995.795892692346},"MedianAbsDev":{"confidence_interval":{"confidence_level":0.95,"lower_bound":103600.6050398322,"upper_bound":262206.6021049026},"point_estimate":165620.30969555897,"standard_error":42997.286529001365},"Slope":{"confidence_interval":{"confidence_level":0.95,"lower_bound":20931537.08461574,"upper_bound":21011151.80870525},"point_estimate":20969673.000262238,"standard_error":20334.13731393106},"StdDev":{"confidence_interval":{"confidence_level":0.95,"lower_bound":175566.94366006122,"upper_bound":791348.8450919304},"point_estimate":503578.63178612565,"standard_error":187941.616481796}}