{"Mean":{"confidence_interval":{"confidence_level":0.95,"lower_bound":15365044.698346088,"upper_bound":17963654.993537493},"point_estimate":16817653.818992186,"standard_error":670282.2112308427},"Median":{"confidence_interval":{"confidence_level":0.95,"lower_bound":17674413.727272727,"upper_bound":18562789.037625417},"point_estimate":18167837.285714284,"standard_error":241090.38601650554},"MedianAbsDev":{"confidence_interval":{"confidence_level":0.95,"lower_bound":434596.8365510311,"upper_bound":1414089.1171449},"point_estimate":839153.6795687157,"standard_error":258468.73220724985},"Slope":{"confidence_interval":{"confidence_level":0.95,"lower_bound":18344995.93237488,"upper_bound":18690694.653888486},"point_estimate":18544737.094842657,"standard_error":88301.94291398845},"StdDev":{"confidence_interval":{"confidence_level":0.95,"lower_bound":1316645.539093147,"upper_bound":5469814.880097465},"point_estimate":3860220.5041244742,"standard_error":1057970.3490984398}}