{"Mean":{"confidence_interval":{"confidence_level":0.95,"lower_bound":19385465.328709155,"upper_bound":27243853.53975035},"point_estimate":23043773.80166225,"standard_error":2009524.565353564},"Median":{"confidence_interval":{"confidence_level":0.95,"lower_bound":18381957.222222224,"upper_bound":20444231.40909091},"point_estimate":18797499.589285716,"standard_error":618392.9556641951},"MedianAbsDev":{"confidence_interval":{"confidence_level":0.95,"lower_bound":837271.7623816074,"upper_bound":6619255.744965822},"point_estimate":1935318.5314562316,"standard_error":1601322.7589717582},"Slope":{"confidence_interval":{"confidence_level":0.95,"lower_bound":20056751.29174686,"upper_bound":25754149.72276908},"point_estimate":22374094.318706293,"standard_error":1462532.815639997},"StdDev":{"confidence_interval":{"confidence_level":0.95,"lower_bound":6520020.5601305645,"upper_bound":15122177.664946685},"point_estimate":11576042.739197621,"standard_error":2189376.027623358}}