{"Mean":{"confidence_interval":{"confidence_level":0.95,"lower_bound":11.256216395802637,"upper_bound":11.297143831689649},"point_estimate":11.275746169843497,"standard_error":0.010500381934922668},"Median":{"confidence_interval":{"confidence_level":0.95,"lower_bound":11.242712459830898,"upper_bound":11.28101063543269},"point_estimate":11.269138408046175,"standard_error":0.010076277242642307},"MedianAbsDev":{"confidence_interval":{"confidence_level":0.95,"lower_bound":0.022904810331135513,"upper_bound":0.06494505432840421},"point_estimate":0.04593397676525954,"standard_error":0.010785076638047729},"Slope":{"confidence_interval":{"confidence_level":0.95,"lower_bound":11.224365547366558,"upper_bound":11.257586222093911},"point_estimate":11.239958684325435,"standard_error":0.008465117283857819},"StdDev":{"confidence_interval":{"confidence_level":0.95,"lower_bound":0.03894931993001902,"upper_bound":0.07695603407013885},"point_estimate":0.06043289082291086,"standard_error":0.009749876731607305}}