{"Mean":{"confidence_interval":{"confidence_level":0.95,"lower_bound":0.04234585095081776,"upper_bound":0.09948162509220981},"point_estimate":0.06513488960071845,"standard_error":0.015072811033989896},"Median":{"confidence_interval":{"confidence_level":0.95,"lower_bound":0.041785669749414334,"upper_bound":0.05958384314345411},"point_estimate":0.05073304947161961,"standard_error":0.0041541224795256316}}