{"Mean":{"confidence_interval":{"confidence_level":0.95,"lower_bound":218.30937503340039,"upper_bound":219.93429761009133},"point_estimate":219.03351893169133,"standard_error":0.41931877993820615},"Median":{"confidence_interval":{"confidence_level":0.95,"lower_bound":218.17858170273638,"upper_bound":218.8612933964995},"point_estimate":218.55709230609793,"standard_error":0.16418185317578057},"MedianAbsDev":{"confidence_interval":{"confidence_level":0.95,"lower_bound":0.4577266993177235,"upper_bound":1.1994561787202527},"point_estimate":0.7348912451654318,"standard_error":0.19223765797141942},"Slope":{"confidence_interval":{"confidence_level":0.95,"lower_bound":218.33701339798205,"upper_bound":218.7064375765711},"point_estimate":218.53262387428725,"standard_error":0.09417315036308034},"StdDev":{"confidence_interval":{"confidence_level":0.95,"lower_bound":0.9092053716156822,"upper_bound":3.4056784847213235},"point_estimate":2.4094499360141652,"standard_error":0.6428244907120936}}