{"Mean":{"confidence_interval":{"confidence_level":0.95,"lower_bound":44510865.825517856,"upper_bound":51042918.19939081},"point_estimate":47402364.631825246,"standard_error":1683796.828065656},"Median":{"confidence_interval":{"confidence_level":0.95,"lower_bound":43878476.5,"upper_bound":44352875.365384616},"point_estimate":44092307.19318181,"standard_error":112467.85083910899},"MedianAbsDev":{"confidence_interval":{"confidence_level":0.95,"lower_bound":289018.5962373155,"upper_bound":2903802.756780756},"point_estimate":540037.1055816573,"standard_error":733828.4392770309},"Slope":{"confidence_interval":{"confidence_level":0.95,"lower_bound":43941555.51577623,"upper_bound":53824353.28585562},"point_estimate":48181558.39152098,"standard_error":2546113.3127557207},"StdDev":{"confidence_interval":{"confidence_level":0.95,"lower_bound":3041389.8578629955,"upper_bound":13602934.218376137},"point_estimate":9685309.467480296,"standard_error":2618664.908543298}}