{"Mean":{"confidence_interval":{"confidence_level":0.95,"lower_bound":-0.15109249614461698,"upper_bound":-0.09502494015301664},"point_estimate":-0.1239614581143379,"standard_error":0.014237491071620917},"Median":{"confidence_interval":{"confidence_level":0.95,"lower_bound":-0.1373465055726073,"upper_bound":-0.08377626352658074},"point_estimate":-0.09166153436727265,"standard_error":0.012684396999372594}}