{"Mean":{"confidence_interval":{"confidence_level":0.95,"lower_bound":-0.2279978251488065,"upper_bound":-0.1925074379069292},"point_estimate":-0.21089973633857584,"standard_error":0.009065094748602499},"Median":{"confidence_interval":{"confidence_level":0.95,"lower_bound":-0.24203671469528631,"upper_bound":-0.17629709864929255},"point_estimate":-0.22054138627226416,"standard_error":0.017915095542025198}}