{"Mean":{"confidence_interval":{"confidence_level":0.95,"lower_bound":-0.2575513753914645,"upper_bound":-0.20987882435488167},"point_estimate":-0.2340735786696556,"standard_error":0.01213379013371518},"Median":{"confidence_interval":{"confidence_level":0.95,"lower_bound":-0.2427912890978552,"upper_bound":-0.20171004607078613},"point_estimate":-0.2202384588494154,"standard_error":0.010416134481428663}}