{"Mean":{"confidence_interval":{"confidence_level":0.95,"lower_bound":4336467.157894736,"upper_bound":4713668.552631579},"point_estimate":4516280.2894736845,"standard_error":96294.50421318633},"Median":{"confidence_interval":{"confidence_level":0.95,"lower_bound":4280121.842105263,"upper_bound":4828359.2105263155},"point_estimate":4389655.263157895,"standard_error":174302.55542679253},"MedianAbsDev":{"confidence_interval":{"confidence_level":0.95,"lower_bound":0.0,"upper_bound":165031.90957009792},"point_estimate":162394.24716955787,"standard_error":71898.18991214767},"Slope":{"confidence_interval":{"confidence_level":0.95,"lower_bound":4305130.234553776,"upper_bound":4562581.994459834},"point_estimate":4367818.947368421,"standard_error":69083.89832990621},"StdDev":{"confidence_interval":{"confidence_level":0.95,"lower_bound":45286.601075448074,"upper_bound":283828.6715662477},"point_estimate":240844.1833917792,"standard_error":59023.28404819416}}