{"Mean":{"confidence_interval":{"confidence_level":0.95,"lower_bound":1934.567839260194,"upper_bound":1944.266675399103},"point_estimate":1938.7120027050114,"standard_error":2.5145450764826673},"Median":{"confidence_interval":{"confidence_level":0.95,"lower_bound":1932.5253040181256,"upper_bound":1938.744808283627},"point_estimate":1936.0111614038544,"standard_error":1.5495904579615785},"MedianAbsDev":{"confidence_interval":{"confidence_level":0.95,"lower_bound":3.6441912974340998,"upper_bound":8.538642207034911},"point_estimate":5.91292306547538,"standard_error":1.185076411070919},"Slope":{"confidence_interval":{"confidence_level":0.95,"lower_bound":1933.2376615049664,"upper_bound":1937.7640197603025},"point_estimate":1935.3868011540062,"standard_error":1.160408453134429},"StdDev":{"confidence_interval":{"confidence_level":0.95,"lower_bound":4.4513518833837,"upper_bound":21.88519721726358},"point_estimate":14.465856306868954,"standard_error":4.7802987952277025}}