{"Mean":{"confidence_interval":{"confidence_level":0.95,"lower_bound":320.468683122875,"upper_bound":322.4175088092863},"point_estimate":321.3270381865185,"standard_error":0.5023255767378046},"Median":{"confidence_interval":{"confidence_level":0.95,"lower_bound":320.16515862458766,"upper_bound":321.1222832368847},"point_estimate":320.7698109745545,"standard_error":0.27752474666700677},"MedianAbsDev":{"confidence_interval":{"confidence_level":0.95,"lower_bound":0.7550049496790121,"upper_bound":1.815614271170822},"point_estimate":1.3742095738535156,"standard_error":0.28884460452057276},"Slope":{"confidence_interval":{"confidence_level":0.95,"lower_bound":319.8929806377829,"upper_bound":320.8830986087917},"point_estimate":320.353925117057,"standard_error":0.2527629102779404},"StdDev":{"confidence_interval":{"confidence_level":0.95,"lower_bound":1.0132611800602467,"upper_bound":4.189688734000022},"point_estimate":2.900939047901276,"standard_error":0.845927282728508}}