{"Mean":{"confidence_interval":{"confidence_level":0.95,"lower_bound":0.027001757746423216,"upper_bound":0.03944832023282213},"point_estimate":0.03353659060179215,"standard_error":0.0031857405340585837},"Median":{"confidence_interval":{"confidence_level":0.95,"lower_bound":0.032510527541838696,"upper_bound":0.03925189292303588},"point_estimate":0.03554971304271093,"standard_error":0.0017451108634621566}}