{"Mean":{"confidence_interval":{"confidence_level":0.95,"lower_bound":4797.770842899441,"upper_bound":4853.94718882287},"point_estimate":4824.808201180646,"standard_error":14.33600410772663},"Median":{"confidence_interval":{"confidence_level":0.95,"lower_bound":4778.582366822313,"upper_bound":4838.3997159641085},"point_estimate":4818.091048129458,"standard_error":18.509363824997266},"MedianAbsDev":{"confidence_interval":{"confidence_level":0.95,"lower_bound":44.73261131977808,"upper_bound":110.17146287310601},"point_estimate":83.01656122464713,"standard_error":16.960742998644086},"Slope":{"confidence_interval":{"confidence_level":0.95,"lower_bound":4776.186478036844,"upper_bound":4839.405119907533},"point_estimate":4806.316810214532,"standard_error":16.31660166489267},"StdDev":{"confidence_interval":{"confidence_level":0.95,"lower_bound":54.80635834583432,"upper_bound":98.30351215596093},"point_estimate":79.74982959650956,"standard_error":11.107715377913573}}