{"Mean":{"confidence_interval":{"confidence_level":0.95,"lower_bound":90.28296255836001,"upper_bound":92.96451525887899},"point_estimate":91.32447719016253,"standard_error":0.7132506238949098},"Median":{"confidence_interval":{"confidence_level":0.95,"lower_bound":90.02483902542573,"upper_bound":90.68924509732449},"point_estimate":90.43034532878909,"standard_error":0.18510721422536586},"MedianAbsDev":{"confidence_interval":{"confidence_level":0.95,"lower_bound":0.3710639970209582,"upper_bound":1.0150730169218034},"point_estimate":0.6671959960739005,"standard_error":0.16003072350704564},"Slope":{"confidence_interval":{"confidence_level":0.95,"lower_bound":90.04624906973397,"upper_bound":90.45092152893507},"point_estimate":90.23727505453648,"standard_error":0.10362594279931527},"StdDev":{"confidence_interval":{"confidence_level":0.95,"lower_bound":0.5008008915975468,"upper_bound":6.521889809174201},"point_estimate":4.079870879971078,"standard_error":1.7812143355238819}}