{"Mean":{"confidence_interval":{"confidence_level":0.95,"lower_bound":1387697.057543195,"upper_bound":1425962.9228009738},"point_estimate":1403441.8292123121,"standard_error":10013.900972713593},"Median":{"confidence_interval":{"confidence_level":0.95,"lower_bound":1383899.0089285714,"upper_bound":1393096.7857142857},"point_estimate":1389345.1017952636,"standard_error":2229.5014134520147},"MedianAbsDev":{"confidence_interval":{"confidence_level":0.95,"lower_bound":6237.841709256559,"upper_bound":18227.377530873142},"point_estimate":13113.669785395361,"standard_error":2983.5425205775623},"Slope":{"confidence_interval":{"confidence_level":0.95,"lower_bound":1380725.6970382596,"upper_bound":1388629.8495293949},"point_estimate":1384228.190646853,"standard_error":2019.4385020190805},"StdDev":{"confidence_interval":{"confidence_level":0.95,"lower_bound":11635.099289461097,"upper_bound":89284.52871336938},"point_estimate":57304.04232397471,"standard_error":21660.492173568942}}