{"Mean":{"confidence_interval":{"confidence_level":0.95,"lower_bound":2669.6689123253973,"upper_bound":3026.1849501479696},"point_estimate":2847.466223443385,"standard_error":91.20034499501088},"Median":{"confidence_interval":{"confidence_level":0.95,"lower_bound":2497.5807901965836,"upper_bound":3168.182284405055},"point_estimate":2847.8281783844104,"standard_error":170.1979029808458},"MedianAbsDev":{"confidence_interval":{"confidence_level":0.95,"lower_bound":365.1298300248268,"upper_bound":808.0696818511417},"point_estimate":631.0117539488169,"standard_error":113.23064526835947},"Slope":{"confidence_interval":{"confidence_level":0.95,"lower_bound":2795.669482729863,"upper_bound":3231.5604709136655},"point_estimate":3019.4617296076317,"standard_error":111.6790454734394},"StdDev":{"confidence_interval":{"confidence_level":0.95,"lower_bound":422.51551733771703,"upper_bound":601.8059181056916},"point_estimate":523.6267545987479,"standard_error":45.730464435355564}}