{"Mean":{"confidence_interval":{"confidence_level":0.95,"lower_bound":1873.1305542470436,"upper_bound":1902.2922890110826},"point_estimate":1884.0702267726397,"standard_error":8.155494963530737},"Median":{"confidence_interval":{"confidence_level":0.95,"lower_bound":1872.6795264351194,"upper_bound":1881.4375974510203},"point_estimate":1876.7419835566284,"standard_error":2.512734314861308},"MedianAbsDev":{"confidence_interval":{"confidence_level":0.95,"lower_bound":4.4391561953398915,"upper_bound":13.447558836593801},"point_estimate":8.008091306882328,"standard_error":2.1780686344151197},"Slope":{"confidence_interval":{"confidence_level":0.95,"lower_bound":1868.6558102487438,"upper_bound":1875.812559745395},"point_estimate":1872.3185267574606,"standard_error":1.830307155552335},"StdDev":{"confidence_interval":{"confidence_level":0.95,"lower_bound":7.699180024615594,"upper_bound":77.50637264023824},"point_estimate":46.855156261903346,"standard_error":23.464938861443418}}