{"Mean":{"confidence_interval":{"confidence_level":0.95,"lower_bound":508.4945515741673,"upper_bound":576.7024066339216},"point_estimate":539.4683443811201,"standard_error":17.487935656186867},"Median":{"confidence_interval":{"confidence_level":0.95,"lower_bound":476.2209515255587,"upper_bound":559.5818990129374},"point_estimate":504.6679937715319,"standard_error":20.11891780609719},"MedianAbsDev":{"confidence_interval":{"confidence_level":0.95,"lower_bound":25.547286176946344,"upper_bound":104.03977238496002},"point_estimate":63.62362137974975,"standard_error":19.560771512303532},"Slope":{"confidence_interval":{"confidence_level":0.95,"lower_bound":478.1044725047165,"upper_bound":539.7548360355356},"point_estimate":501.871645252261,"standard_error":15.904172740540181},"StdDev":{"confidence_interval":{"confidence_level":0.95,"lower_bound":51.738168174790026,"upper_bound":142.114444917518},"point_estimate":100.63449732628803,"standard_error":24.63091123776658}}