{"Mean":{"confidence_interval":{"confidence_level":0.95,"lower_bound":141.08540747861582,"upper_bound":149.41753811535656},"point_estimate":145.17472460991672,"standard_error":2.127826938882115},"Median":{"confidence_interval":{"confidence_level":0.95,"lower_bound":136.93166804531216,"upper_bound":148.81026166902404},"point_estimate":144.9803258486563,"standard_error":2.9916289467024195},"MedianAbsDev":{"confidence_interval":{"confidence_level":0.95,"lower_bound":6.359359095784027,"upper_bound":20.847748174472837},"point_estimate":16.39050680579252,"standard_error":3.6961646951364227},"Slope":{"confidence_interval":{"confidence_level":0.95,"lower_bound":135.85707183962566,"upper_bound":142.08969339958261},"point_estimate":138.9194600424328,"standard_error":1.599993318677353},"StdDev":{"confidence_interval":{"confidence_level":0.95,"lower_bound":9.704245798273737,"upper_bound":14.040253596427515},"point_estimate":12.23798223023784,"standard_error":1.1072847190025648}}