{"Mean":{"confidence_interval":{"confidence_level":0.95,"lower_bound":4.965406696623298,"upper_bound":5.041838190903717},"point_estimate":4.997532503435105,"standard_error":0.01978515725898717},"Median":{"confidence_interval":{"confidence_level":0.95,"lower_bound":4.9516338494952565,"upper_bound":5.005144735909637},"point_estimate":4.971394303389998,"standard_error":0.013307685716441446},"MedianAbsDev":{"confidence_interval":{"confidence_level":0.95,"lower_bound":0.03226788154499237,"upper_bound":0.07454258693049912},"point_estimate":0.05940946502139462,"standard_error":0.01079844948504829},"Slope":{"confidence_interval":{"confidence_level":0.95,"lower_bound":4.937407136648995,"upper_bound":4.985119348378528},"point_estimate":4.957738376131364,"standard_error":0.012252964613066259},"StdDev":{"confidence_interval":{"confidence_level":0.95,"lower_bound":0.040451165987568156,"upper_bound":0.17593959701891182},"point_estimate":0.11375563635662468,"standard_error":0.04072251326226268}}