{"Mean":{"confidence_interval":{"confidence_level":0.95,"lower_bound":55903.856122037,"upper_bound":56393.53155096224},"point_estimate":56146.82363203008,"standard_error":125.0534849304561},"Median":{"confidence_interval":{"confidence_level":0.95,"lower_bound":55776.70340909091,"upper_bound":56538.393939393936},"point_estimate":56038.20117845118,"standard_error":178.34918191728434},"MedianAbsDev":{"confidence_interval":{"confidence_level":0.95,"lower_bound":424.9075900321408,"upper_bound":1143.0222805557812},"point_estimate":960.7295003072777,"standard_error":191.59619516014303},"Slope":{"confidence_interval":{"confidence_level":0.95,"lower_bound":55792.980557905714,"upper_bound":56289.819236192234},"point_estimate":56036.23116444162,"standard_error":127.53888398202048},"StdDev":{"confidence_interval":{"confidence_level":0.95,"lower_bound":577.7606423075861,"upper_bound":826.3393777483136},"point_estimate":719.5559591350284,"standard_error":63.57795189017194}}