{"Mean":{"confidence_interval":{"confidence_level":0.95,"lower_bound":25055.388098565796,"upper_bound":25569.070708703322},"point_estimate":25281.553770758088,"standard_error":131.26092566110495},"Median":{"confidence_interval":{"confidence_level":0.95,"lower_bound":25021.176321678322,"upper_bound":25091.60603508772},"point_estimate":25057.892933333336,"standard_error":16.93677891748074},"MedianAbsDev":{"confidence_interval":{"confidence_level":0.95,"lower_bound":46.10738191762034,"upper_bound":112.4380310666118},"point_estimate":80.88630805963356,"standard_error":16.228903841627076},"Slope":{"confidence_interval":{"confidence_level":0.95,"lower_bound":24995.56961755286,"upper_bound":25048.583218002997},"point_estimate":25019.0636993007,"standard_error":13.551254108828996},"StdDev":{"confidence_interval":{"confidence_level":0.95,"lower_bound":73.4794223657583,"upper_bound":1103.2020897989203},"point_estimate":754.9612124670838,"standard_error":242.91810553307982}}