{"Mean":{"confidence_interval":{"confidence_level":0.95,"lower_bound":819360.7282766973,"upper_bound":863011.6604294585},"point_estimate":835724.754107184,"standard_error":12027.132533938275},"Median":{"confidence_interval":{"confidence_level":0.95,"lower_bound":814141.7725,"upper_bound":824810.0944444444},"point_estimate":817360.1895102339,"standard_error":2447.601437226148},"MedianAbsDev":{"confidence_interval":{"confidence_level":0.95,"lower_bound":3774.8488225663605,"upper_bound":15989.771527475894},"point_estimate":7574.105535532727,"standard_error":3002.1763783517044},"Slope":{"confidence_interval":{"confidence_level":0.95,"lower_bound":815367.299981621,"upper_bound":821864.4498852873},"point_estimate":818300.7739656178,"standard_error":1660.1994798405572},"StdDev":{"confidence_interval":{"confidence_level":0.95,"lower_bound":8727.030237650844,"upper_bound":112905.79325284115},"point_estimate":68959.03640211148,"standard_error":33774.96703826636}}