{"Mean":{"confidence_interval":{"confidence_level":0.95,"lower_bound":145435.56345462095,"upper_bound":147309.5041936458},"point_estimate":146298.83875418728,"standard_error":478.4490484419656},"Median":{"confidence_interval":{"confidence_level":0.95,"lower_bound":144539.71884488867,"upper_bound":147088.678125},"point_estimate":145951.78199404763,"standard_error":769.5643288803637},"MedianAbsDev":{"confidence_interval":{"confidence_level":0.95,"lower_bound":1153.1427078088586,"upper_bound":3025.185019736739},"point_estimate":2474.111526974198,"standard_error":473.47827677045933},"Slope":{"confidence_interval":{"confidence_level":0.95,"lower_bound":145006.55440846347,"upper_bound":146255.49371111798},"point_estimate":145640.4725688374,"standard_error":318.6952118799041},"StdDev":{"confidence_interval":{"confidence_level":0.95,"lower_bound":1563.0877342783888,"upper_bound":3787.723433935464},"point_estimate":2755.5608498290376,"standard_error":597.5402818733666}}