{"Mean":{"confidence_interval":{"confidence_level":0.95,"lower_bound":0.01445463294375954,"upper_bound":0.10428786530562562},"point_estimate":0.050999917407434925,"standard_error":0.024117106176075875},"Median":{"confidence_interval":{"confidence_level":0.95,"lower_bound":0.001441425440644073,"upper_bound":0.1496032478330791},"point_estimate":0.0357012346314729,"standard_error":0.03219793039730265}}