{"Mean":{"confidence_interval":{"confidence_level":0.95,"lower_bound":49.43748891996078,"upper_bound":49.695105602428356},"point_estimate":49.54958458936266,"standard_error":0.0663073335460222},"Median":{"confidence_interval":{"confidence_level":0.95,"lower_bound":49.46502441316084,"upper_bound":49.54634120193463},"point_estimate":49.49995047279728,"standard_error":0.018720825270386307},"MedianAbsDev":{"confidence_interval":{"confidence_level":0.95,"lower_bound":0.04672048321252829,"upper_bound":0.21662135014775924},"point_estimate":0.09559636106526286,"standard_error":0.04230321210488256},"Slope":{"confidence_interval":{"confidence_level":0.95,"lower_bound":49.3484915572236,"upper_bound":49.51234821839388},"point_estimate":49.437575755012084,"standard_error":0.04199751189146436},"StdDev":{"confidence_interval":{"confidence_level":0.95,"lower_bound":0.15718685353275227,"upper_bound":0.584630248781969},"point_estimate":0.38065779019843654,"standard_error":0.12504526280328446}}