{"Mean":{"confidence_interval":{"confidence_level":0.95,"lower_bound":234.64475334635017,"upper_bound":238.2366700989303},"point_estimate":235.99635149415886,"standard_error":0.996643080862647},"Median":{"confidence_interval":{"confidence_level":0.95,"lower_bound":234.39356744317598,"upper_bound":235.47819306323626},"point_estimate":234.75529864753676,"standard_error":0.3433201230453772},"MedianAbsDev":{"confidence_interval":{"confidence_level":0.95,"lower_bound":0.8215003368518545,"upper_bound":2.324364811296061},"point_estimate":1.3028663672582554,"standard_error":0.3729128807428315},"Slope":{"confidence_interval":{"confidence_level":0.95,"lower_bound":234.2770099250293,"upper_bound":235.14634776715042},"point_estimate":234.7026414842357,"standard_error":0.221190863976545},"StdDev":{"confidence_interval":{"confidence_level":0.95,"lower_bound":1.1587363332916556,"upper_bound":9.46461156843266},"point_estimate":5.72344893680131,"standard_error":2.8423128890039058}}