{"Mean":{"confidence_interval":{"confidence_level":0.95,"lower_bound":936.3437610499792,"upper_bound":961.2952966410509},"point_estimate":948.8920676101473,"standard_error":6.406754523565758},"Median":{"confidence_interval":{"confidence_level":0.95,"lower_bound":935.0330867778256,"upper_bound":972.5347062548449},"point_estimate":949.1155915299204,"standard_error":11.560010358573528},"MedianAbsDev":{"confidence_interval":{"confidence_level":0.95,"lower_bound":25.73540141448188,"upper_bound":69.40631308674624},"point_estimate":45.59348560747427,"standard_error":11.335279176431632},"Slope":{"confidence_interval":{"confidence_level":0.95,"lower_bound":926.8989438759753,"upper_bound":960.6998549420088},"point_estimate":943.8435797657683,"standard_error":8.628028673092762},"StdDev":{"confidence_interval":{"confidence_level":0.95,"lower_bound":30.312171575424834,"upper_bound":41.17368317248854},"point_estimate":36.79779087194271,"standard_error":2.770256698322234}}