{"Mean":{"confidence_interval":{"confidence_level":0.95,"lower_bound":125.30313787565969,"upper_bound":127.99016573809084},"point_estimate":126.5239263729274,"standard_error":0.6915160883787598},"Median":{"confidence_interval":{"confidence_level":0.95,"lower_bound":124.46970813293491,"upper_bound":125.8659715803916},"point_estimate":124.88245320748862,"standard_error":0.345833547748291},"MedianAbsDev":{"confidence_interval":{"confidence_level":0.95,"lower_bound":0.6163586076631012,"upper_bound":2.6485162634511275},"point_estimate":1.3362097763410326,"standard_error":0.5331406309157452},"Slope":{"confidence_interval":{"confidence_level":0.95,"lower_bound":125.15659753156994,"upper_bound":129.40087885330797},"point_estimate":127.12462311824761,"standard_error":1.0890953816464504},"StdDev":{"confidence_interval":{"confidence_level":0.95,"lower_bound":2.021576974935927,"upper_bound":5.468191419374623},"point_estimate":3.975573191587049,"standard_error":0.8961418239858505}}