{"Mean":{"confidence_interval":{"confidence_level":0.95,"lower_bound":-0.03592622317622114,"upper_bound":0.06626729190150785},"point_estimate":0.007863175523388,"standard_error":0.02597002077259852},"Median":{"confidence_interval":{"confidence_level":0.95,"lower_bound":-0.04068532166920369,"upper_bound":-0.012911220228905118},"point_estimate":-0.027250346997329422,"standard_error":0.007049912256291456}}