{"Mean":{"confidence_interval":{"confidence_level":0.95,"lower_bound":2293.553668057692,"upper_bound":2690.259484575065},"point_estimate":2480.9881185364347,"standard_error":101.59187637384811},"Median":{"confidence_interval":{"confidence_level":0.95,"lower_bound":2137.961730241835,"upper_bound":2448.7407130391425},"point_estimate":2294.895287958115,"standard_error":84.62217468279604},"MedianAbsDev":{"confidence_interval":{"confidence_level":0.95,"lower_bound":207.57607179919307,"upper_bound":651.1727516023288},"point_estimate":366.215924698678,"standard_error":114.23497371081702},"Slope":{"confidence_interval":{"confidence_level":0.95,"lower_bound":2141.9582333939497,"upper_bound":2675.5785458364785},"point_estimate":2363.595617929191,"standard_error":136.42873509031077},"StdDev":{"confidence_interval":{"confidence_level":0.95,"lower_bound":379.7828609489907,"upper_bound":731.982887821582},"point_estimate":586.4269218515961,"standard_error":89.69092894197128}}