{"Mean":{"confidence_interval":{"confidence_level":0.95,"lower_bound":17.18242332615009,"upper_bound":17.287557888219382},"point_estimate":17.229835730848855,"standard_error":0.026993213388697243},"Median":{"confidence_interval":{"confidence_level":0.95,"lower_bound":17.14241487348187,"upper_bound":17.22208389654083},"point_estimate":17.183450352824803,"standard_error":0.02138198481282371},"MedianAbsDev":{"confidence_interval":{"confidence_level":0.95,"lower_bound":0.04172707559622378,"upper_bound":0.13045189628063286},"point_estimate":0.08086784510872892,"standard_error":0.02453940997677689},"Slope":{"confidence_interval":{"confidence_level":0.95,"lower_bound":17.1489403647735,"upper_bound":17.19962047293007},"point_estimate":17.17365826300377,"standard_error":0.012971583777193185},"StdDev":{"confidence_interval":{"confidence_level":0.95,"lower_bound":0.07402771127189196,"upper_bound":0.21956045357244092},"point_estimate":0.15534985061264667,"standard_error":0.038337074693094324}}