{"Mean":{"confidence_interval":{"confidence_level":0.95,"lower_bound":2330.897350444027,"upper_bound":2339.6125641017165},"point_estimate":2334.5176795068523,"standard_error":6.486933344044294},"Median":{"confidence_interval":{"confidence_level":0.95,"lower_bound":2329.1528872779863,"upper_bound":2329.1528872779863},"point_estimate":2326.5034525636274,"standard_error":0.0},"MedianAbsDev":{"confidence_interval":{"confidence_level":0.95,"lower_bound":12.253265846471956,"upper_bound":20.92640345441169},"point_estimate":15.494806685598341,"standard_error":6.455615175513956},"Slope":{"confidence_interval":{"confidence_level":0.95,"lower_bound":2348.4749980010765,"upper_bound":2359.1996241739776},"point_estimate":2347.727427342751,"standard_error":7.982585150051441},"StdDev":{"confidence_interval":{"confidence_level":0.95,"lower_bound":9.06344356143592,"upper_bound":28.547978294192},"point_estimate":25.020185738022455,"standard_error":14.50278593452278}}