{"Mean":{"confidence_interval":{"confidence_level":0.95,"lower_bound":199.3459461082071,"upper_bound":201.91654328101433},"point_estimate":200.45803619310198,"standard_error":0.6653331098500331},"Median":{"confidence_interval":{"confidence_level":0.95,"lower_bound":199.40300274882827,"upper_bound":200.16647228125365},"point_estimate":199.88066515947253,"standard_error":0.22613056209575105},"MedianAbsDev":{"confidence_interval":{"confidence_level":0.95,"lower_bound":0.5591510267175286,"upper_bound":1.7569193170115702},"point_estimate":0.7722413598076042,"standard_error":0.31387508749606297},"Slope":{"confidence_interval":{"confidence_level":0.95,"lower_bound":198.78911483396217,"upper_bound":200.1413710231837},"point_estimate":199.4459808312201,"standard_error":0.3453019888810358},"StdDev":{"confidence_interval":{"confidence_level":0.95,"lower_bound":1.3730852175520787,"upper_bound":5.744143674775001},"point_estimate":3.822510174522544,"standard_error":1.2100012204371435}}