{"Mean":{"confidence_interval":{"confidence_level":0.95,"lower_bound":16900.126782317784,"upper_bound":17447.94175695796},"point_estimate":17139.582312551967,"standard_error":141.50079368368742},"Median":{"confidence_interval":{"confidence_level":0.95,"lower_bound":16879.64539997208,"upper_bound":17059.48779995967},"point_estimate":16954.872958257714,"standard_error":52.5157673347293},"MedianAbsDev":{"confidence_interval":{"confidence_level":0.95,"lower_bound":144.04613694427331,"upper_bound":555.5857665277942},"point_estimate":344.70860182934445,"standard_error":109.4121559200817},"Slope":{"confidence_interval":{"confidence_level":0.95,"lower_bound":16726.72637975562,"upper_bound":16996.974799636853},"point_estimate":16846.641040447754,"standard_error":68.57800681391855},"StdDev":{"confidence_interval":{"confidence_level":0.95,"lower_bound":347.96966313869314,"upper_bound":1204.4616389716284},"point_estimate":813.1733712260225,"standard_error":240.62686412317348}}