{"Mean":{"confidence_interval":{"confidence_level":0.95,"lower_bound":16109.34133721808,"upper_bound":16650.975689904528},"point_estimate":16370.779100793363,"standard_error":138.9181973630946},"Median":{"confidence_interval":{"confidence_level":0.95,"lower_bound":15761.691306708493,"upper_bound":16616.561879902532},"point_estimate":16096.14527027027,"standard_error":211.19398682983584},"MedianAbsDev":{"confidence_interval":{"confidence_level":0.95,"lower_bound":255.95624614690067,"upper_bound":1239.7597524206067},"point_estimate":695.1497112777132,"standard_error":245.25517344043652},"Slope":{"confidence_interval":{"confidence_level":0.95,"lower_bound":16366.992776208595,"upper_bound":17034.818204404626},"point_estimate":16706.622083933802,"standard_error":170.20221009328299},"StdDev":{"confidence_interval":{"confidence_level":0.95,"lower_bound":614.9293376322986,"upper_bound":912.1580759225525},"point_estimate":798.5225548837535,"standard_error":76.07013185564111}}