{"Mean":{"confidence_interval":{"confidence_level":0.95,"lower_bound":18044.224456700325,"upper_bound":18373.96946510854},"point_estimate":18198.076723338956,"standard_error":84.50169192498285},"Median":{"confidence_interval":{"confidence_level":0.95,"lower_bound":17958.66129352575,"upper_bound":18228.22920252438},"point_estimate":18065.122530940087,"standard_error":68.81469070877989},"MedianAbsDev":{"confidence_interval":{"confidence_level":0.95,"lower_bound":149.2214019164233,"upper_bound":484.59428631553703},"point_estimate":297.36847062426745,"standard_error":79.80013434646258},"Slope":{"confidence_interval":{"confidence_level":0.95,"lower_bound":17953.615014952506,"upper_bound":18128.12784886342},"point_estimate":18042.44990538569,"standard_error":44.63964363366662},"StdDev":{"confidence_interval":{"confidence_level":0.95,"lower_bound":279.61499326327987,"upper_bound":609.8841428673634},"point_estimate":470.58789902505464,"standard_error":84.39325855439517}}