{"Mean":{"confidence_interval":{"confidence_level":0.95,"lower_bound":145.3246058013149,"upper_bound":147.09347295187806},"point_estimate":145.9556663430817,"standard_error":0.5310385749023628},"Median":{"confidence_interval":{"confidence_level":0.95,"lower_bound":145.29789606095997,"upper_bound":145.63466935421351},"point_estimate":145.48936353979767,"standard_error":0.09201071406779895},"MedianAbsDev":{"confidence_interval":{"confidence_level":0.95,"lower_bound":0.17575430470893683,"upper_bound":0.5304530618477661},"point_estimate":0.30475225547540963,"standard_error":0.08743756659770197},"Slope":{"confidence_interval":{"confidence_level":0.95,"lower_bound":145.30981892598658,"upper_bound":145.54114783991412},"point_estimate":145.431641188101,"standard_error":0.058908660803390266},"StdDev":{"confidence_interval":{"confidence_level":0.95,"lower_bound":0.2949858018290549,"upper_bound":5.119155369108462},"point_estimate":3.0573047099997126,"standard_error":1.7161295859977979}}