{"Mean":{"confidence_interval":{"confidence_level":0.95,"lower_bound":43.43678422797528,"upper_bound":44.10549060682084},"point_estimate":43.694852118460496,"standard_error":0.18177409127648456},"Median":{"confidence_interval":{"confidence_level":0.95,"lower_bound":43.32208219737952,"upper_bound":43.69331844677778},"point_estimate":43.43124927016953,"standard_error":0.09040303071410848},"MedianAbsDev":{"confidence_interval":{"confidence_level":0.95,"lower_bound":0.16122701267115414,"upper_bound":0.4909449846589185},"point_estimate":0.36392534177242647,"standard_error":0.0845124009316091},"Slope":{"confidence_interval":{"confidence_level":0.95,"lower_bound":43.34899758746405,"upper_bound":43.544282462218874},"point_estimate":43.443256065698385,"standard_error":0.04983391399780331},"StdDev":{"confidence_interval":{"confidence_level":0.95,"lower_bound":0.2579622327498619,"upper_bound":1.7157936116881962},"point_estimate":1.046988600108258,"standard_error":0.4918744827063065}}