{"Mean":{"confidence_interval":{"confidence_level":0.95,"lower_bound":-0.14087377953361946,"upper_bound":-0.08626758598654664},"point_estimate":-0.11401578939025336,"standard_error":0.013961462208277119},"Median":{"confidence_interval":{"confidence_level":0.95,"lower_bound":-0.14454288085466882,"upper_bound":-0.05970726676343063},"point_estimate":-0.09845435450900197,"standard_error":0.024367037292145385}}