{"Mean":{"confidence_interval":{"confidence_level":0.95,"lower_bound":119.82415701538527,"upper_bound":122.84142169339084},"point_estimate":121.23664280863987,"standard_error":0.773317414572952},"Median":{"confidence_interval":{"confidence_level":0.95,"lower_bound":118.38329278238311,"upper_bound":121.75213970909766},"point_estimate":118.8649205189626,"standard_error":0.8155497345551094},"MedianAbsDev":{"confidence_interval":{"confidence_level":0.95,"lower_bound":0.6182891349376355,"upper_bound":4.728445667881496},"point_estimate":1.6705477386052563,"standard_error":1.0803246572420437},"Slope":{"confidence_interval":{"confidence_level":0.95,"lower_bound":119.29138320323432,"upper_bound":123.73441678574926},"point_estimate":121.28809350119131,"standard_error":1.141285397054692},"StdDev":{"confidence_interval":{"confidence_level":0.95,"lower_bound":2.8482367957155397,"upper_bound":5.533919873756368},"point_estimate":4.437992972655539,"standard_error":0.686700861105505}}