{"Mean":{"confidence_interval":{"confidence_level":0.95,"lower_bound":-0.3049877191604998,"upper_bound":-0.24193374706865153},"point_estimate":-0.27415156908105787,"standard_error":0.016085927092679017},"Median":{"confidence_interval":{"confidence_level":0.95,"lower_bound":-0.3143216730482621,"upper_bound":-0.19161904081123393},"point_estimate":-0.2290960661107142,"standard_error":0.03471931740219695}}