{"Mean":{"confidence_interval":{"confidence_level":0.95,"lower_bound":589864409.0,"upper_bound":604729885.0},"point_estimate":597297147.0,"standard_error":3826099.317973888},"Median":{"confidence_interval":{"confidence_level":0.95,"lower_bound":586038650.0,"upper_bound":608459500.0},"point_estimate":595604825.0,"standard_error":6652201.227260167},"MedianAbsDev":{"confidence_interval":{"confidence_level":0.95,"lower_bound":0.0,"upper_bound":14182810.803204775},"point_estimate":14182810.803204775,"standard_error":4773345.093411669},"Slope":{"confidence_interval":{"confidence_level":0.95,"lower_bound":590470622.0338984,"upper_bound":602550166.6666666},"point_estimate":594597372.7272727,"standard_error":3065294.3459451776},"StdDev":{"confidence_interval":{"confidence_level":0.95,"lower_bound":2620778.4951169565,"upper_bound":11573259.377429938},"point_estimate":9545821.126240006,"standard_error":2127044.8510897104}}