{"Mean":{"confidence_interval":{"confidence_level":0.95,"lower_bound":7008.231519464,"upper_bound":7183.649997981341},"point_estimate":7090.710780578269,"standard_error":44.88413530169379},"Median":{"confidence_interval":{"confidence_level":0.95,"lower_bound":6939.925464985524,"upper_bound":7098.778978388998},"point_estimate":7018.303199976186,"standard_error":41.05266105227454},"MedianAbsDev":{"confidence_interval":{"confidence_level":0.95,"lower_bound":98.86036162896384,"upper_bound":272.82389229786077},"point_estimate":160.5711446081551,"standard_error":45.68600732513654},"Slope":{"confidence_interval":{"confidence_level":0.95,"lower_bound":6923.875423366929,"upper_bound":7082.261806569121},"point_estimate":6997.251088449861,"standard_error":41.04768973665397},"StdDev":{"confidence_interval":{"confidence_level":0.95,"lower_bound":150.0473427204593,"upper_bound":329.56922997305486},"point_estimate":257.3679446173805,"standard_error":45.00802225466372}}