{"Mean":{"confidence_interval":{"confidence_level":0.95,"lower_bound":195.23117315647883,"upper_bound":201.35653626143574},"point_estimate":197.81559786855178,"standard_error":1.5914686029077294},"Median":{"confidence_interval":{"confidence_level":0.95,"lower_bound":193.9226839119873,"upper_bound":196.5772928558199},"point_estimate":195.2386418874263,"standard_error":0.5963374521309118},"MedianAbsDev":{"confidence_interval":{"confidence_level":0.95,"lower_bound":1.0745527522164038,"upper_bound":3.5901645308973613},"point_estimate":2.647049956431104,"standard_error":0.6736168902491079},"Slope":{"confidence_interval":{"confidence_level":0.95,"lower_bound":194.19911396119267,"upper_bound":195.39742723450934},"point_estimate":194.7573411207674,"standard_error":0.30730046455193555},"StdDev":{"confidence_interval":{"confidence_level":0.95,"lower_bound":2.167157028165866,"upper_bound":13.800137993842077},"point_estimate":9.12328058389178,"standard_error":3.1260083868139072}}