{"Mean":{"confidence_interval":{"confidence_level":0.95,"lower_bound":112306.22274721565,"upper_bound":113290.75767802904},"point_estimate":112798.06041174484,"standard_error":255.89159424359494},"Median":{"confidence_interval":{"confidence_level":0.95,"lower_bound":112194.4819439757,"upper_bound":113599.05501181235},"point_estimate":112540.14174822815,"standard_error":472.62034348920906},"MedianAbsDev":{"confidence_interval":{"confidence_level":0.95,"lower_bound":0.0,"upper_bound":512.4752166864382},"point_estimate":512.4752166864382,"standard_error":188.06661996684707},"Slope":{"confidence_interval":{"confidence_level":0.95,"lower_bound":112305.94157207181,"upper_bound":113344.67319158511},"point_estimate":112633.53910348848,"standard_error":241.3003389206256},"StdDev":{"confidence_interval":{"confidence_level":0.95,"lower_bound":130.98111169715048,"upper_bound":731.7134043558251},"point_estimate":638.4274232562102,"standard_error":151.63714253089887}}