{"Mean":{"confidence_interval":{"confidence_level":0.95,"lower_bound":145028.70423894678,"upper_bound":147248.46986028505},"point_estimate":145998.59441643988,"standard_error":572.9604609104028},"Median":{"confidence_interval":{"confidence_level":0.95,"lower_bound":144773.0736607143,"upper_bound":145865.38002232142},"point_estimate":145181.70409717015,"standard_error":290.87793870677774},"MedianAbsDev":{"confidence_interval":{"confidence_level":0.95,"lower_bound":906.8093990997762,"upper_bound":2576.6020861872826},"point_estimate":1957.7113417853473,"standard_error":429.3305425625288},"Slope":{"confidence_interval":{"confidence_level":0.95,"lower_bound":144388.38839561527,"upper_bound":145485.25968205516},"point_estimate":144916.09570858828,"standard_error":281.0348878404161},"StdDev":{"confidence_interval":{"confidence_level":0.95,"lower_bound":1283.0598464397513,"upper_bound":4929.33584061039},"point_estimate":3304.87382978896,"standard_error":1019.3458969086264}}