{"Mean":{"confidence_interval":{"confidence_level":0.95,"lower_bound":30.94352948930832,"upper_bound":32.21338472252307},"point_estimate":31.559660921371318,"standard_error":0.32447494935473997},"Median":{"confidence_interval":{"confidence_level":0.95,"lower_bound":29.965577929102135,"upper_bound":32.76345438707486},"point_estimate":31.176356393247115,"standard_error":0.865498417126916},"MedianAbsDev":{"confidence_interval":{"confidence_level":0.95,"lower_bound":0.4860788368540575,"upper_bound":2.755159828505354},"point_estimate":2.1598956418771156,"standard_error":0.6739442815590502},"Slope":{"confidence_interval":{"confidence_level":0.95,"lower_bound":30.29515179501676,"upper_bound":31.471185473426537},"point_estimate":30.879524862133543,"standard_error":0.30177474876582183},"StdDev":{"confidence_interval":{"confidence_level":0.95,"lower_bound":1.4320346989557857,"upper_bound":2.3021421462790186},"point_estimate":1.862920816433297,"standard_error":0.23591860796166442}}