{"Mean":{"confidence_interval":{"confidence_level":0.95,"lower_bound":140.76733697767227,"upper_bound":145.27233709373195},"point_estimate":142.4408565110602,"standard_error":1.2696415035352884},"Median":{"confidence_interval":{"confidence_level":0.95,"lower_bound":140.27588216350503,"upper_bound":141.4724347866092},"point_estimate":140.7136265818583,"standard_error":0.3750454182232857},"MedianAbsDev":{"confidence_interval":{"confidence_level":0.95,"lower_bound":0.5112184218890653,"upper_bound":1.6120443039663788},"point_estimate":1.079479951774986,"standard_error":0.27904419543604875},"Slope":{"confidence_interval":{"confidence_level":0.95,"lower_bound":140.3886145917016,"upper_bound":140.97660285094523},"point_estimate":140.66612750910548,"standard_error":0.15047647817951104},"StdDev":{"confidence_interval":{"confidence_level":0.95,"lower_bound":0.8126646081413195,"upper_bound":12.015550571149891},"point_estimate":7.2773601058802395,"standard_error":3.697384513455431}}