{"Mean":{"confidence_interval":{"confidence_level":0.95,"lower_bound":33.404318950317034,"upper_bound":34.157732953501935},"point_estimate":33.69991272057055,"standard_error":0.20062813869647944},"Median":{"confidence_interval":{"confidence_level":0.95,"lower_bound":33.310345920977085,"upper_bound":33.60033459909419},"point_estimate":33.47072608391183,"standard_error":0.06987858454340454},"MedianAbsDev":{"confidence_interval":{"confidence_level":0.95,"lower_bound":0.18017045198037573,"upper_bound":0.45844521123601906},"point_estimate":0.2999075143221699,"standard_error":0.06904060639384538},"Slope":{"confidence_interval":{"confidence_level":0.95,"lower_bound":33.27391683784895,"upper_bound":33.47922718495851},"point_estimate":33.37710954135379,"standard_error":0.052530707784444026},"StdDev":{"confidence_interval":{"confidence_level":0.95,"lower_bound":0.2283337944694514,"upper_bound":1.8500850500453314},"point_estimate":1.1517818962824211,"standard_error":0.5032868663062123}}