{"Mean":{"confidence_interval":{"confidence_level":0.95,"lower_bound":54024569.30647431,"upper_bound":54788384.918460764},"point_estimate":54322906.02233784,"standard_error":204758.6260993894},"Median":{"confidence_interval":{"confidence_level":0.95,"lower_bound":53959461.666666664,"upper_bound":54178257.07142857},"point_estimate":54098974.92735043,"standard_error":50712.244417006295},"MedianAbsDev":{"confidence_interval":{"confidence_level":0.95,"lower_bound":142615.98203297428,"upper_bound":485959.1494512511},"point_estimate":261181.04160014802,"standard_error":83512.74525999969},"Slope":{"confidence_interval":{"confidence_level":0.95,"lower_bound":54015422.72199086,"upper_bound":54225465.0990119},"point_estimate":54111928.689772725,"standard_error":53275.788157875904},"StdDev":{"confidence_interval":{"confidence_level":0.95,"lower_bound":267716.9516771574,"upper_bound":1912074.9278938377},"point_estimate":1178980.8054546933,"standard_error":531566.6751090777}}