{"Mean":{"confidence_interval":{"confidence_level":0.95,"lower_bound":-0.2536734101942952,"upper_bound":-0.13888256650145897},"point_estimate":-0.1984229660080149,"standard_error":0.02933434545055549},"Median":{"confidence_interval":{"confidence_level":0.95,"lower_bound":-0.23282729469995844,"upper_bound":-0.05610064634543055},"point_estimate":-0.09255320647818599,"standard_error":0.04947685810193989}}