{"Mean":{"confidence_interval":{"confidence_level":0.95,"lower_bound":13861.535948960829,"upper_bound":14109.830809723788},"point_estimate":13966.422971785176,"standard_error":64.54201479702841},"Median":{"confidence_interval":{"confidence_level":0.95,"lower_bound":13839.876472038519,"upper_bound":14002.541594152453},"point_estimate":13902.972861080772,"standard_error":46.94504040753389},"MedianAbsDev":{"confidence_interval":{"confidence_level":0.95,"lower_bound":110.4301083711619,"upper_bound":279.1643427361503},"point_estimate":178.7986353397753,"standard_error":42.96853157965932},"Slope":{"confidence_interval":{"confidence_level":0.95,"lower_bound":13781.315269972283,"upper_bound":13891.702514255554},"point_estimate":13833.239950057485,"standard_error":28.127950392642582},"StdDev":{"confidence_interval":{"confidence_level":0.95,"lower_bound":146.22203863950404,"upper_bound":578.0989478496901},"point_estimate":371.41364633373325,"standard_error":133.75409317589938}}