{"Mean":{"confidence_interval":{"confidence_level":0.95,"lower_bound":290117.5604427529,"upper_bound":314041.3730664371},"point_estimate":299131.3346653532,"standard_error":6516.043683620734},"Median":{"confidence_interval":{"confidence_level":0.95,"lower_bound":287759.7943431713,"upper_bound":292763.6863839285},"point_estimate":290215.1914299242,"standard_error":1347.2172123117523},"MedianAbsDev":{"confidence_interval":{"confidence_level":0.95,"lower_bound":2932.587802254267,"upper_bound":8345.808970582251},"point_estimate":4534.814701341992,"standard_error":1331.2921915476322},"Slope":{"confidence_interval":{"confidence_level":0.95,"lower_bound":287563.8943760733,"upper_bound":289881.4657537847},"point_estimate":288611.2121722028,"standard_error":593.6870367678287},"StdDev":{"confidence_interval":{"confidence_level":0.95,"lower_bound":4880.948929945396,"upper_bound":60814.117613895745},"point_estimate":37303.566744865566,"standard_error":17793.454119398033}}