{"Mean":{"confidence_interval":{"confidence_level":0.95,"lower_bound":-0.5109195551599189,"upper_bound":-0.42191894706759486},"point_estimate":-0.46983840993754133,"standard_error":0.02272440609693459},"Median":{"confidence_interval":{"confidence_level":0.95,"lower_bound":-0.5406335030754348,"upper_bound":-0.3992632510731885},"point_estimate":-0.48409991166679045,"standard_error":0.04477005529747572}}