{"Mean":{"confidence_interval":{"confidence_level":0.95,"lower_bound":503019.46319139353,"upper_bound":521856.35050957045},"point_estimate":512430.7427029908,"standard_error":4825.770561346355},"Median":{"confidence_interval":{"confidence_level":0.95,"lower_bound":494247.7268170426,"upper_bound":534699.7530701754},"point_estimate":508370.5,"standard_error":11765.266233281585},"MedianAbsDev":{"confidence_interval":{"confidence_level":0.95,"lower_bound":17176.9094764348,"upper_bound":44911.84533730459},"point_estimate":38810.96586061682,"standard_error":7112.3382480392975},"Slope":{"confidence_interval":{"confidence_level":0.95,"lower_bound":499274.88966082333,"upper_bound":525256.957592842},"point_estimate":512711.4280824439,"standard_error":6659.814399729892},"StdDev":{"confidence_interval":{"confidence_level":0.95,"lower_bound":23324.908275526952,"upper_bound":30906.298857840196},"point_estimate":27716.37887658797,"standard_error":1930.7623505528586}}