{"Mean":{"confidence_interval":{"confidence_level":0.95,"lower_bound":13228.234072978474,"upper_bound":13509.428094579333},"point_estimate":13346.511720353506,"standard_error":73.4099366698091},"Median":{"confidence_interval":{"confidence_level":0.95,"lower_bound":13184.998145517677,"upper_bound":13337.203056251741},"point_estimate":13258.748967236468,"standard_error":38.19445324467926},"MedianAbsDev":{"confidence_interval":{"confidence_level":0.95,"lower_bound":104.16186505042857,"upper_bound":272.8929274595005},"point_estimate":170.73070664963947,"standard_error":43.93786670015009},"Slope":{"confidence_interval":{"confidence_level":0.95,"lower_bound":13169.631207677696,"upper_bound":13260.693669688522},"point_estimate":13214.221466691204,"standard_error":23.186111679128125},"StdDev":{"confidence_interval":{"confidence_level":0.95,"lower_bound":144.20054185123632,"upper_bound":653.450012412688},"point_estimate":420.8571382337517,"standard_error":152.32233696946844}}