{"Mean":{"confidence_interval":{"confidence_level":0.95,"lower_bound":2250707.1028520535,"upper_bound":2290342.8422703943},"point_estimate":2268859.386598725,"standard_error":10127.212146006857},"Median":{"confidence_interval":{"confidence_level":0.95,"lower_bound":2243387.088636364,"upper_bound":2271911.210858586},"point_estimate":2256572.5029761903,"standard_error":6574.648618716252},"MedianAbsDev":{"confidence_interval":{"confidence_level":0.95,"lower_bound":21172.687509904765,"upper_bound":61922.19842982735},"point_estimate":40870.87517252185,"standard_error":10799.674004460747},"Slope":{"confidence_interval":{"confidence_level":0.95,"lower_bound":2243861.2493277406,"upper_bound":2273602.6222787583},"point_estimate":2259835.409833916,"standard_error":7590.570614644173},"StdDev":{"confidence_interval":{"confidence_level":0.95,"lower_bound":31694.879675644115,"upper_bound":81376.67422227065},"point_estimate":58169.06340260681,"standard_error":13378.165784878038}}