{"Mean":{"confidence_interval":{"confidence_level":0.95,"lower_bound":27563.449001051526,"upper_bound":30615.76264750555},"point_estimate":29146.26957004323,"standard_error":786.449446111942},"Median":{"confidence_interval":{"confidence_level":0.95,"lower_bound":26330.897301086574,"upper_bound":31291.787153873116},"point_estimate":29284.11029325856,"standard_error":1214.2549095201737},"MedianAbsDev":{"confidence_interval":{"confidence_level":0.95,"lower_bound":0.0,"upper_bound":2976.581660702253},"point_estimate":1959.187702686795,"standard_error":1027.8405717853457},"Slope":{"confidence_interval":{"confidence_level":0.95,"lower_bound":28524.77355323113,"upper_bound":30941.673462234525},"point_estimate":30337.664499888473,"standard_error":567.2330506427056},"StdDev":{"confidence_interval":{"confidence_level":0.95,"lower_bound":723.7901782000953,"upper_bound":2494.5507718491235},"point_estimate":1970.910804624416,"standard_error":498.79102647299675}}