{"Mean":{"confidence_interval":{"confidence_level":0.95,"lower_bound":736.0216853910756,"upper_bound":767.8116198909449},"point_estimate":747.8580375166157,"standard_error":8.982407456836269},"Median":{"confidence_interval":{"confidence_level":0.95,"lower_bound":731.8421480878764,"upper_bound":741.1762408462164},"point_estimate":737.6115505193127,"standard_error":2.948793531091254},"MedianAbsDev":{"confidence_interval":{"confidence_level":0.95,"lower_bound":5.800361214428263,"upper_bound":17.111247926205394},"point_estimate":11.284711419576944,"standard_error":2.7373101001859275},"Slope":{"confidence_interval":{"confidence_level":0.95,"lower_bound":737.5650869596883,"upper_bound":750.1431503731518},"point_estimate":744.2450006258997,"standard_error":3.21925807442644},"StdDev":{"confidence_interval":{"confidence_level":0.95,"lower_bound":8.970194835148272,"upper_bound":85.77867244119983},"point_estimate":51.71975942582352,"standard_error":26.39649788625558}}