{"Mean":{"confidence_interval":{"confidence_level":0.95,"lower_bound":33.33401021261502,"upper_bound":33.79474815709137},"point_estimate":33.53077605589331,"standard_error":0.11934458364316392},"Median":{"confidence_interval":{"confidence_level":0.95,"lower_bound":33.22731985812413,"upper_bound":33.51408026978194},"point_estimate":33.33017159476843,"standard_error":0.07262976582869679},"MedianAbsDev":{"confidence_interval":{"confidence_level":0.95,"lower_bound":0.16873476026982773,"upper_bound":0.48669675770440873},"point_estimate":0.29260214245586386,"standard_error":0.08487282883313223},"Slope":{"confidence_interval":{"confidence_level":0.95,"lower_bound":33.257218519872026,"upper_bound":33.440634193854805},"point_estimate":33.34200628741119,"standard_error":0.04733164667102145},"StdDev":{"confidence_interval":{"confidence_level":0.95,"lower_bound":0.2619779007126701,"upper_bound":1.044395100873781},"point_estimate":0.6843431195314522,"standard_error":0.23139104198464924}}