{"Mean":{"confidence_interval":{"confidence_level":0.95,"lower_bound":33.580531285193075,"upper_bound":34.192449240560194},"point_estimate":33.827176322107015,"standard_error":0.16085004123027735},"Median":{"confidence_interval":{"confidence_level":0.95,"lower_bound":33.46201272654673,"upper_bound":33.76322263446556},"point_estimate":33.55638308385627,"standard_error":0.07938238777984115},"MedianAbsDev":{"confidence_interval":{"confidence_level":0.95,"lower_bound":0.1312927869713932,"upper_bound":0.5453002899731936},"point_estimate":0.2734558460124933,"standard_error":0.1058055750584299},"Slope":{"confidence_interval":{"confidence_level":0.95,"lower_bound":33.4662101520606,"upper_bound":33.66805259853649},"point_estimate":33.559821753866295,"standard_error":0.05167944156301933},"StdDev":{"confidence_interval":{"confidence_level":0.95,"lower_bound":0.30122571202817033,"upper_bound":1.4772191191879498},"point_estimate":0.9262811160430122,"standard_error":0.3814290605773067}}