{"Mean":{"confidence_interval":{"confidence_level":0.95,"lower_bound":-0.030081308315349182,"upper_bound":-0.013621380523524355},"point_estimate":-0.0214500829661749,"standard_error":0.004188319378208168},"Median":{"confidence_interval":{"confidence_level":0.95,"lower_bound":-0.02415308193668575,"upper_bound":-0.019337425698669412},"point_estimate":-0.021741090034813504,"standard_error":0.0012271224913536628}}