{"Mean":{"confidence_interval":{"confidence_level":0.95,"lower_bound":6932.999052397777,"upper_bound":7050.554039150838},"point_estimate":6977.568656303338,"standard_error":32.30400515090964},"Median":{"confidence_interval":{"confidence_level":0.95,"lower_bound":6920.210035300051,"upper_bound":6929.85258026559},"point_estimate":6923.334940746344,"standard_error":3.1110430058909886},"MedianAbsDev":{"confidence_interval":{"confidence_level":0.95,"lower_bound":3.766530175577682,"upper_bound":21.12261194678566},"point_estimate":8.466241823629328,"standard_error":4.518711992146461},"Slope":{"confidence_interval":{"confidence_level":0.95,"lower_bound":6928.204313799075,"upper_bound":6951.113964543588},"point_estimate":6938.197828240217,"standard_error":5.847759771167423},"StdDev":{"confidence_interval":{"confidence_level":0.95,"lower_bound":31.700842675422848,"upper_bound":303.41894188384583},"point_estimate":185.59493682722737,"standard_error":89.15447304505044}}