{"Mean":{"confidence_interval":{"confidence_level":0.95,"lower_bound":27586.172753073966,"upper_bound":28455.558372010266},"point_estimate":27930.20978649886,"standard_error":230.9108823428041},"Median":{"confidence_interval":{"confidence_level":0.95,"lower_bound":27439.815803176258,"upper_bound":27774.21292479975},"point_estimate":27617.706160289716,"standard_error":105.98993608727004},"MedianAbsDev":{"confidence_interval":{"confidence_level":0.95,"lower_bound":240.17060504684665,"upper_bound":688.1979297945753},"point_estimate":400.43284020989637,"standard_error":111.81726329035948},"Slope":{"confidence_interval":{"confidence_level":0.95,"lower_bound":27390.44149772017,"upper_bound":27551.485857337222},"point_estimate":27465.905056320924,"standard_error":41.02383939604545},"StdDev":{"confidence_interval":{"confidence_level":0.95,"lower_bound":364.36229796309436,"upper_bound":2136.9053903163062},"point_estimate":1329.0211764973021,"standard_error":573.9935522923008}}