{"Mean":{"confidence_interval":{"confidence_level":0.95,"lower_bound":32400.220998695197,"upper_bound":34384.792208700965},"point_estimate":33334.66036096841,"standard_error":508.77687746062946},"Median":{"confidence_interval":{"confidence_level":0.95,"lower_bound":31795.954106280195,"upper_bound":33062.245370370365},"point_estimate":32517.960482804232,"standard_error":348.04883941988925},"MedianAbsDev":{"confidence_interval":{"confidence_level":0.95,"lower_bound":916.4149490081618,"upper_bound":2892.5464390316533},"point_estimate":2099.7609484471013,"standard_error":542.7524154341564},"Slope":{"confidence_interval":{"confidence_level":0.95,"lower_bound":31335.443588741073,"upper_bound":33757.441744440104},"point_estimate":32263.92274810506,"standard_error":644.5810137154322},"StdDev":{"confidence_interval":{"confidence_level":0.95,"lower_bound":1822.9441573225477,"upper_bound":3486.1501026882},"point_estimate":2836.934076440088,"standard_error":426.1547432545145}}