{"Mean":{"confidence_interval":{"confidence_level":0.95,"lower_bound":6974.96565232654,"upper_bound":7200.25624622948},"point_estimate":7084.909895381851,"standard_error":57.58655540023719},"Median":{"confidence_interval":{"confidence_level":0.95,"lower_bound":6840.994134149451,"upper_bound":7217.908033664881},"point_estimate":7020.159500127518,"standard_error":91.01183117422391},"MedianAbsDev":{"confidence_interval":{"confidence_level":0.95,"lower_bound":196.86013929719,"upper_bound":536.282188661949},"point_estimate":371.05515611712093,"standard_error":87.64101565027687},"Slope":{"confidence_interval":{"confidence_level":0.95,"lower_bound":6934.9154357724265,"upper_bound":7262.614790241926},"point_estimate":7089.941450687797,"standard_error":83.63735419341434},"StdDev":{"confidence_interval":{"confidence_level":0.95,"lower_bound":262.72189070282735,"upper_bound":380.6270572670857},"point_estimate":332.21074329896373,"standard_error":30.024436957759615}}