{"Mean":{"confidence_interval":{"confidence_level":0.95,"lower_bound":240.8675060817196,"upper_bound":263.8737330333653},"point_estimate":250.81745558931212,"standard_error":5.941535312630445},"Median":{"confidence_interval":{"confidence_level":0.95,"lower_bound":237.53075669720897,"upper_bound":240.54324272804018},"point_estimate":238.8638915325306,"standard_error":0.8923607691526344},"MedianAbsDev":{"confidence_interval":{"confidence_level":0.95,"lower_bound":1.8096047572323188,"upper_bound":6.233230985354778},"point_estimate":3.240492811533629,"standard_error":1.267901234489732},"Slope":{"confidence_interval":{"confidence_level":0.95,"lower_bound":238.72128841325983,"upper_bound":254.02619030202294},"point_estimate":244.38476821186197,"standard_error":3.995745539526558},"StdDev":{"confidence_interval":{"confidence_level":0.95,"lower_bound":6.581039881432113,"upper_bound":50.91165132638556},"point_estimate":34.20633683188749,"standard_error":11.008122252061849}}