{"Mean":{"confidence_interval":{"confidence_level":0.95,"lower_bound":61.33741202256692,"upper_bound":62.615908454137234},"point_estimate":61.86422188238464,"standard_error":0.33375092648700144},"Median":{"confidence_interval":{"confidence_level":0.95,"lower_bound":61.1355669660499,"upper_bound":61.45402406504439},"point_estimate":61.25610414033011,"standard_error":0.09143910638529701},"MedianAbsDev":{"confidence_interval":{"confidence_level":0.95,"lower_bound":0.1967423091029525,"upper_bound":0.6928555496849412},"point_estimate":0.40092620633596615,"standard_error":0.12019319298971717},"Slope":{"confidence_interval":{"confidence_level":0.95,"lower_bound":61.06879098594945,"upper_bound":61.26720299279967},"point_estimate":61.1565173549923,"standard_error":0.05058690836915748},"StdDev":{"confidence_interval":{"confidence_level":0.95,"lower_bound":0.5753334241091125,"upper_bound":3.0006362970174334},"point_estimate":1.9227247644199852,"standard_error":0.7344420078942082}}