{"Mean":{"confidence_interval":{"confidence_level":0.95,"lower_bound":1188.3599949273114,"upper_bound":1204.1428297984717},"point_estimate":1195.5204464146125,"standard_error":4.045823247803592},"Median":{"confidence_interval":{"confidence_level":0.95,"lower_bound":1185.4207397926298,"upper_bound":1193.2148909489376},"point_estimate":1190.9910541630602,"standard_error":2.1215425154607046},"MedianAbsDev":{"confidence_interval":{"confidence_level":0.95,"lower_bound":4.766988153155038,"upper_bound":13.78813491303433},"point_estimate":9.861955569049233,"standard_error":2.501703266993606},"Slope":{"confidence_interval":{"confidence_level":0.95,"lower_bound":1184.6337645114047,"upper_bound":1189.9262521865842},"point_estimate":1187.3747769778886,"standard_error":1.346892074320758},"StdDev":{"confidence_interval":{"confidence_level":0.95,"lower_bound":10.557587857958596,"upper_bound":31.85686171341388},"point_estimate":23.32616115556347,"standard_error":5.377330108915419}}