{"Mean":{"confidence_interval":{"confidence_level":0.95,"lower_bound":3596.9448549720773,"upper_bound":3617.4381063038095},"point_estimate":3605.858835032536,"standard_error":5.29281897788459},"Median":{"confidence_interval":{"confidence_level":0.95,"lower_bound":3592.33779485983,"upper_bound":3602.2832889227257},"point_estimate":3595.9198539374593,"standard_error":3.0495600218639103},"MedianAbsDev":{"confidence_interval":{"confidence_level":0.95,"lower_bound":5.462178288433051,"upper_bound":18.18831157564659},"point_estimate":9.670521428698764,"standard_error":3.4306072684541133},"Slope":{"confidence_interval":{"confidence_level":0.95,"lower_bound":3591.1058396749218,"upper_bound":3598.6456300963873},"point_estimate":3594.3255787798043,"standard_error":1.9326809509034468},"StdDev":{"confidence_interval":{"confidence_level":0.95,"lower_bound":11.058996940278352,"upper_bound":45.103707641816584},"point_estimate":30.462629588963388,"standard_error":9.15278921045091}}