{"Mean":{"confidence_interval":{"confidence_level":0.95,"lower_bound":12.36076062891734,"upper_bound":12.675558477350416},"point_estimate":12.50532794565206,"standard_error":0.08090444100977182},"Median":{"confidence_interval":{"confidence_level":0.95,"lower_bound":12.347432563314733,"upper_bound":12.450600779622679},"point_estimate":12.37188104471617,"standard_error":0.02394104974776824},"MedianAbsDev":{"confidence_interval":{"confidence_level":0.95,"lower_bound":0.04384649465997572,"upper_bound":0.34916213805712726},"point_estimate":0.1235092106022554,"standard_error":0.07746092355837948},"Slope":{"confidence_interval":{"confidence_level":0.95,"lower_bound":12.21365331931859,"upper_bound":12.41134322856731},"point_estimate":12.308910412854159,"standard_error":0.050642373224242275},"StdDev":{"confidence_interval":{"confidence_level":0.95,"lower_bound":0.22452967282447897,"upper_bound":0.6219519616658633},"point_estimate":0.46523548407817356,"standard_error":0.09938920185953659}}