{"Mean":{"confidence_interval":{"confidence_level":0.95,"lower_bound":51502.398973371,"upper_bound":53452.07956468235},"point_estimate":52381.621267849805,"standard_error":500.13561991129984},"Median":{"confidence_interval":{"confidence_level":0.95,"lower_bound":51125.831848120884,"upper_bound":51835.06404494382},"point_estimate":51600.91302938634,"standard_error":224.1345848050654},"MedianAbsDev":{"confidence_interval":{"confidence_level":0.95,"lower_bound":642.5591847712337,"upper_bound":1687.8584247731565},"point_estimate":1310.8654427505119,"standard_error":270.19612023622176},"Slope":{"confidence_interval":{"confidence_level":0.95,"lower_bound":50839.12697848075,"upper_bound":51391.203561190385},"point_estimate":51077.39120374008,"standard_error":140.44466093029123},"StdDev":{"confidence_interval":{"confidence_level":0.95,"lower_bound":1354.4733274533407,"upper_bound":4000.3637608140666},"point_estimate":2870.070042617187,"standard_error":690.1957577620207}}