{"Mean":{"confidence_interval":{"confidence_level":0.95,"lower_bound":2148.2228065676986,"upper_bound":2187.5156545444297},"point_estimate":2165.3290697936163,"standard_error":10.134982159026837},"Median":{"confidence_interval":{"confidence_level":0.95,"lower_bound":2146.872902494331,"upper_bound":2177.3186167800454},"point_estimate":2159.654832849319,"standard_error":9.543851399384632},"MedianAbsDev":{"confidence_interval":{"confidence_level":0.95,"lower_bound":24.2783705989291,"upper_bound":53.92974914176162},"point_estimate":39.796408111072274,"standard_error":8.197656987623251},"Slope":{"confidence_interval":{"confidence_level":0.95,"lower_bound":2140.3476935008634,"upper_bound":2170.040531173165},"point_estimate":2155.1933851664207,"standard_error":7.629136388826403},"StdDev":{"confidence_interval":{"confidence_level":0.95,"lower_bound":28.185767416501264,"upper_bound":88.67059900077086},"point_estimate":58.217379178978184,"standard_error":18.660515031885833}}