{"Mean":{"confidence_interval":{"confidence_level":0.95,"lower_bound":108.02448133912453,"upper_bound":108.67521548134003},"point_estimate":108.30407834040649,"standard_error":0.16790373811756315},"Median":{"confidence_interval":{"confidence_level":0.95,"lower_bound":107.87550877255572,"upper_bound":108.20101416990809},"point_estimate":108.01199521385672,"standard_error":0.08935677227494163},"MedianAbsDev":{"confidence_interval":{"confidence_level":0.95,"lower_bound":0.17682011947338885,"upper_bound":0.5390605695056564},"point_estimate":0.3440716065601656,"standard_error":0.09137960349086827},"Slope":{"confidence_interval":{"confidence_level":0.95,"lower_bound":107.95297548757088,"upper_bound":108.18658457566808},"point_estimate":108.07268077119616,"standard_error":0.05975364012300544},"StdDev":{"confidence_interval":{"confidence_level":0.95,"lower_bound":0.2790927978996146,"upper_bound":1.4211508631893675},"point_estimate":0.9669023411396763,"standard_error":0.30398715277041827}}