{"Mean":{"confidence_interval":{"confidence_level":0.95,"lower_bound":46.098501971827325,"upper_bound":46.449248564896536},"point_estimate":46.252698346702694,"standard_error":0.09025614304560278},"Median":{"confidence_interval":{"confidence_level":0.95,"lower_bound":46.03019861073507,"upper_bound":46.19329325424215},"point_estimate":46.10038103961986,"standard_error":0.04597280505133989},"MedianAbsDev":{"confidence_interval":{"confidence_level":0.95,"lower_bound":0.10430033944784459,"upper_bound":0.26333089705955104},"point_estimate":0.18995000401462298,"standard_error":0.04168289117897716},"Slope":{"confidence_interval":{"confidence_level":0.95,"lower_bound":46.003913494858594,"upper_bound":46.1006049760501},"point_estimate":46.04755843935745,"standard_error":0.02458632761011215},"StdDev":{"confidence_interval":{"confidence_level":0.95,"lower_bound":0.18259653444271795,"upper_bound":0.743334366722434},"point_estimate":0.5204079665904989,"standard_error":0.14453356563568454}}