{"Mean":{"confidence_interval":{"confidence_level":0.95,"lower_bound":-0.3642831036090171,"upper_bound":-0.22571449786493683},"point_estimate":-0.29875588653491747,"standard_error":0.03543551834851606},"Median":{"confidence_interval":{"confidence_level":0.95,"lower_bound":-0.2979469474329106,"upper_bound":-0.13401710735415362},"point_estimate":-0.2063254806373802,"standard_error":0.048333108986587325}}