{"Mean":{"confidence_interval":{"confidence_level":0.95,"lower_bound":3576.76554059499,"upper_bound":3636.481158123879},"point_estimate":3602.968597557323,"standard_error":15.42632642698946},"Median":{"confidence_interval":{"confidence_level":0.95,"lower_bound":3567.449683639878,"upper_bound":3583.129338030284},"point_estimate":3571.1662441340886,"standard_error":4.073698526919273},"MedianAbsDev":{"confidence_interval":{"confidence_level":0.95,"lower_bound":6.113424704783588,"upper_bound":35.6761605739241},"point_estimate":19.267436325910058,"standard_error":6.9900296486955815},"Slope":{"confidence_interval":{"confidence_level":0.95,"lower_bound":3558.9863531969127,"upper_bound":3573.6230753578666},"point_estimate":3566.0381508067903,"standard_error":3.7486793739426516},"StdDev":{"confidence_interval":{"confidence_level":0.95,"lower_bound":33.8283816714163,"upper_bound":129.3088712315074},"point_estimate":88.55217793617507,"standard_error":25.67551682476852}}