{"Mean":{"confidence_interval":{"confidence_level":0.95,"lower_bound":809.5777149486987,"upper_bound":863.777178884484},"point_estimate":834.5688219918625,"standard_error":13.880927190558369},"Median":{"confidence_interval":{"confidence_level":0.95,"lower_bound":788.2824182696235,"upper_bound":816.5161444294699},"point_estimate":795.6534457827943,"standard_error":8.339666391029937},"MedianAbsDev":{"confidence_interval":{"confidence_level":0.95,"lower_bound":6.938504242709363,"upper_bound":47.583752422170996},"point_estimate":17.468713194069334,"standard_error":11.515197049153782},"Slope":{"confidence_interval":{"confidence_level":0.95,"lower_bound":805.7920701297727,"upper_bound":874.4595474528539},"point_estimate":835.204010103988,"standard_error":17.52984355637416},"StdDev":{"confidence_interval":{"confidence_level":0.95,"lower_bound":44.28494690126835,"upper_bound":103.4066961473424},"point_estimate":79.58702832770012,"standard_error":15.0457319835435}}