{"Mean":{"confidence_interval":{"confidence_level":0.95,"lower_bound":21828.286064104686,"upper_bound":23659.96101290188},"point_estimate":22641.984013890604,"standard_error":469.02466866210125},"Median":{"confidence_interval":{"confidence_level":0.95,"lower_bound":21654.608945527238,"upper_bound":22513.86086956522},"point_estimate":22042.14624849034,"standard_error":242.21431213286996},"MedianAbsDev":{"confidence_interval":{"confidence_level":0.95,"lower_bound":659.0020732628016,"upper_bound":1941.1863369742491},"point_estimate":1163.3140820137894,"standard_error":328.81608133801143},"Slope":{"confidence_interval":{"confidence_level":0.95,"lower_bound":21731.77568807945,"upper_bound":22356.738460623317},"point_estimate":22047.696808807133,"standard_error":158.99761744361885},"StdDev":{"confidence_interval":{"confidence_level":0.95,"lower_bound":1074.1935553689932,"upper_bound":3829.8314561091474},"point_estimate":2689.4383520906854,"standard_error":696.6864615433356}}