{"Mean":{"confidence_interval":{"confidence_level":0.95,"lower_bound":11.316347217895082,"upper_bound":11.684989425910723},"point_estimate":11.489907679071408,"standard_error":0.09469685184913383},"Median":{"confidence_interval":{"confidence_level":0.95,"lower_bound":11.132842674964026,"upper_bound":11.483357674454755},"point_estimate":11.173952807417976,"standard_error":0.10010884702928317},"MedianAbsDev":{"confidence_interval":{"confidence_level":0.95,"lower_bound":0.059796413661861586,"upper_bound":0.5617938375485159},"point_estimate":0.15618776751064153,"standard_error":0.13482321776484402},"Slope":{"confidence_interval":{"confidence_level":0.95,"lower_bound":11.415218694160492,"upper_bound":12.03490098838358},"point_estimate":11.732565600340445,"standard_error":0.15898284725013026},"StdDev":{"confidence_interval":{"confidence_level":0.95,"lower_bound":0.37419497333632223,"upper_bound":0.6544796786104898},"point_estimate":0.5443968059587343,"standard_error":0.0719996351931538}}