{"Mean":{"confidence_interval":{"confidence_level":0.95,"lower_bound":-0.14123686584487197,"upper_bound":-0.09068297596401391},"point_estimate":-0.11815294033201196,"standard_error":0.012879483433769115},"Median":{"confidence_interval":{"confidence_level":0.95,"lower_bound":-0.13953994816543291,"upper_bound":-0.09434543297323006},"point_estimate":-0.1089737461865935,"standard_error":0.013012473634536078}}