{"Mean":{"confidence_interval":{"confidence_level":0.95,"lower_bound":953.9318547592137,"upper_bound":970.947657444813},"point_estimate":960.0520888549107,"standard_error":4.971679903582199},"Median":{"confidence_interval":{"confidence_level":0.95,"lower_bound":954.2626600733362,"upper_bound":954.7857989753177},"point_estimate":954.5393541568668,"standard_error":0.15666786110281106},"MedianAbsDev":{"confidence_interval":{"confidence_level":0.95,"lower_bound":0.43569995468885536,"upper_bound":1.5689803075900401},"point_estimate":0.8013999701179708,"standard_error":0.3224358564221399},"Slope":{"confidence_interval":{"confidence_level":0.95,"lower_bound":952.7997915700383,"upper_bound":956.2568541776093},"point_estimate":954.3655943184451,"standard_error":0.8872687177012091},"StdDev":{"confidence_interval":{"confidence_level":0.95,"lower_bound":1.9305166687704531,"upper_bound":47.49677154403663},"point_estimate":28.527731511365573,"standard_error":15.467727122741282}}