{"Mean":{"confidence_interval":{"confidence_level":0.95,"lower_bound":178.38360435926543,"upper_bound":179.96803824427755},"point_estimate":179.17289162299352,"standard_error":0.40392315561091324},"Median":{"confidence_interval":{"confidence_level":0.95,"lower_bound":178.21598276626162,"upper_bound":179.86394658472278},"point_estimate":178.93105321505425,"standard_error":0.4164707234117915},"MedianAbsDev":{"confidence_interval":{"confidence_level":0.95,"lower_bound":1.0038762490358846,"upper_bound":3.3782715914296424},"point_estimate":2.169307574175764,"standard_error":0.6036286799604879},"Slope":{"confidence_interval":{"confidence_level":0.95,"lower_bound":177.1231776397911,"upper_bound":179.31501936859834},"point_estimate":178.12479079443102,"standard_error":0.5592657350073793},"StdDev":{"confidence_interval":{"confidence_level":0.95,"lower_bound":1.7285677036830034,"upper_bound":2.7851884727794465},"point_estimate":2.321648198449958,"standard_error":0.26864373222027}}