{"Mean":{"confidence_interval":{"confidence_level":0.95,"lower_bound":17.882126243213833,"upper_bound":17.962587231070884},"point_estimate":17.917861539039546,"standard_error":0.020708345130503757},"Median":{"confidence_interval":{"confidence_level":0.95,"lower_bound":17.87492276521114,"upper_bound":17.918443212280728},"point_estimate":17.89549113337925,"standard_error":0.011081286430624898},"MedianAbsDev":{"confidence_interval":{"confidence_level":0.95,"lower_bound":0.03246526816253272,"upper_bound":0.0979576218682982},"point_estimate":0.06519411941250601,"standard_error":0.01725247440301948},"Slope":{"confidence_interval":{"confidence_level":0.95,"lower_bound":17.884313720309095,"upper_bound":17.92340795523919},"point_estimate":17.903765957778134,"standard_error":0.009970904087255407},"StdDev":{"confidence_interval":{"confidence_level":0.95,"lower_bound":0.049807529347515325,"upper_bound":0.17277284576060506},"point_estimate":0.11926669475426371,"standard_error":0.03303068497878117}}