{"Mean":{"confidence_interval":{"confidence_level":0.95,"lower_bound":1124.7112294147703,"upper_bound":1127.4886952339643},"point_estimate":1126.0000959071208,"standard_error":0.7100877499051441},"Median":{"confidence_interval":{"confidence_level":0.95,"lower_bound":1124.7176147552277,"upper_bound":1126.920708929282},"point_estimate":1126.0222968730873,"standard_error":0.5706345895432515},"MedianAbsDev":{"confidence_interval":{"confidence_level":0.95,"lower_bound":1.0647762126062028,"upper_bound":4.015584513892466},"point_estimate":2.2985013484725445,"standard_error":0.7684848062987116},"Slope":{"confidence_interval":{"confidence_level":0.95,"lower_bound":1125.5482075826899,"upper_bound":1129.1375084384035},"point_estimate":1126.9575151791555,"standard_error":0.9642971900464186},"StdDev":{"confidence_interval":{"confidence_level":0.95,"lower_bound":2.3438774486022353,"upper_bound":5.6853414555763075},"point_estimate":4.077541605142052,"standard_error":0.9021199203658415}}