{"Mean":{"confidence_interval":{"confidence_level":0.95,"lower_bound":-0.033505910056688466,"upper_bound":-0.008143277454548},"point_estimate":-0.020962967950476696,"standard_error":0.006330977102820472},"Median":{"confidence_interval":{"confidence_level":0.95,"lower_bound":-0.029377804111616168,"upper_bound":-0.007053852813117656},"point_estimate":-0.01230497481723225,"standard_error":0.0053260993524921005}}