{"Mean":{"confidence_interval":{"confidence_level":0.95,"lower_bound":83.65073351552714,"upper_bound":84.72521996343636},"point_estimate":84.13445567985788,"standard_error":0.27631657101810664},"Median":{"confidence_interval":{"confidence_level":0.95,"lower_bound":83.61498483052704,"upper_bound":84.04907265458262},"point_estimate":83.99005159553225,"standard_error":0.12027523068368416},"MedianAbsDev":{"confidence_interval":{"confidence_level":0.95,"lower_bound":0.28936519492870577,"upper_bound":1.2161182884716089},"point_estimate":0.6546967911543433,"standard_error":0.22871012328700352},"Slope":{"confidence_interval":{"confidence_level":0.95,"lower_bound":83.43510543482225,"upper_bound":84.01110871060128},"point_estimate":83.72505165059938,"standard_error":0.14658846485836846},"StdDev":{"confidence_interval":{"confidence_level":0.95,"lower_bound":0.6930824500037956,"upper_bound":2.274557276338257},"point_estimate":1.5892042430188724,"standard_error":0.41671539683567627}}