{"Mean":{"confidence_interval":{"confidence_level":0.95,"lower_bound":23294.93480600131,"upper_bound":23397.12772056192},"point_estimate":23340.885729051475,"standard_error":26.22356440980731},"Median":{"confidence_interval":{"confidence_level":0.95,"lower_bound":23274.803382838283,"upper_bound":23384.014603960397},"point_estimate":23328.098081683165,"standard_error":32.43113688320227},"MedianAbsDev":{"confidence_interval":{"confidence_level":0.95,"lower_bound":65.64647583191457,"upper_bound":146.92876480823398},"point_estimate":108.9953752165062,"standard_error":20.651643809964582},"Slope":{"confidence_interval":{"confidence_level":0.95,"lower_bound":23228.68221011206,"upper_bound":23300.361207919457},"point_estimate":23260.461781442566,"standard_error":18.23694331977523},"StdDev":{"confidence_interval":{"confidence_level":0.95,"lower_bound":80.34027366485952,"upper_bound":221.72327483592233},"point_estimate":150.38753866147326,"standard_error":41.69328660358972}}