{"Mean":{"confidence_interval":{"confidence_level":0.95,"lower_bound":164.4493809822948,"upper_bound":169.43298843214933},"point_estimate":166.39358539803862,"standard_error":1.343936375384046},"Median":{"confidence_interval":{"confidence_level":0.95,"lower_bound":164.8592494347955,"upper_bound":165.6014386424204},"point_estimate":165.05839071984084,"standard_error":0.19532387102222137},"MedianAbsDev":{"confidence_interval":{"confidence_level":0.95,"lower_bound":0.36177652025657364,"upper_bound":2.0157543254703993},"point_estimate":0.9143893971001357,"standard_error":0.43429490877570553},"Slope":{"confidence_interval":{"confidence_level":0.95,"lower_bound":164.90780370453075,"upper_bound":166.09996049270956},"point_estimate":165.43742026078817,"standard_error":0.3079569737709859},"StdDev":{"confidence_interval":{"confidence_level":0.95,"lower_bound":1.4817778194644204,"upper_bound":12.74820758723095},"point_estimate":7.715722661726287,"standard_error":3.6189381835474914}}