{"Mean":{"confidence_interval":{"confidence_level":0.95,"lower_bound":2408801.7588652484,"upper_bound":2660810.1465721037},"point_estimate":2518094.4728132384,"standard_error":66099.03091614624},"Median":{"confidence_interval":{"confidence_level":0.95,"lower_bound":2385959.929078014,"upper_bound":2791329.0780141843},"point_estimate":2483119.858156028,"standard_error":93799.36595202613},"MedianAbsDev":{"confidence_interval":{"confidence_level":0.95,"lower_bound":0.0,"upper_bound":221825.17102635538},"point_estimate":131410.7218372056,"standard_error":75591.85190337115},"Slope":{"confidence_interval":{"confidence_level":0.95,"lower_bound":2394830.9532395722,"upper_bound":2733419.1995947314},"point_estimate":2534009.9806576404,"standard_error":99131.57842489527},"StdDev":{"confidence_interval":{"confidence_level":0.95,"lower_bound":40759.48855400095,"upper_bound":218944.7400974},"point_estimate":165018.9639245921,"standard_error":56867.16742536607}}