{"Mean":{"confidence_interval":{"confidence_level":0.95,"lower_bound":17266.894729185682,"upper_bound":17573.676508344055},"point_estimate":17412.07004398688,"standard_error":78.33495251194897},"Median":{"confidence_interval":{"confidence_level":0.95,"lower_bound":17116.515337195484,"upper_bound":17519.691027926325},"point_estimate":17343.701625386995,"standard_error":91.79826541192668},"MedianAbsDev":{"confidence_interval":{"confidence_level":0.95,"lower_bound":209.14905768706333,"upper_bound":543.582826245198},"point_estimate":434.13199211106405,"standard_error":87.70428930058316},"Slope":{"confidence_interval":{"confidence_level":0.95,"lower_bound":17097.770240482892,"upper_bound":17316.183552476134},"point_estimate":17193.444904138283,"standard_error":56.20530642144532},"StdDev":{"confidence_interval":{"confidence_level":0.95,"lower_bound":284.8968064930169,"upper_bound":557.8126997627427},"point_estimate":437.99156768100295,"standard_error":70.47283970989984}}