{"Mean":{"confidence_interval":{"confidence_level":0.95,"lower_bound":53390608.53333334,"upper_bound":53722364.66666667},"point_estimate":53543639.86666667,"standard_error":83987.70294047958},"Median":{"confidence_interval":{"confidence_level":0.95,"lower_bound":53352840.0,"upper_bound":53835300.0},"point_estimate":53424136.0,"standard_error":147155.20979088507},"MedianAbsDev":{"confidence_interval":{"confidence_level":0.95,"lower_bound":0.0,"upper_bound":209031.77028894424},"point_estimate":105703.44772338867,"standard_error":77976.59568013914},"Slope":{"confidence_interval":{"confidence_level":0.95,"lower_bound":53408532.549019605,"upper_bound":53665786.315789476},"point_estimate":53502973.45454545,"standard_error":72589.37263518895},"StdDev":{"confidence_interval":{"confidence_level":0.95,"lower_bound":29750.728878466434,"upper_bound":252917.82414689558},"point_estimate":209692.5673617341,"standard_error":55749.820896976904}}