{"Mean":{"confidence_interval":{"confidence_level":0.95,"lower_bound":33978166.0,"upper_bound":36263200.5},"point_estimate":34989743.0,"standard_error":600708.6458695042},"Median":{"confidence_interval":{"confidence_level":0.95,"lower_bound":33672102.5,"upper_bound":37432587.5},"point_estimate":34449150.0,"standard_error":860840.3927793135},"MedianAbsDev":{"confidence_interval":{"confidence_level":0.95,"lower_bound":0.0,"upper_bound":2481924.2469370365},"point_estimate":1152050.6030470133,"standard_error":719740.7007062112},"Slope":{"confidence_interval":{"confidence_level":0.95,"lower_bound":33741057.14285714,"upper_bound":36653360.416666664},"point_estimate":34837807.04545455,"standard_error":760690.8226604216},"StdDev":{"confidence_interval":{"confidence_level":0.95,"lower_bound":274804.93967539957,"upper_bound":1943892.9241116266},"point_estimate":1500701.0795566516,"standard_error":496843.17707746575}}