{"Mean":{"confidence_interval":{"confidence_level":0.95,"lower_bound":765.3323465979869,"upper_bound":845.6493747569929},"point_estimate":803.8958908451297,"standard_error":20.486385448086697},"Median":{"confidence_interval":{"confidence_level":0.95,"lower_bound":727.8590925919182,"upper_bound":830.3203515499451},"point_estimate":761.7530265515586,"standard_error":28.79213416758429},"MedianAbsDev":{"confidence_interval":{"confidence_level":0.95,"lower_bound":46.381639184208616,"upper_bound":162.023386825447},"point_estimate":95.61766229259072,"standard_error":31.289393770364573},"Slope":{"confidence_interval":{"confidence_level":0.95,"lower_bound":774.3678598572654,"upper_bound":881.54063336021},"point_estimate":827.6541321011168,"standard_error":27.537831107199302},"StdDev":{"confidence_interval":{"confidence_level":0.95,"lower_bound":83.25034931818115,"upper_bound":136.74567323701189},"point_estimate":114.12059708508725,"standard_error":13.671050306057008}}