{"Mean":{"confidence_interval":{"confidence_level":0.95,"lower_bound":17241778.94653801,"upper_bound":20048090.232244965},"point_estimate":18817829.224746183,"standard_error":726785.5620925465},"Median":{"confidence_interval":{"confidence_level":0.95,"lower_bound":19656703.038461536,"upper_bound":20632666.037037037},"point_estimate":20222412.75493421,"standard_error":235770.87340629834},"MedianAbsDev":{"confidence_interval":{"confidence_level":0.95,"lower_bound":472016.44899979746,"upper_bound":1477974.4531749794},"point_estimate":931807.1791821065,"standard_error":267248.9520628224},"Slope":{"confidence_interval":{"confidence_level":0.95,"lower_bound":20359682.483256105,"upper_bound":20738528.401412252},"point_estimate":20571815.53618881,"standard_error":96436.10783314875},"StdDev":{"confidence_interval":{"confidence_level":0.95,"lower_bound":1233769.9512086557,"upper_bound":6023963.260131198},"point_estimate":4192748.189571958,"standard_error":1234545.6014034932}}