{"Mean":{"confidence_interval":{"confidence_level":0.95,"lower_bound":18043.160160372307,"upper_bound":18207.01194692258},"point_estimate":18116.073261138525,"standard_error":41.86388826223363},"Median":{"confidence_interval":{"confidence_level":0.95,"lower_bound":18027.91932737335,"upper_bound":18065.112150383142},"point_estimate":18040.08732895457,"standard_error":11.31247159396705},"MedianAbsDev":{"confidence_interval":{"confidence_level":0.95,"lower_bound":24.244105415375873,"upper_bound":67.78679873310823},"point_estimate":45.494167511281496,"standard_error":11.655794439016196},"Slope":{"confidence_interval":{"confidence_level":0.95,"lower_bound":18008.41957530761,"upper_bound":18045.122568152197},"point_estimate":18025.09126962597,"standard_error":9.381005213962185},"StdDev":{"confidence_interval":{"confidence_level":0.95,"lower_bound":43.20033580231294,"upper_bound":336.23054265766694},"point_estimate":241.14033686238974,"standard_error":66.92305941314615}}