{"Mean":{"confidence_interval":{"confidence_level":0.95,"lower_bound":81640576.66666666,"upper_bound":83981645.0},"point_estimate":82779021.66666666,"standard_error":598562.502788905},"Median":{"confidence_interval":{"confidence_level":0.95,"lower_bound":81337150.0,"upper_bound":84867200.0},"point_estimate":82384133.33333333,"standard_error":1004438.8882395194},"MedianAbsDev":{"confidence_interval":{"confidence_level":0.95,"lower_bound":0.0,"upper_bound":1679489.2501831055},"point_estimate":1552257.4624419138,"standard_error":706719.0839484883},"Slope":{"confidence_interval":{"confidence_level":0.95,"lower_bound":81606721.95121951,"upper_bound":83604757.64705883},"point_estimate":82730701.81818181,"standard_error":586559.6480383605},"StdDev":{"confidence_interval":{"confidence_level":0.95,"lower_bound":431959.46028115536,"upper_bound":1850141.4475486733},"point_estimate":1497040.8649417546,"standard_error":372296.94916515244}}