{"Mean":{"confidence_interval":{"confidence_level":0.95,"lower_bound":4620.166253999421,"upper_bound":4759.188508541453},"point_estimate":4681.1767340725455,"standard_error":35.82798228442282},"Median":{"confidence_interval":{"confidence_level":0.95,"lower_bound":4593.188916876574,"upper_bound":4695.263900304919},"point_estimate":4666.76984083525,"standard_error":21.04624145189451},"MedianAbsDev":{"confidence_interval":{"confidence_level":0.95,"lower_bound":48.24335223614847,"upper_bound":200.40974455284655},"point_estimate":175.40614147030126,"standard_error":44.75050865166998},"Slope":{"confidence_interval":{"confidence_level":0.95,"lower_bound":4640.077813594808,"upper_bound":4689.23085412291},"point_estimate":4667.1263409134945,"standard_error":12.489709860664913},"StdDev":{"confidence_interval":{"confidence_level":0.95,"lower_bound":97.04914513919805,"upper_bound":309.63177868350374},"point_estimate":205.13030320627158,"standard_error":64.20392909968952}}