{"Mean":{"confidence_interval":{"confidence_level":0.95,"lower_bound":11747434.817618588,"upper_bound":13600930.64060113},"point_estimate":12797208.694111977,"standard_error":477185.9196884985},"Median":{"confidence_interval":{"confidence_level":0.95,"lower_bound":13247414.924603175,"upper_bound":13921039.9},"point_estimate":13594552.846774194,"standard_error":167184.63373726298},"MedianAbsDev":{"confidence_interval":{"confidence_level":0.95,"lower_bound":398217.12852781353,"upper_bound":1121924.7771533541},"point_estimate":716422.93763753,"standard_error":180666.12456812122},"Slope":{"confidence_interval":{"confidence_level":0.95,"lower_bound":13567651.83784993,"upper_bound":13916552.813753836},"point_estimate":13748296.520454545,"standard_error":88992.89235627679},"StdDev":{"confidence_interval":{"confidence_level":0.95,"lower_bound":812399.2297989067,"upper_bound":3951237.791124802},"point_estimate":2741569.0674597654,"standard_error":812435.8722634801}}