{"Mean":{"confidence_interval":{"confidence_level":0.95,"lower_bound":3116.7028656199577,"upper_bound":3171.884881305288},"point_estimate":3140.8849088916463,"standard_error":14.223880682432391},"Median":{"confidence_interval":{"confidence_level":0.95,"lower_bound":3120.7320544554455,"upper_bound":3133.7558971414383},"point_estimate":3128.9733551604495,"standard_error":3.6047882689294246},"MedianAbsDev":{"confidence_interval":{"confidence_level":0.95,"lower_bound":7.954513589289973,"upper_bound":37.482104103758026},"point_estimate":19.538878608040317,"standard_error":8.436342302283748},"Slope":{"confidence_interval":{"confidence_level":0.95,"lower_bound":3095.796770699985,"upper_bound":3120.940898805964},"point_estimate":3108.219061256258,"standard_error":6.434562295369836},"StdDev":{"confidence_interval":{"confidence_level":0.95,"lower_bound":27.97390880894037,"upper_bound":119.57305708362902},"point_estimate":81.84295526924936,"standard_error":24.14291993550075}}