{"Mean":{"confidence_interval":{"confidence_level":0.95,"lower_bound":1237899.8716453812,"upper_bound":1272451.5128058943},"point_estimate":1252661.6280011407,"standard_error":8966.223695117385},"Median":{"confidence_interval":{"confidence_level":0.95,"lower_bound":1236049.125,"upper_bound":1245039.2067307692},"point_estimate":1238912.6115056816,"standard_error":2193.3798866279076},"MedianAbsDev":{"confidence_interval":{"confidence_level":0.95,"lower_bound":6178.885415302889,"upper_bound":23493.649126904187},"point_estimate":13905.434218754268,"standard_error":4255.714782187724},"Slope":{"confidence_interval":{"confidence_level":0.95,"lower_bound":1238091.3723111434,"upper_bound":1248831.0943773321},"point_estimate":1243430.6703562064,"standard_error":2731.8323808276455},"StdDev":{"confidence_interval":{"confidence_level":0.95,"lower_bound":13854.975699580838,"upper_bound":77680.54284762326},"point_estimate":51460.9039833905,"standard_error":17224.609205729597}}