{"Mean":{"confidence_interval":{"confidence_level":0.95,"lower_bound":14436.212560843118,"upper_bound":14621.84201191012},"point_estimate":14521.71960629964,"standard_error":47.5082505648959},"Median":{"confidence_interval":{"confidence_level":0.95,"lower_bound":14391.646582943926,"upper_bound":14567.627596053997},"point_estimate":14496.470379023884,"standard_error":43.08030327678907},"MedianAbsDev":{"confidence_interval":{"confidence_level":0.95,"lower_bound":105.92498872961775,"upper_bound":258.4391238191094},"point_estimate":188.1162558797226,"standard_error":37.91114926399714},"Slope":{"confidence_interval":{"confidence_level":0.95,"lower_bound":14415.945712036146,"upper_bound":14548.683879902133},"point_estimate":14486.635470448555,"standard_error":33.8869353839613},"StdDev":{"confidence_interval":{"confidence_level":0.95,"lower_bound":141.75499813502228,"upper_bound":372.6212009735596},"point_estimate":272.01671739020134,"standard_error":60.71904434250144}}