{"Mean":{"confidence_interval":{"confidence_level":0.95,"lower_bound":183.1254834632494,"upper_bound":187.82235973797103},"point_estimate":185.1598806577311,"standard_error":1.2103598721216116},"Median":{"confidence_interval":{"confidence_level":0.95,"lower_bound":181.41070530323856,"upper_bound":185.47155342992795},"point_estimate":183.3397907575136,"standard_error":1.121033908786169},"MedianAbsDev":{"confidence_interval":{"confidence_level":0.95,"lower_bound":1.938141745761582,"upper_bound":6.544594959521088},"point_estimate":4.057336855067222,"standard_error":1.1711696163306844},"Slope":{"confidence_interval":{"confidence_level":0.95,"lower_bound":182.05572344372493,"upper_bound":185.15923747904202},"point_estimate":183.4582313446342,"standard_error":0.7944976256665199},"StdDev":{"confidence_interval":{"confidence_level":0.95,"lower_bound":3.1622297970067086,"upper_bound":10.472875725220865},"point_estimate":6.942709269598377,"standard_error":2.226997164464261}}