{"Mean":{"confidence_interval":{"confidence_level":0.95,"lower_bound":157334.08608208856,"upper_bound":169423.96587098154},"point_estimate":161676.51191750285,"standard_error":3561.8432545714036},"Median":{"confidence_interval":{"confidence_level":0.95,"lower_bound":156438.51838844878,"upper_bound":159124.98399246705},"point_estimate":157932.75946783306,"standard_error":743.3987263995631},"MedianAbsDev":{"confidence_interval":{"confidence_level":0.95,"lower_bound":1740.2229486197577,"upper_bound":4003.1210894284272},"point_estimate":2891.3557821673535,"standard_error":554.7152167859732},"Slope":{"confidence_interval":{"confidence_level":0.95,"lower_bound":156286.23680546266,"upper_bound":157474.1092705559},"point_estimate":156875.38941122437,"standard_error":302.39336242817967},"StdDev":{"confidence_interval":{"confidence_level":0.95,"lower_bound":2164.6008429284416,"upper_bound":34112.893249230336},"point_estimate":20422.05674333524,"standard_error":11162.822268521086}}