{"Mean":{"confidence_interval":{"confidence_level":0.95,"lower_bound":282155.19431988045,"upper_bound":289086.56502242154},"point_estimate":285327.490284006,"standard_error":1769.7517643841686},"Median":{"confidence_interval":{"confidence_level":0.95,"lower_bound":279878.22869955155,"upper_bound":291640.89686098654},"point_estimate":283977.0403587444,"standard_error":2521.1458596983516},"MedianAbsDev":{"confidence_interval":{"confidence_level":0.95,"lower_bound":0.0,"upper_bound":6311.753861038126},"point_estimate":5050.679587462572,"standard_error":2722.299605835807},"Slope":{"confidence_interval":{"confidence_level":0.95,"lower_bound":280936.24133713817,"upper_bound":286114.1940051924},"point_estimate":283135.8499796168,"standard_error":1310.014629829813},"StdDev":{"confidence_interval":{"confidence_level":0.95,"lower_bound":1576.3835045383676,"upper_bound":5935.113124924979},"point_estimate":4417.853069938265,"standard_error":1197.5876173996287}}