{"Mean":{"confidence_interval":{"confidence_level":0.95,"lower_bound":18718.34235392445,"upper_bound":20048.76709213495},"point_estimate":19374.620923026127,"standard_error":340.13683150565817},"Median":{"confidence_interval":{"confidence_level":0.95,"lower_bound":18333.712259664164,"upper_bound":20194.64634303043},"point_estimate":19135.884489889708,"standard_error":409.32548459449345},"MedianAbsDev":{"confidence_interval":{"confidence_level":0.95,"lower_bound":1216.353000173885,"upper_bound":3083.722128268513},"point_estimate":2365.127877031855,"standard_error":498.69593435058636},"Slope":{"confidence_interval":{"confidence_level":0.95,"lower_bound":18300.099296957025,"upper_bound":19608.107793099934},"point_estimate":18963.04703770351,"standard_error":335.33781078795056},"StdDev":{"confidence_interval":{"confidence_level":0.95,"lower_bound":1493.797058407568,"upper_bound":2304.4353756058044},"point_estimate":1954.2883184529073,"standard_error":207.03622106453645}}