{"Mean":{"confidence_interval":{"confidence_level":0.95,"lower_bound":0.018990105949430503,"upper_bound":0.027571345624377144},"point_estimate":0.02333746353561117,"standard_error":0.002179818432626134},"Median":{"confidence_interval":{"confidence_level":0.95,"lower_bound":0.022722842831097267,"upper_bound":0.02698442592598549},"point_estimate":0.02472533008203648,"standard_error":0.0011154812612655348}}