{"Mean":{"confidence_interval":{"confidence_level":0.95,"lower_bound":244.4536300443319,"upper_bound":249.05463372038272},"point_estimate":246.35785523642434,"standard_error":1.2021264868816741},"Median":{"confidence_interval":{"confidence_level":0.95,"lower_bound":243.83411409812794,"upper_bound":245.37811507408392},"point_estimate":244.5749793243089,"standard_error":0.4228950886412761},"MedianAbsDev":{"confidence_interval":{"confidence_level":0.95,"lower_bound":1.0593561245129886,"upper_bound":3.0598458264096497},"point_estimate":1.767565325885892,"standard_error":0.5236783323457608},"Slope":{"confidence_interval":{"confidence_level":0.95,"lower_bound":243.0842280092388,"upper_bound":244.52768656767515},"point_estimate":243.79591956552895,"standard_error":0.3696931037167753},"StdDev":{"confidence_interval":{"confidence_level":0.95,"lower_bound":1.8769101750805333,"upper_bound":10.740338704086474},"point_estimate":6.902398951535373,"standard_error":2.5716117719008382}}