{"Mean":{"confidence_interval":{"confidence_level":0.95,"lower_bound":54.206277100585595,"upper_bound":55.680614694742815},"point_estimate":54.911111010564326,"standard_error":0.37666333162428783},"Median":{"confidence_interval":{"confidence_level":0.95,"lower_bound":53.56405327702606,"upper_bound":55.517096503672406},"point_estimate":54.709925109836675,"standard_error":0.45367822107257616},"MedianAbsDev":{"confidence_interval":{"confidence_level":0.95,"lower_bound":1.1887119157083492,"upper_bound":2.907426318974123},"point_estimate":2.4047116717056567,"standard_error":0.44457599327602615},"Slope":{"confidence_interval":{"confidence_level":0.95,"lower_bound":53.954224697600374,"upper_bound":56.42450456643811},"point_estimate":55.176113591509605,"standard_error":0.6322263355936515},"StdDev":{"confidence_interval":{"confidence_level":0.95,"lower_bound":1.5065394049097525,"upper_bound":2.6493144466617524},"point_estimate":2.158351304868005,"standard_error":0.29116857803493496}}