{"Mean":{"confidence_interval":{"confidence_level":0.95,"lower_bound":9482481.505376345,"upper_bound":9893643.87096774},"point_estimate":9627427.526881719,"standard_error":117584.26311265747},"Median":{"confidence_interval":{"confidence_level":0.95,"lower_bound":9466351.612903226,"upper_bound":10152054.838709677},"point_estimate":9506676.344086021,"standard_error":152888.12471307814},"MedianAbsDev":{"confidence_interval":{"confidence_level":0.95,"lower_bound":0.0,"upper_bound":82104.95176815076},"point_estimate":24243.69795668489,"standard_error":22988.82478843425},"Slope":{"confidence_interval":{"confidence_level":0.95,"lower_bound":9474630.765527202,"upper_bound":9584857.142857144},"point_estimate":9503271.260997068,"standard_error":33640.395530926326},"StdDev":{"confidence_interval":{"confidence_level":0.95,"lower_bound":11109.544606158384,"upper_bound":368580.6984949706},"point_estimate":293993.7368988195,"standard_error":142950.9411593231}}