{"Mean":{"confidence_interval":{"confidence_level":0.95,"lower_bound":778.8501168696902,"upper_bound":807.9399688884615},"point_estimate":792.4577803245573,"standard_error":7.466627198891886},"Median":{"confidence_interval":{"confidence_level":0.95,"lower_bound":765.5987099424048,"upper_bound":792.9100576885379},"point_estimate":770.567565999768,"standard_error":6.659681951228848},"MedianAbsDev":{"confidence_interval":{"confidence_level":0.95,"lower_bound":7.192676065045524,"upper_bound":39.77781285371507},"point_estimate":14.903472603595032,"standard_error":8.6181112495339},"Slope":{"confidence_interval":{"confidence_level":0.95,"lower_bound":778.5291105472221,"upper_bound":811.168587318488},"point_estimate":792.8526087402894,"standard_error":8.318741122778196},"StdDev":{"confidence_interval":{"confidence_level":0.95,"lower_bound":26.93512122041288,"upper_bound":53.21728888759383},"point_estimate":42.938074936196315,"standard_error":6.71892934508424}}