{"Mean":{"confidence_interval":{"confidence_level":0.95,"lower_bound":4.642113771764119,"upper_bound":4.657395494084825},"point_estimate":4.649185932509106,"standard_error":0.00391251103174646},"Median":{"confidence_interval":{"confidence_level":0.95,"lower_bound":4.640094339295758,"upper_bound":4.652692948663522},"point_estimate":4.649319408807781,"standard_error":0.0033546537261723705},"MedianAbsDev":{"confidence_interval":{"confidence_level":0.95,"lower_bound":0.0049990662692182405,"upper_bound":0.020435676529756672},"point_estimate":0.01409413886032243,"standard_error":0.0038370751628877247},"Slope":{"confidence_interval":{"confidence_level":0.95,"lower_bound":4.647114051516674,"upper_bound":4.6542787290529315},"point_estimate":4.650905538356859,"standard_error":0.001828485163291889},"StdDev":{"confidence_interval":{"confidence_level":0.95,"lower_bound":0.011813169558918531,"upper_bound":0.030578954837231772},"point_estimate":0.022532373939308865,"standard_error":0.004884365420591838}}