{"Mean":{"confidence_interval":{"confidence_level":0.95,"lower_bound":3446278.166426189,"upper_bound":3549557.5207836814},"point_estimate":3496694.8505007764,"standard_error":26394.30252158873},"Median":{"confidence_interval":{"confidence_level":0.95,"lower_bound":3404200.636752137,"upper_bound":3508042.25},"point_estimate":3466170.369876543,"standard_error":25914.613507542177},"MedianAbsDev":{"confidence_interval":{"confidence_level":0.95,"lower_bound":69572.23926484573,"upper_bound":195310.7492865149},"point_estimate":131839.54258733714,"standard_error":31689.489168347358},"Slope":{"confidence_interval":{"confidence_level":0.95,"lower_bound":3428605.532879983,"upper_bound":3485290.7704122113},"point_estimate":3457886.5656468533,"standard_error":14435.59618762565},"StdDev":{"confidence_interval":{"confidence_level":0.95,"lower_bound":112507.68341960551,"upper_bound":180658.86449012908},"point_estimate":151880.41357649246,"standard_error":17337.105461936186}}