{"Mean":{"confidence_interval":{"confidence_level":0.95,"lower_bound":129714886.17901441,"upper_bound":133294103.33494419},"point_estimate":131159162.45524064,"standard_error":937636.5065292952},"Median":{"confidence_interval":{"confidence_level":0.95,"lower_bound":129311434.89473684,"upper_bound":129737064.73106061},"point_estimate":129471944.45,"standard_error":124825.51335913346},"MedianAbsDev":{"confidence_interval":{"confidence_level":0.95,"lower_bound":294635.0566651798,"upper_bound":1072832.9390034042},"point_estimate":536782.1796755053,"standard_error":211964.29322756306},"Slope":{"confidence_interval":{"confidence_level":0.95,"lower_bound":129943860.26950982,"upper_bound":137381091.38850698},"point_estimate":133137019.4118007,"standard_error":1976267.1246356906},"StdDev":{"confidence_interval":{"confidence_level":0.95,"lower_bound":1015531.3323747714,"upper_bound":8492773.70112256},"point_estimate":5392763.945702972,"standard_error":2158761.1645292053}}