{"Mean":{"confidence_interval":{"confidence_level":0.95,"lower_bound":0.05719811088943233,"upper_bound":0.06438998505305515},"point_estimate":0.06084558824411368,"standard_error":0.0018342597207034635},"Median":{"confidence_interval":{"confidence_level":0.95,"lower_bound":0.06165929346811194,"upper_bound":0.06518505743339742},"point_estimate":0.06402593344940222,"standard_error":0.0009507701512733909}}