{"Mean":{"confidence_interval":{"confidence_level":0.95,"lower_bound":119429.27849502028,"upper_bound":124870.96028525759},"point_estimate":122056.69728267551,"standard_error":1363.9622861174382},"Median":{"confidence_interval":{"confidence_level":0.95,"lower_bound":117744.6477314644,"upper_bound":126886.09369236445},"point_estimate":121956.2246403541,"standard_error":1880.5225453936348},"MedianAbsDev":{"confidence_interval":{"confidence_level":0.95,"lower_bound":0.0,"upper_bound":6244.083814265232},"point_estimate":2308.2612297689716,"standard_error":1959.5736565106213},"Slope":{"confidence_interval":{"confidence_level":0.95,"lower_bound":118262.08806887384,"upper_bound":122748.05209545158},"point_estimate":119974.26511518729,"standard_error":1316.4012796570148},"StdDev":{"confidence_interval":{"confidence_level":0.95,"lower_bound":1026.2579059324696,"upper_bound":4591.764909208398},"point_estimate":3398.9947553959096,"standard_error":916.184131014123}}