{"Mean":{"confidence_interval":{"confidence_level":0.95,"lower_bound":2146.7162985463815,"upper_bound":2183.2563151391814},"point_estimate":2163.663877344826,"standard_error":9.36650637738543},"Median":{"confidence_interval":{"confidence_level":0.95,"lower_bound":2144.234031673679,"upper_bound":2165.480311957356},"point_estimate":2152.1357550257126,"standard_error":6.2890599671479155},"MedianAbsDev":{"confidence_interval":{"confidence_level":0.95,"lower_bound":16.03650689446758,"upper_bound":54.59713778051875},"point_estimate":32.999097438217554,"standard_error":10.366294809341559},"Slope":{"confidence_interval":{"confidence_level":0.95,"lower_bound":2142.067177843865,"upper_bound":2161.4551595384864},"point_estimate":2151.6478529359842,"standard_error":4.9235591619498},"StdDev":{"confidence_interval":{"confidence_level":0.95,"lower_bound":28.70027368187446,"upper_bound":73.21200941865183},"point_estimate":53.83064279043221,"standard_error":11.49910734964544}}