{"Mean":{"confidence_interval":{"confidence_level":0.95,"lower_bound":1106663.1421524738,"upper_bound":1162512.9536313878},"point_estimate":1137351.8425355717,"standard_error":14341.05933908076},"Median":{"confidence_interval":{"confidence_level":0.95,"lower_bound":1108948.5096153845,"upper_bound":1185597.00625},"point_estimate":1165399.9454411766,"standard_error":20266.200610916963},"MedianAbsDev":{"confidence_interval":{"confidence_level":0.95,"lower_bound":19202.461699125906,"upper_bound":87151.53654598002},"point_estimate":48068.95030330559,"standard_error":19691.247136412512},"Slope":{"confidence_interval":{"confidence_level":0.95,"lower_bound":1169489.1472476788,"upper_bound":1186626.9193848935},"point_estimate":1179673.9896962412,"standard_error":4370.209251119478},"StdDev":{"confidence_interval":{"confidence_level":0.95,"lower_bound":46143.140121867145,"upper_bound":119312.55399867511},"point_estimate":82418.78285398908,"standard_error":21621.07645720522}}