{"Mean":{"confidence_interval":{"confidence_level":0.95,"lower_bound":473823.7794561934,"upper_bound":506840.755287009},"point_estimate":490332.26737160125,"standard_error":8361.811519384379},"Median":{"confidence_interval":{"confidence_level":0.95,"lower_bound":467716.35196374625,"upper_bound":513616.01208459213},"point_estimate":486607.0996978852,"standard_error":15511.751820962128},"MedianAbsDev":{"confidence_interval":{"confidence_level":0.95,"lower_bound":0.0,"upper_bound":28007.422093403307},"point_estimate":28007.422093403307,"standard_error":10105.527669595534},"Slope":{"confidence_interval":{"confidence_level":0.95,"lower_bound":470824.171744585,"upper_bound":511598.2936108314},"point_estimate":481306.01483109035,"standard_error":10078.013535920154},"StdDev":{"confidence_interval":{"confidence_level":0.95,"lower_bound":6967.323586811352,"upper_bound":24194.19406453193},"point_estimate":20877.67691746313,"standard_error":4578.730795988538}}