{"Mean":{"confidence_interval":{"confidence_level":0.95,"lower_bound":517.3621761834801,"upper_bound":536.7771992649164},"point_estimate":525.3684432367907,"standard_error":5.091597314037164},"Median":{"confidence_interval":{"confidence_level":0.95,"lower_bound":513.4700189557514,"upper_bound":521.284175560666},"point_estimate":518.7452348957186,"standard_error":2.247062701177205},"MedianAbsDev":{"confidence_interval":{"confidence_level":0.95,"lower_bound":3.5038488558030907,"upper_bound":10.387124457984779},"point_estimate":8.977230544441666,"standard_error":1.9029438184336371},"Slope":{"confidence_interval":{"confidence_level":0.95,"lower_bound":517.4830728586076,"upper_bound":522.4921813519782},"point_estimate":520.3039080884915,"standard_error":1.2794670425312593},"StdDev":{"confidence_interval":{"confidence_level":0.95,"lower_bound":5.472447173864409,"upper_bound":45.421722211396194},"point_estimate":29.233461111093337,"standard_error":11.032034039041106}}