{"Mean":{"confidence_interval":{"confidence_level":0.95,"lower_bound":133.00250704770087,"upper_bound":133.9770092473475},"point_estimate":133.42905925317496,"standard_error":0.2515088635280097},"Median":{"confidence_interval":{"confidence_level":0.95,"lower_bound":132.7710580795989,"upper_bound":133.43435003145274},"point_estimate":133.09680350773357,"standard_error":0.15691073484920484},"MedianAbsDev":{"confidence_interval":{"confidence_level":0.95,"lower_bound":0.4567978045141172,"upper_bound":1.2595871852381568},"point_estimate":0.7593162448579314,"standard_error":0.18875063156546598},"Slope":{"confidence_interval":{"confidence_level":0.95,"lower_bound":132.8590767745095,"upper_bound":133.61929832407864},"point_estimate":133.19251294680308,"standard_error":0.19594031104746157},"StdDev":{"confidence_interval":{"confidence_level":0.95,"lower_bound":0.6664045810177164,"upper_bound":2.1318181723141953},"point_estimate":1.445501769526082,"standard_error":0.42383355612375256}}