{"Mean":{"confidence_interval":{"confidence_level":0.95,"lower_bound":324.47106942957095,"upper_bound":328.2642841034842},"point_estimate":326.21776077547634,"standard_error":0.9715372172430524},"Median":{"confidence_interval":{"confidence_level":0.95,"lower_bound":323.8963853938987,"upper_bound":324.8475912658389},"point_estimate":324.24724321982114,"standard_error":0.25045642910256194},"MedianAbsDev":{"confidence_interval":{"confidence_level":0.95,"lower_bound":0.531107788566701,"upper_bound":2.8784516000075957},"point_estimate":0.9944299935603189,"standard_error":0.6460213775969464},"Slope":{"confidence_interval":{"confidence_level":0.95,"lower_bound":323.06822699139775,"upper_bound":325.1545141509121},"point_estimate":324.1571661357805,"standard_error":0.5332481451558712},"StdDev":{"confidence_interval":{"confidence_level":0.95,"lower_bound":2.9972669894881308,"upper_bound":7.379682998787211},"point_estimate":5.564328047841447,"standard_error":1.1186462117649596}}