{"Mean":{"confidence_interval":{"confidence_level":0.95,"lower_bound":321.0459401469723,"upper_bound":324.43766095362514},"point_estimate":322.42179123789833,"standard_error":0.8905645466057335},"Median":{"confidence_interval":{"confidence_level":0.95,"lower_bound":320.788714994908,"upper_bound":322.61820292277514},"point_estimate":322.2340017384155,"standard_error":0.4056961759527529},"MedianAbsDev":{"confidence_interval":{"confidence_level":0.95,"lower_bound":0.7778672066518451,"upper_bound":3.085846256001226},"point_estimate":1.529681578570049,"standard_error":0.6490783818530027},"Slope":{"confidence_interval":{"confidence_level":0.95,"lower_bound":320.5848441404754,"upper_bound":322.2551563414258},"point_estimate":321.4582667737075,"standard_error":0.42839580543827804},"StdDev":{"confidence_interval":{"confidence_level":0.95,"lower_bound":1.662091169165563,"upper_bound":8.177793894693016},"point_estimate":5.1199954877185805,"standard_error":2.0809145976988677}}