{"Mean":{"confidence_interval":{"confidence_level":0.95,"lower_bound":1726.8401499086121,"upper_bound":1773.431453690496},"point_estimate":1750.3749685882522,"standard_error":11.998629290639625},"Median":{"confidence_interval":{"confidence_level":0.95,"lower_bound":1710.6865478172676,"upper_bound":1791.45455827399},"point_estimate":1756.9401432194918,"standard_error":16.833590351501936},"MedianAbsDev":{"confidence_interval":{"confidence_level":0.95,"lower_bound":0.0,"upper_bound":51.17107085133086},"point_estimate":33.02157289012197,"standard_error":19.53556501259665},"Slope":{"confidence_interval":{"confidence_level":0.95,"lower_bound":1719.2563817668665,"upper_bound":1761.0726304314255},"point_estimate":1734.0743695421831,"standard_error":10.259711896502509},"StdDev":{"confidence_interval":{"confidence_level":0.95,"lower_bound":10.24306566913956,"upper_bound":40.50708949595127},"point_estimate":30.05251357695718,"standard_error":8.065008103071293}}