{"Mean":{"confidence_interval":{"confidence_level":0.95,"lower_bound":117.05424484742082,"upper_bound":120.13093455243062},"point_estimate":118.21356800601299,"standard_error":0.8293540362984054},"Median":{"confidence_interval":{"confidence_level":0.95,"lower_bound":116.88737404285439,"upper_bound":117.25141531783962},"point_estimate":117.02716298018146,"standard_error":0.10393994188725189},"MedianAbsDev":{"confidence_interval":{"confidence_level":0.95,"lower_bound":0.2795658937273649,"upper_bound":0.8210370056432806},"point_estimate":0.5083709495149235,"standard_error":0.13552228102110064},"Slope":{"confidence_interval":{"confidence_level":0.95,"lower_bound":116.91211633103904,"upper_bound":117.24819584817223},"point_estimate":117.0615330292576,"standard_error":0.08589624037724038},"StdDev":{"confidence_interval":{"confidence_level":0.95,"lower_bound":0.4826154398797451,"upper_bound":7.734049250872338},"point_estimate":4.764064245620647,"standard_error":2.246129514571846}}