{"Mean":{"confidence_interval":{"confidence_level":0.95,"lower_bound":528.44469436059,"upper_bound":608.7145328936234},"point_estimate":566.3624172809135,"standard_error":20.59021512723467},"Median":{"confidence_interval":{"confidence_level":0.95,"lower_bound":486.0635605095541,"upper_bound":543.5853718765311},"point_estimate":519.9689469214437,"standard_error":18.198969685491345},"MedianAbsDev":{"confidence_interval":{"confidence_level":0.95,"lower_bound":13.13679639644262,"upper_bound":93.29734694603732},"point_estimate":57.62327232058402,"standard_error":24.60273452519714},"Slope":{"confidence_interval":{"confidence_level":0.95,"lower_bound":527.1960684926286,"upper_bound":610.8326160201893},"point_estimate":562.7562160393746,"standard_error":21.353181426521477},"StdDev":{"confidence_interval":{"confidence_level":0.95,"lower_bound":76.86055689797384,"upper_bound":145.6806148976354},"point_estimate":118.34333711729286,"standard_error":17.602869124152708}}