{"Mean":{"confidence_interval":{"confidence_level":0.95,"lower_bound":1846488.4659090906,"upper_bound":2043096.5909090906},"point_estimate":1915772.8446969695,"standard_error":56585.97790453795},"Median":{"confidence_interval":{"confidence_level":0.95,"lower_bound":1838425.1893939395,"upper_bound":2168438.6363636362},"point_estimate":1855083.5227272727,"standard_error":73140.85266621341},"MedianAbsDev":{"confidence_interval":{"confidence_level":0.95,"lower_bound":0.0,"upper_bound":35075.4231841047},"point_estimate":10377.778622575655,"standard_error":10829.683782591446},"Slope":{"confidence_interval":{"confidence_level":0.95,"lower_bound":1847460.217642527,"upper_bound":1897173.270750988},"point_estimate":1858450.4648760331,"standard_error":14460.003919906772},"StdDev":{"confidence_interval":{"confidence_level":0.95,"lower_bound":3188.693185462835,"upper_bound":177844.50446194407},"point_estimate":141511.49844782733,"standard_error":69300.11675160509}}