{"Mean":{"confidence_interval":{"confidence_level":0.95,"lower_bound":7706.843633511655,"upper_bound":7931.712573845934},"point_estimate":7816.216098554443,"standard_error":57.57515478454995},"Median":{"confidence_interval":{"confidence_level":0.95,"lower_bound":7572.472871814378,"upper_bound":7926.740198357353},"point_estimate":7715.92266084531,"standard_error":87.6168890653807},"MedianAbsDev":{"confidence_interval":{"confidence_level":0.95,"lower_bound":129.50488615271078,"upper_bound":501.57415306253995},"point_estimate":309.622565649851,"standard_error":98.47991546406158},"Slope":{"confidence_interval":{"confidence_level":0.95,"lower_bound":7702.5268505461945,"upper_bound":8006.66203843905},"point_estimate":7852.533162945841,"standard_error":77.86399790914098},"StdDev":{"confidence_interval":{"confidence_level":0.95,"lower_bound":258.8238819961274,"upper_bound":375.7340634035132},"point_estimate":330.61441387925044,"standard_error":29.830823857762212}}