{"Mean":{"confidence_interval":{"confidence_level":0.95,"lower_bound":51797.9283830628,"upper_bound":53239.09452586593},"point_estimate":52365.66453699378,"standard_error":384.319035859406},"Median":{"confidence_interval":{"confidence_level":0.95,"lower_bound":51711.3555465368,"upper_bound":52104.0873342803},"point_estimate":51926.022930194806,"standard_error":109.3552209911932},"MedianAbsDev":{"confidence_interval":{"confidence_level":0.95,"lower_bound":294.8589392254337,"upper_bound":882.2650341493364},"point_estimate":604.5604778434614,"standard_error":172.185034996761},"Slope":{"confidence_interval":{"confidence_level":0.95,"lower_bound":51519.425098835294,"upper_bound":51979.2139144499},"point_estimate":51743.278078313735,"standard_error":117.59320342111599},"StdDev":{"confidence_interval":{"confidence_level":0.95,"lower_bound":436.9017228842111,"upper_bound":3553.9157673479085},"point_estimate":2213.521661662664,"standard_error":964.8989535858484}}