{"Mean":{"confidence_interval":{"confidence_level":0.95,"lower_bound":2242687.6014065356,"upper_bound":2356135.1605768343},"point_estimate":2299140.346121558,"standard_error":28939.475644987197},"Median":{"confidence_interval":{"confidence_level":0.95,"lower_bound":2259998.125,"upper_bound":2341550.50802139},"point_estimate":2304242.0,"standard_error":22684.143866858343},"MedianAbsDev":{"confidence_interval":{"confidence_level":0.95,"lower_bound":58207.86336660431,"upper_bound":226519.0369784832},"point_estimate":112282.23800659168,"standard_error":44882.14594060271},"Slope":{"confidence_interval":{"confidence_level":0.95,"lower_bound":2150584.500442546,"upper_bound":2340905.7735781246},"point_estimate":2237342.9613960865,"standard_error":48631.88910050194},"StdDev":{"confidence_interval":{"confidence_level":0.95,"lower_bound":113702.01482463212,"upper_bound":198116.46379563608},"point_estimate":160714.90206259067,"standard_error":21511.796196244188}}