{"Mean":{"confidence_interval":{"confidence_level":0.95,"lower_bound":200.30732415604575,"upper_bound":202.87906671842384},"point_estimate":201.31106834107814,"standard_error":0.6948200229753083},"Median":{"confidence_interval":{"confidence_level":0.95,"lower_bound":200.38708128016992,"upper_bound":201.30973304940267},"point_estimate":200.9970598448158,"standard_error":0.20874900152307055},"MedianAbsDev":{"confidence_interval":{"confidence_level":0.95,"lower_bound":0.5109821228930148,"upper_bound":1.6400271870664536},"point_estimate":1.0322601729887304,"standard_error":0.30787344161137553},"Slope":{"confidence_interval":{"confidence_level":0.95,"lower_bound":199.62482362037497,"upper_bound":200.61105373136903},"point_estimate":200.11042835524134,"standard_error":0.2513595866251391},"StdDev":{"confidence_interval":{"confidence_level":0.95,"lower_bound":0.9982853139377168,"upper_bound":6.560870851251401},"point_estimate":3.9965341070325953,"standard_error":1.8599788594875066}}