{"Mean":{"confidence_interval":{"confidence_level":0.95,"lower_bound":323.75263589050826,"upper_bound":330.1763430730512},"point_estimate":326.5541894836119,"standard_error":1.654878089707964},"Median":{"confidence_interval":{"confidence_level":0.95,"lower_bound":323.55928842228053,"upper_bound":324.2241507916349},"point_estimate":323.6959927026167,"standard_error":0.20755610401956215},"MedianAbsDev":{"confidence_interval":{"confidence_level":0.95,"lower_bound":0.5638144633914639,"upper_bound":2.4838990690424207},"point_estimate":1.2539528461598413,"standard_error":0.5430392177969111},"Slope":{"confidence_interval":{"confidence_level":0.95,"lower_bound":321.77649420495175,"upper_bound":323.82036957363175},"point_estimate":322.9254356221207,"standard_error":0.5284548500421113},"StdDev":{"confidence_interval":{"confidence_level":0.95,"lower_bound":2.9923021413473045,"upper_bound":13.691591531538633},"point_estimate":9.481996352293711,"standard_error":2.798543038148218}}