{"Mean":{"confidence_interval":{"confidence_level":0.95,"lower_bound":322.2562616697494,"upper_bound":327.1412808617964},"point_estimate":324.1500447859409,"standard_error":1.3199048450939277},"Median":{"confidence_interval":{"confidence_level":0.95,"lower_bound":321.995542456919,"upper_bound":324.3760479872404},"point_estimate":323.4324591044105,"standard_error":0.5305685101305359},"MedianAbsDev":{"confidence_interval":{"confidence_level":0.95,"lower_bound":1.1275217094647931,"upper_bound":3.424783720389062},"point_estimate":2.1010543470821976,"standard_error":0.5905378293778591},"Slope":{"confidence_interval":{"confidence_level":0.95,"lower_bound":321.3493601813947,"upper_bound":323.104830027013},"point_estimate":322.2321787341156,"standard_error":0.447718173020603},"StdDev":{"confidence_interval":{"confidence_level":0.95,"lower_bound":1.8802310734541252,"upper_bound":12.38709682053694},"point_estimate":7.571994278849422,"standard_error":3.499525183076239}}