{"Mean":{"confidence_interval":{"confidence_level":0.95,"lower_bound":13570.247044222888,"upper_bound":14992.324816606544},"point_estimate":14204.780390806654,"standard_error":367.59885410603886},"Median":{"confidence_interval":{"confidence_level":0.95,"lower_bound":13246.032475490196,"upper_bound":13759.591879514963},"point_estimate":13566.497432306256,"standard_error":135.01321444201852},"MedianAbsDev":{"confidence_interval":{"confidence_level":0.95,"lower_bound":318.70145880270275,"upper_bound":871.7905874638},"point_estimate":611.6425700235269,"standard_error":147.26557051782189},"Slope":{"confidence_interval":{"confidence_level":0.95,"lower_bound":14000.79802354414,"upper_bound":15873.986311767107},"point_estimate":14840.430379714022,"standard_error":480.2164673097007},"StdDev":{"confidence_interval":{"confidence_level":0.95,"lower_bound":693.7906279432858,"upper_bound":2895.3808587155513},"point_estimate":2053.5412377413163,"standard_error":562.0597461963904}}