{"Mean":{"confidence_interval":{"confidence_level":0.95,"lower_bound":551.4248999100175,"upper_bound":557.8828032971603},"point_estimate":554.1543858588113,"standard_error":1.6731024842256537},"Median":{"confidence_interval":{"confidence_level":0.95,"lower_bound":553.18582232319,"upper_bound":554.7739532890935},"point_estimate":554.226174075932,"standard_error":0.44800819777771456},"MedianAbsDev":{"confidence_interval":{"confidence_level":0.95,"lower_bound":0.9214551280181827,"upper_bound":6.354963688814883},"point_estimate":1.6370546176155354,"standard_error":1.780034286456749},"Slope":{"confidence_interval":{"confidence_level":0.95,"lower_bound":549.6687011330091,"upper_bound":553.6273258527422},"point_estimate":551.7003608545457,"standard_error":1.0072114868399051},"StdDev":{"confidence_interval":{"confidence_level":0.95,"lower_bound":3.7227034404297106,"upper_bound":15.223569299999161},"point_estimate":9.649518301512076,"standard_error":3.569071732297358}}