{"Mean":{"confidence_interval":{"confidence_level":0.95,"lower_bound":0.028048714098100343,"upper_bound":0.07772996149978223},"point_estimate":0.053175276775146996,"standard_error":0.012688478289619312},"Median":{"confidence_interval":{"confidence_level":0.95,"lower_bound":0.044768345197785164,"upper_bound":0.05347785828386953},"point_estimate":0.0488558421791816,"standard_error":0.0022909748201288696}}