{"Mean":{"confidence_interval":{"confidence_level":0.95,"lower_bound":33.09769038698264,"upper_bound":34.22865061408373},"point_estimate":33.662810820900525,"standard_error":0.2884568092284331},"Median":{"confidence_interval":{"confidence_level":0.95,"lower_bound":32.23481007672523,"upper_bound":34.94475781239748},"point_estimate":34.06921090081505,"standard_error":0.6975186614959893},"MedianAbsDev":{"confidence_interval":{"confidence_level":0.95,"lower_bound":0.9685639274760558,"upper_bound":2.8253559508826824},"point_estimate":2.295030139779779,"standard_error":0.49218469386433145},"Slope":{"confidence_interval":{"confidence_level":0.95,"lower_bound":32.44909294594667,"upper_bound":33.659962248308645},"point_estimate":33.03954192704952,"standard_error":0.3099845598945493},"StdDev":{"confidence_interval":{"confidence_level":0.95,"lower_bound":1.4274993271084562,"upper_bound":1.8269868077804337},"point_estimate":1.6690184238550796,"standard_error":0.10197477628087924}}