{"Mean":{"confidence_interval":{"confidence_level":0.95,"lower_bound":-0.4722080152097558,"upper_bound":-0.4143277575154467},"point_estimate":-0.44383777975584493,"standard_error":0.014784560450646444},"Median":{"confidence_interval":{"confidence_level":0.95,"lower_bound":-0.4676185664206638,"upper_bound":-0.3775409327240188},"point_estimate":-0.4071904101655739,"standard_error":0.02402333160631041}}