{"Mean":{"confidence_interval":{"confidence_level":0.95,"lower_bound":373116773.9771404,"upper_bound":386736609.9953667},"point_estimate":383270600.9486793,"standard_error":5912552.221671563},"Median":{"confidence_interval":{"confidence_level":0.95,"lower_bound":370052000.11984766,"upper_bound":383888252.81578946},"point_estimate":378995984.04761904,"standard_error":6119006.009892849},"MedianAbsDev":{"confidence_interval":{"confidence_level":0.95,"lower_bound":28102642.069340874,"upper_bound":54063663.815338105},"point_estimate":37779377.784282,"standard_error":11552842.617843755},"Slope":{"confidence_interval":{"confidence_level":0.95,"lower_bound":389158418.02192104,"upper_bound":396517208.820097},"point_estimate":393783707.1066434,"standard_error":3674534.08552243},"StdDev":{"confidence_interval":{"confidence_level":0.95,"lower_bound":33246314.002758916,"upper_bound":40771223.05953466},"point_estimate":35364675.937726386,"standard_error":3425405.383105037}}