{"Mean":{"confidence_interval":{"confidence_level":0.95,"lower_bound":4016.4561401366036,"upper_bound":4082.6854777828717},"point_estimate":4047.5506387264877,"standard_error":16.954515555172563},"Median":{"confidence_interval":{"confidence_level":0.95,"lower_bound":3995.263228527607,"upper_bound":4061.885469211543},"point_estimate":4010.103386862158,"standard_error":14.674862937773018},"MedianAbsDev":{"confidence_interval":{"confidence_level":0.95,"lower_bound":28.724809875659098,"upper_bound":107.09373923565686},"point_estimate":59.81626033282013,"standard_error":20.02996543565264},"Slope":{"confidence_interval":{"confidence_level":0.95,"lower_bound":3989.7644062506088,"upper_bound":4029.346551273157},"point_estimate":4008.225887762544,"standard_error":10.11864088565758},"StdDev":{"confidence_interval":{"confidence_level":0.95,"lower_bound":61.748792625715026,"upper_bound":127.98839324208917},"point_estimate":97.65996509042832,"standard_error":17.40204999993407}}