{"Mean":{"confidence_interval":{"confidence_level":0.95,"lower_bound":195.9328797878849,"upper_bound":200.26719997646396},"point_estimate":197.74235423338985,"standard_error":1.1300957605262008},"Median":{"confidence_interval":{"confidence_level":0.95,"lower_bound":194.78403503814636,"upper_bound":197.85381515169888},"point_estimate":196.32197152063816,"standard_error":0.8153037849478494},"MedianAbsDev":{"confidence_interval":{"confidence_level":0.95,"lower_bound":1.7490735953366936,"upper_bound":4.312704088218478},"point_estimate":3.1831396023070435,"standard_error":0.6477581549044743},"Slope":{"confidence_interval":{"confidence_level":0.95,"lower_bound":194.85696707812514,"upper_bound":196.85681395560246},"point_estimate":195.7867520121976,"standard_error":0.5128481970304194},"StdDev":{"confidence_interval":{"confidence_level":0.95,"lower_bound":2.3300210538730193,"upper_bound":10.146362420790874},"point_estimate":6.494557035261874,"standard_error":2.42594823157887}}