{"Mean":{"confidence_interval":{"confidence_level":0.95,"lower_bound":24680.294536863043,"upper_bound":25485.235756755308},"point_estimate":25071.311605084225,"standard_error":206.1330364206084},"Median":{"confidence_interval":{"confidence_level":0.95,"lower_bound":24373.241518829753,"upper_bound":25588.82180650038},"point_estimate":24702.028218694883,"standard_error":332.7388107571197},"MedianAbsDev":{"confidence_interval":{"confidence_level":0.95,"lower_bound":523.4368888552864,"upper_bound":1674.002547000088},"point_estimate":1068.7984052674592,"standard_error":294.8987036684488},"Slope":{"confidence_interval":{"confidence_level":0.95,"lower_bound":25286.21496638693,"upper_bound":26243.35145244082},"point_estimate":25799.051480278344,"standard_error":243.81646440564933},"StdDev":{"confidence_interval":{"confidence_level":0.95,"lower_bound":849.7925936534614,"upper_bound":1381.8518310180225},"point_estimate":1151.405266849363,"standard_error":135.55000830747395}}