{"Mean":{"confidence_interval":{"confidence_level":0.95,"lower_bound":1850.6126792463378,"upper_bound":1878.6302828027708},"point_estimate":1861.5048631037257,"standard_error":7.522769742755922},"Median":{"confidence_interval":{"confidence_level":0.95,"lower_bound":1848.934452960902,"upper_bound":1855.9726320767463},"point_estimate":1853.037035188011,"standard_error":1.9981473175828637},"MedianAbsDev":{"confidence_interval":{"confidence_level":0.95,"lower_bound":5.823283443321479,"upper_bound":15.850095001336687},"point_estimate":11.722059130157003,"standard_error":2.4392969144518397},"Slope":{"confidence_interval":{"confidence_level":0.95,"lower_bound":1846.4168922232068,"upper_bound":1853.3452742996085},"point_estimate":1849.8167711696492,"standard_error":1.7740827112271442},"StdDev":{"confidence_interval":{"confidence_level":0.95,"lower_bound":8.818913622658727,"upper_bound":69.87866466901934},"point_estimate":43.17563520903574,"standard_error":19.46405446815138}}