{"Mean":{"confidence_interval":{"confidence_level":0.95,"lower_bound":1870.4586912231252,"upper_bound":1902.896685893883},"point_estimate":1885.250090496178,"standard_error":8.319998906875876},"Median":{"confidence_interval":{"confidence_level":0.95,"lower_bound":1858.0832259276076,"upper_bound":1886.7486079428593},"point_estimate":1875.596466646099,"standard_error":7.405978153235194},"MedianAbsDev":{"confidence_interval":{"confidence_level":0.95,"lower_bound":15.452558571301774,"upper_bound":39.31734898130585},"point_estimate":30.499766266369207,"standard_error":6.341500551015657},"Slope":{"confidence_interval":{"confidence_level":0.95,"lower_bound":1867.6153704866447,"upper_bound":1915.679975229666},"point_estimate":1890.5350221533918,"standard_error":12.383908679283113},"StdDev":{"confidence_interval":{"confidence_level":0.95,"lower_bound":23.433405042597325,"upper_bound":64.7609979876866},"point_estimate":47.94821252157273,"standard_error":10.463902169897056}}