{"Mean":{"confidence_interval":{"confidence_level":0.95,"lower_bound":53561.415088103415,"upper_bound":53969.65037467033},"point_estimate":53747.566467912344,"standard_error":104.85143710757107},"Median":{"confidence_interval":{"confidence_level":0.95,"lower_bound":53462.02824858757,"upper_bound":53713.84861325116},"point_estimate":53516.76164952436,"standard_error":78.84304557257533},"MedianAbsDev":{"confidence_interval":{"confidence_level":0.95,"lower_bound":144.60733630355065,"upper_bound":508.73255971819344},"point_estimate":267.60498393300924,"standard_error":93.16500964202925},"Slope":{"confidence_interval":{"confidence_level":0.95,"lower_bound":53371.971591162,"upper_bound":53602.59344240293},"point_estimate":53481.689999407376,"standard_error":58.776334631229936},"StdDev":{"confidence_interval":{"confidence_level":0.95,"lower_bound":314.31668199984165,"upper_bound":841.6650005660955},"point_estimate":605.1573442408907,"standard_error":140.7980362320552}}