{"Mean":{"confidence_interval":{"confidence_level":0.95,"lower_bound":2066710.5007434697,"upper_bound":2193944.3907695897},"point_estimate":2111864.7351019345,"standard_error":37518.355180839346},"Median":{"confidence_interval":{"confidence_level":0.95,"lower_bound":2064560.288888889,"upper_bound":2070731.5263157894},"point_estimate":2067850.0550000002,"standard_error":1812.3435834557135},"MedianAbsDev":{"confidence_interval":{"confidence_level":0.95,"lower_bound":4154.492226243135,"upper_bound":13920.61347922331},"point_estimate":6660.0027981926405,"standard_error":2498.2998581510437},"Slope":{"confidence_interval":{"confidence_level":0.95,"lower_bound":2060798.7365847512,"upper_bound":2067602.3453767933},"point_estimate":2064007.759965035,"standard_error":1734.6177211480983},"StdDev":{"confidence_interval":{"confidence_level":0.95,"lower_bound":7475.248451877002,"upper_bound":359739.50534009316},"point_estimate":216227.0168075402,"standard_error":119039.13240266134}}