{"Mean":{"confidence_interval":{"confidence_level":0.95,"lower_bound":77485.23160360385,"upper_bound":80729.65721658852},"point_estimate":79087.4292300448,"standard_error":824.0621272648252},"Median":{"confidence_interval":{"confidence_level":0.95,"lower_bound":77520.42004048583,"upper_bound":80827.62262799856},"point_estimate":79527.45679989447,"standard_error":1086.5444208377146},"MedianAbsDev":{"confidence_interval":{"confidence_level":0.95,"lower_bound":1953.3993387538108,"upper_bound":5918.00561838777},"point_estimate":3570.6417332051956,"standard_error":1011.7155259718212},"Slope":{"confidence_interval":{"confidence_level":0.95,"lower_bound":75383.58642111988,"upper_bound":79678.40833937372},"point_estimate":77417.21458590952,"standard_error":1094.1596449745216},"StdDev":{"confidence_interval":{"confidence_level":0.95,"lower_bound":3129.548288676364,"upper_bound":5778.348275044953},"point_estimate":4585.445494421135,"standard_error":680.0125771844841}}