{"Mean":{"confidence_interval":{"confidence_level":0.95,"lower_bound":32.6258183311939,"upper_bound":33.77481352685069},"point_estimate":33.20813886540417,"standard_error":0.293505750636837},"Median":{"confidence_interval":{"confidence_level":0.95,"lower_bound":31.912090867822638,"upper_bound":34.599030861745405},"point_estimate":33.89805866846135,"standard_error":0.8378722151309322},"MedianAbsDev":{"confidence_interval":{"confidence_level":0.95,"lower_bound":0.46573151824422665,"upper_bound":2.7559586810447585},"point_estimate":1.5828754264861962,"standard_error":0.7037868679125531},"Slope":{"confidence_interval":{"confidence_level":0.95,"lower_bound":31.970530996746017,"upper_bound":33.39700170389977},"point_estimate":32.66503377543446,"standard_error":0.3652183927127082},"StdDev":{"confidence_interval":{"confidence_level":0.95,"lower_bound":1.4550657119068457,"upper_bound":1.8183253617140647},"point_estimate":1.6882171506271964,"standard_error":0.09243092880886505}}