{"Mean":{"confidence_interval":{"confidence_level":0.95,"lower_bound":606.9560190597076,"upper_bound":620.8687027402976},"point_estimate":612.702185997337,"standard_error":3.636936481028654},"Median":{"confidence_interval":{"confidence_level":0.95,"lower_bound":605.3777059800124,"upper_bound":612.0407976503413},"point_estimate":611.3061553833857,"standard_error":1.8818300384416395},"MedianAbsDev":{"confidence_interval":{"confidence_level":0.95,"lower_bound":1.1008461162801455,"upper_bound":9.395084537753641},"point_estimate":4.526184543145301,"standard_error":2.6235951511735065},"Slope":{"confidence_interval":{"confidence_level":0.95,"lower_bound":604.5642782988373,"upper_bound":608.8077171320112},"point_estimate":606.673877084454,"standard_error":1.0835363708188543},"StdDev":{"confidence_interval":{"confidence_level":0.95,"lower_bound":4.9802204938097026,"upper_bound":32.559566819541566},"point_estimate":20.916842990256978,"standard_error":7.838703926830084}}