{"Mean":{"confidence_interval":{"confidence_level":0.95,"lower_bound":-0.017032701681090688,"upper_bound":0.005141990076380688},"point_estimate":-0.0059990686218590605,"standard_error":0.005552773082783784},"Median":{"confidence_interval":{"confidence_level":0.95,"lower_bound":-0.01421813264972549,"upper_bound":0.0005766068277297531},"point_estimate":-0.00971935727769968,"standard_error":0.0038998744786069286}}