{"Mean":{"confidence_interval":{"confidence_level":0.95,"lower_bound":-0.22333676104490538,"upper_bound":-0.2014458962597875},"point_estimate":-0.21319709257461805,"standard_error":0.005508038260079413},"Median":{"confidence_interval":{"confidence_level":0.95,"lower_bound":-0.21526436495049092,"upper_bound":-0.20618150723444018},"point_estimate":-0.21060169415856644,"standard_error":0.002229631109356366}}