{"Mean":{"confidence_interval":{"confidence_level":0.95,"lower_bound":1898170.597991543,"upper_bound":1958542.4426446042},"point_estimate":1929514.3078803169,"standard_error":15482.514903753694},"Median":{"confidence_interval":{"confidence_level":0.95,"lower_bound":1919958.4134615385,"upper_bound":1981731.884057971},"point_estimate":1947145.1298701297,"standard_error":16964.978655741663},"MedianAbsDev":{"confidence_interval":{"confidence_level":0.95,"lower_bound":41842.01495645616,"upper_bound":114731.26371311283},"point_estimate":79055.52526315057,"standard_error":18457.678984175822},"Slope":{"confidence_interval":{"confidence_level":0.95,"lower_bound":1948058.6103525562,"upper_bound":1986099.9089167553},"point_estimate":1969010.2379693284,"standard_error":9704.07260185921},"StdDev":{"confidence_interval":{"confidence_level":0.95,"lower_bound":59608.98119131562,"upper_bound":103363.88628462155},"point_estimate":86116.7025959281,"standard_error":11152.66667069061}}