{"Mean":{"confidence_interval":{"confidence_level":0.95,"lower_bound":45.923273034685415,"upper_bound":46.983165755460995},"point_estimate":46.4348434776089,"standard_error":0.26998945995924434},"Median":{"confidence_interval":{"confidence_level":0.95,"lower_bound":45.45479727481403,"upper_bound":46.66736149885229},"point_estimate":45.873224384028404,"standard_error":0.3946689797605067},"MedianAbsDev":{"confidence_interval":{"confidence_level":0.95,"lower_bound":0.3965107350555763,"upper_bound":1.9860972954472491},"point_estimate":1.0185577317774002,"standard_error":0.42317123022244085},"Slope":{"confidence_interval":{"confidence_level":0.95,"lower_bound":45.17087168988285,"upper_bound":46.09805936657437},"point_estimate":45.60712338509868,"standard_error":0.2364330269551084},"StdDev":{"confidence_interval":{"confidence_level":0.95,"lower_bound":1.081809707321549,"upper_bound":1.916572581161991},"point_estimate":1.5536704395550716,"standard_error":0.21438180568661636}}