{"Mean":{"confidence_interval":{"confidence_level":0.95,"lower_bound":-0.6562980620573753,"upper_bound":-0.6321618858467731},"point_estimate":-0.6444322423903408,"standard_error":0.006164446019242168},"Median":{"confidence_interval":{"confidence_level":0.95,"lower_bound":-0.6699589887580187,"upper_bound":-0.6120406459395196},"point_estimate":-0.6608824226227747,"standard_error":0.01607367482465644}}