{"Mean":{"confidence_interval":{"confidence_level":0.95,"lower_bound":15381.954249439483,"upper_bound":15722.080795158285},"point_estimate":15547.074624979747,"standard_error":87.05920308887504},"Median":{"confidence_interval":{"confidence_level":0.95,"lower_bound":15179.629337712096,"upper_bound":15825.351149425287},"point_estimate":15397.702074699611,"standard_error":195.14273085905268},"MedianAbsDev":{"confidence_interval":{"confidence_level":0.95,"lower_bound":177.64999403395404,"upper_bound":745.605150418036},"point_estimate":464.15579693846956,"standard_error":152.6624257856458},"Slope":{"confidence_interval":{"confidence_level":0.95,"lower_bound":15217.503464384994,"upper_bound":15480.409527641763},"point_estimate":15338.836035085604,"standard_error":67.43475143867256},"StdDev":{"confidence_interval":{"confidence_level":0.95,"lower_bound":383.18423415098795,"upper_bound":603.0466567886017},"point_estimate":501.12548460773877,"standard_error":56.75698546082273}}