{"Mean":{"confidence_interval":{"confidence_level":0.95,"lower_bound":108594.94168287865,"upper_bound":111559.25025498794},"point_estimate":109816.17301451412,"standard_error":774.2641810089414},"Median":{"confidence_interval":{"confidence_level":0.95,"lower_bound":108155.41844553914,"upper_bound":108927.99298989619},"point_estimate":108526.89408866996,"standard_error":210.04973598530268},"MedianAbsDev":{"confidence_interval":{"confidence_level":0.95,"lower_bound":501.652995731807,"upper_bound":1471.2681884343233},"point_estimate":842.8395099331551,"standard_error":254.5028641593929},"Slope":{"confidence_interval":{"confidence_level":0.95,"lower_bound":108299.18757015262,"upper_bound":109013.0620309587},"point_estimate":108637.16294208665,"standard_error":182.68786460838425},"StdDev":{"confidence_interval":{"confidence_level":0.95,"lower_bound":882.7036734928762,"upper_bound":6920.713230745142},"point_estimate":4458.061078977337,"standard_error":1680.290705252699}}