{"Mean":{"confidence_interval":{"confidence_level":0.95,"lower_bound":1279917.5437050173,"upper_bound":1318887.787172541},"point_estimate":1296313.5398769302,"standard_error":10183.322293715839},"Median":{"confidence_interval":{"confidence_level":0.95,"lower_bound":1278271.33125,"upper_bound":1284852.2413793104},"point_estimate":1282117.5586021505,"standard_error":1708.6748392747165},"MedianAbsDev":{"confidence_interval":{"confidence_level":0.95,"lower_bound":4718.08407373731,"upper_bound":15237.872775307025},"point_estimate":8826.516462249667,"standard_error":2803.0079431645026},"Slope":{"confidence_interval":{"confidence_level":0.95,"lower_bound":1275408.7801929817,"upper_bound":1280750.8902170078},"point_estimate":1278247.030561626,"standard_error":1362.9942386005837},"StdDev":{"confidence_interval":{"confidence_level":0.95,"lower_bound":8632.260383364812,"upper_bound":88884.19166829463},"point_estimate":58636.730495727854,"standard_error":20946.530998593105}}