{"Mean":{"confidence_interval":{"confidence_level":0.95,"lower_bound":490.0394874383443,"upper_bound":499.445505369834},"point_estimate":494.4066429449059,"standard_error":2.418893097058868},"Median":{"confidence_interval":{"confidence_level":0.95,"lower_bound":487.1902673487409,"upper_bound":492.1362793459395},"point_estimate":488.45971303292487,"standard_error":1.4671261522634684},"MedianAbsDev":{"confidence_interval":{"confidence_level":0.95,"lower_bound":3.117583037816123,"upper_bound":11.35327664882093},"point_estimate":5.940822052654817,"standard_error":2.294731372471717},"Slope":{"confidence_interval":{"confidence_level":0.95,"lower_bound":488.9170062876459,"upper_bound":505.4413551402103},"point_estimate":496.7017269795154,"standard_error":4.250206805407232},"StdDev":{"confidence_interval":{"confidence_level":0.95,"lower_bound":7.7755689425811445,"upper_bound":18.162777271171663},"point_estimate":13.916633860828377,"standard_error":2.633927999398366}}