{"Mean":{"confidence_interval":{"confidence_level":0.95,"lower_bound":-0.007535893692193148,"upper_bound":0.007173477186748576},"point_estimate":-0.00003130136980589171,"standard_error":0.0037259778003749435},"Median":{"confidence_interval":{"confidence_level":0.95,"lower_bound":-0.006324481017462746,"upper_bound":0.010159897557336928},"point_estimate":0.00043920040434985985,"standard_error":0.004142322924580265}}