{"Mean":{"confidence_interval":{"confidence_level":0.95,"lower_bound":2119054.360666335,"upper_bound":2253384.5323418253},"point_estimate":2169429.923044095,"standard_error":37632.129648857335},"Median":{"confidence_interval":{"confidence_level":0.95,"lower_bound":2120181.42,"upper_bound":2153068.8857142855},"point_estimate":2136715.622377622,"standard_error":9169.041435185973},"MedianAbsDev":{"confidence_interval":{"confidence_level":0.95,"lower_bound":25160.345480814667,"upper_bound":75471.09130353942},"point_estimate":46851.42432022086,"standard_error":13345.408670031793},"Slope":{"confidence_interval":{"confidence_level":0.95,"lower_bound":2124469.1458389936,"upper_bound":2157791.601394525},"point_estimate":2143474.727972028,"standard_error":8504.592548087763},"StdDev":{"confidence_interval":{"confidence_level":0.95,"lower_bound":39805.00447726357,"upper_bound":358070.991631602},"point_estimate":216155.35263186877,"standard_error":109010.04744692658}}