{"Mean":{"confidence_interval":{"confidence_level":0.95,"lower_bound":2104284.1554321493,"upper_bound":2141290.0289512496},"point_estimate":2122594.328467316,"standard_error":9429.3596097854},"Median":{"confidence_interval":{"confidence_level":0.95,"lower_bound":2089204.0444444444,"upper_bound":2154109.466666667},"point_estimate":2127646.0999999996,"standard_error":14623.58485684175},"MedianAbsDev":{"confidence_interval":{"confidence_level":0.95,"lower_bound":32671.505822464802,"upper_bound":77800.1039250413},"point_estimate":61240.07477360415,"standard_error":11463.160857621368},"Slope":{"confidence_interval":{"confidence_level":0.95,"lower_bound":2119587.4865524033,"upper_bound":2153552.8080607145},"point_estimate":2139307.0114685316,"standard_error":8678.768227819548},"StdDev":{"confidence_interval":{"confidence_level":0.95,"lower_bound":41444.703851578204,"upper_bound":65302.69283390373},"point_estimate":54202.63717008435,"standard_error":6129.412018595776}}