{"Mean":{"confidence_interval":{"confidence_level":0.95,"lower_bound":321.85022509567074,"upper_bound":331.9062657021705},"point_estimate":325.8849448294173,"standard_error":2.669265515773271},"Median":{"confidence_interval":{"confidence_level":0.95,"lower_bound":319.5055422356579,"upper_bound":324.7663226658327},"point_estimate":321.7262008177259,"standard_error":1.7338297220089784},"MedianAbsDev":{"confidence_interval":{"confidence_level":0.95,"lower_bound":2.487094779691953,"upper_bound":8.974286423475629},"point_estimate":4.843649791285999,"standard_error":1.659635432018224},"Slope":{"confidence_interval":{"confidence_level":0.95,"lower_bound":322.55222929928556,"upper_bound":328.40484808735806},"point_estimate":325.4356979411707,"standard_error":1.501752731704546},"StdDev":{"confidence_interval":{"confidence_level":0.95,"lower_bound":4.48222730723706,"upper_bound":24.680148297639416},"point_estimate":15.40816163141849,"standard_error":6.525623499454953}}