{"Mean":{"confidence_interval":{"confidence_level":0.95,"lower_bound":1674.8226169401523,"upper_bound":1717.20188291547},"point_estimate":1691.077914938887,"standard_error":11.6101486037383},"Median":{"confidence_interval":{"confidence_level":0.95,"lower_bound":1677.6604263463355,"upper_bound":1686.0291405385467},"point_estimate":1679.8312211273296,"standard_error":2.3279330866138963},"MedianAbsDev":{"confidence_interval":{"confidence_level":0.95,"lower_bound":3.643106008690967,"upper_bound":17.543254219892177},"point_estimate":10.509476608295612,"standard_error":3.540619507807112},"Slope":{"confidence_interval":{"confidence_level":0.95,"lower_bound":1673.672032333857,"upper_bound":1680.365249585287},"point_estimate":1677.1256477753159,"standard_error":1.6970180613152435},"StdDev":{"confidence_interval":{"confidence_level":0.95,"lower_bound":12.329646730696705,"upper_bound":110.62161206720282},"point_estimate":66.84591743624811,"standard_error":32.43854677310588}}