{"Mean":{"confidence_interval":{"confidence_level":0.95,"lower_bound":446.2780425480812,"upper_bound":448.5636215469405},"point_estimate":447.30482052265813,"standard_error":0.5868139933644324},"Median":{"confidence_interval":{"confidence_level":0.95,"lower_bound":445.9358595164974,"upper_bound":447.1772832506497},"point_estimate":446.41013505000393,"standard_error":0.3249728555470306},"MedianAbsDev":{"confidence_interval":{"confidence_level":0.95,"lower_bound":0.9196037611365827,"upper_bound":2.6454600083136293},"point_estimate":1.8688729757192315,"standard_error":0.4557651431985683},"Slope":{"confidence_interval":{"confidence_level":0.95,"lower_bound":445.97280006648083,"upper_bound":447.1632993860747},"point_estimate":446.55203161886544,"standard_error":0.30474362761123175},"StdDev":{"confidence_interval":{"confidence_level":0.95,"lower_bound":1.536759837446612,"upper_bound":4.71802604307556},"point_estimate":3.3853272767801164,"standard_error":0.8270380875279257}}