{"Mean":{"confidence_interval":{"confidence_level":0.95,"lower_bound":191.4022610681496,"upper_bound":195.64016313452902},"point_estimate":193.1141370174576,"standard_error":1.1101096627195253},"Median":{"confidence_interval":{"confidence_level":0.95,"lower_bound":190.8774764774289,"upper_bound":192.01612221165027},"point_estimate":191.35786628003564,"standard_error":0.35144021510280316},"MedianAbsDev":{"confidence_interval":{"confidence_level":0.95,"lower_bound":0.7575226948265485,"upper_bound":2.0924545468248836},"point_estimate":1.1851803207208913,"standard_error":0.35482068457734806},"Slope":{"confidence_interval":{"confidence_level":0.95,"lower_bound":190.84441658437487,"upper_bound":191.8956496809203},"point_estimate":191.42018533058018,"standard_error":0.2685171473821836},"StdDev":{"confidence_interval":{"confidence_level":0.95,"lower_bound":1.5627095512131322,"upper_bound":10.044960761415487},"point_estimate":6.369705924508371,"standard_error":2.537600863343848}}