{"Mean":{"confidence_interval":{"confidence_level":0.95,"lower_bound":11.07755218165301,"upper_bound":11.108278359146702},"point_estimate":11.090832224933248,"standard_error":0.007946333181911562},"Median":{"confidence_interval":{"confidence_level":0.95,"lower_bound":11.074852063038227,"upper_bound":11.095108653630414},"point_estimate":11.083008895357484,"standard_error":0.006173431318857617},"MedianAbsDev":{"confidence_interval":{"confidence_level":0.95,"lower_bound":0.012963736405441273,"upper_bound":0.031313339501813885},"point_estimate":0.021583199458157648,"standard_error":0.0044811187151322564},"Slope":{"confidence_interval":{"confidence_level":0.95,"lower_bound":11.076426943435747,"upper_bound":11.091195473244445},"point_estimate":11.083884925690544,"standard_error":0.003774190556767173},"StdDev":{"confidence_interval":{"confidence_level":0.95,"lower_bound":0.01892714880563061,"upper_bound":0.06955570830330644},"point_estimate":0.04548782011537844,"standard_error":0.015051646740775618}}