{"Mean":{"confidence_interval":{"confidence_level":0.95,"lower_bound":118783.97322732875,"upper_bound":127607.65839146698},"point_estimate":122208.35802496586,"standard_error":2352.9229102379268},"Median":{"confidence_interval":{"confidence_level":0.95,"lower_bound":118621.18831168831,"upper_bound":119353.24375624376},"point_estimate":118868.5060966811,"standard_error":213.52250016194648},"MedianAbsDev":{"confidence_interval":{"confidence_level":0.95,"lower_bound":495.60263265518864,"upper_bound":1838.4847561700017},"point_estimate":952.8041161625009,"standard_error":358.27383153722025},"Slope":{"confidence_interval":{"confidence_level":0.95,"lower_bound":118108.52665731077,"upper_bound":119157.35329731666},"point_estimate":118627.47228339843,"standard_error":268.06961782840193},"StdDev":{"confidence_interval":{"confidence_level":0.95,"lower_bound":1025.6456948461582,"upper_bound":21452.757943740085},"point_estimate":13504.964187524512,"standard_error":5858.008192938264}}