{"Mean":{"confidence_interval":{"confidence_level":0.95,"lower_bound":1518.6533722879021,"upper_bound":1587.1743988690562},"point_estimate":1550.004476895927,"standard_error":17.558159995863257},"Median":{"confidence_interval":{"confidence_level":0.95,"lower_bound":1487.0754910133228,"upper_bound":1556.5267686960422},"point_estimate":1527.0083416456923,"standard_error":21.828367694523646},"MedianAbsDev":{"confidence_interval":{"confidence_level":0.95,"lower_bound":27.805259044632916,"upper_bound":102.61885746838082},"point_estimate":72.02785931067238,"standard_error":19.941285612840414},"Slope":{"confidence_interval":{"confidence_level":0.95,"lower_bound":1507.254927169335,"upper_bound":1587.8378879876984},"point_estimate":1545.7794010311923,"standard_error":20.578659165367224},"StdDev":{"confidence_interval":{"confidence_level":0.95,"lower_bound":56.288285021549726,"upper_bound":140.4236974400133},"point_estimate":100.83083528411343,"standard_error":23.060233592648952}}