{"Mean":{"confidence_interval":{"confidence_level":0.95,"lower_bound":703.1578344420636,"upper_bound":714.3274210037433},"point_estimate":707.8730286605169,"standard_error":2.9064695422130686},"Median":{"confidence_interval":{"confidence_level":0.95,"lower_bound":701.5159349972786,"upper_bound":710.4605086761009},"point_estimate":706.4691002631871,"standard_error":2.221027916070043},"MedianAbsDev":{"confidence_interval":{"confidence_level":0.95,"lower_bound":6.049908449187303,"upper_bound":13.088048295566084},"point_estimate":9.976473379264922,"standard_error":1.7485560228785686},"Slope":{"confidence_interval":{"confidence_level":0.95,"lower_bound":703.1701135359984,"upper_bound":709.1881744214103},"point_estimate":706.3479639344405,"standard_error":1.5372198103701238},"StdDev":{"confidence_interval":{"confidence_level":0.95,"lower_bound":6.784064504328168,"upper_bound":26.33089617514902},"point_estimate":16.753377426705672,"standard_error":6.206015706585166}}