{"Mean":{"confidence_interval":{"confidence_level":0.95,"lower_bound":-0.035402495309771825,"upper_bound":-0.025428842510801554},"point_estimate":-0.03058428617284359,"standard_error":0.0025535351294819317},"Median":{"confidence_interval":{"confidence_level":0.95,"lower_bound":-0.03398575824552863,"upper_bound":-0.024152910892481616},"point_estimate":-0.03002574464294394,"standard_error":0.0022944221387129716}}