{"Mean":{"confidence_interval":{"confidence_level":0.95,"lower_bound":638875.3608459948,"upper_bound":687091.9250979287},"point_estimate":657110.7240105795,"standard_error":12939.253096329154},"Median":{"confidence_interval":{"confidence_level":0.95,"lower_bound":637498.7816363636,"upper_bound":642407.6516304348},"point_estimate":640602.2126984127,"standard_error":1406.2165173011113},"MedianAbsDev":{"confidence_interval":{"confidence_level":0.95,"lower_bound":3503.7272888064176,"upper_bound":11593.842597932136},"point_estimate":7225.135644040064,"standard_error":1951.3652723493399},"Slope":{"confidence_interval":{"confidence_level":0.95,"lower_bound":635061.456615605,"upper_bound":639985.259690739},"point_estimate":637435.4738053613,"standard_error":1255.2787170214406},"StdDev":{"confidence_interval":{"confidence_level":0.95,"lower_bound":6102.404701470071,"upper_bound":119835.98938079494},"point_estimate":74254.1226983371,"standard_error":34281.99519317152}}