{"Mean":{"confidence_interval":{"confidence_level":0.95,"lower_bound":18059.456413688335,"upper_bound":18304.860195236124},"point_estimate":18172.030565665136,"standard_error":62.86758527509052},"Median":{"confidence_interval":{"confidence_level":0.95,"lower_bound":18002.68771331058,"upper_bound":18251.014952055906},"point_estimate":18118.429495239805,"standard_error":68.52950220334061},"MedianAbsDev":{"confidence_interval":{"confidence_level":0.95,"lower_bound":163.9454097353336,"upper_bound":393.1885008693374},"point_estimate":295.4270540856258,"standard_error":58.7681000087347},"Slope":{"confidence_interval":{"confidence_level":0.95,"lower_bound":18041.307957875808,"upper_bound":18204.7048377661},"point_estimate":18120.311372533448,"standard_error":41.60043813277529},"StdDev":{"confidence_interval":{"confidence_level":0.95,"lower_bound":202.40263425004068,"upper_bound":495.4537401143987},"point_estimate":349.4157349011062,"standard_error":83.23485610854657}}