{"Mean":{"confidence_interval":{"confidence_level":0.95,"lower_bound":2154790.374453026,"upper_bound":2272253.804610483},"point_estimate":2212909.6528873174,"standard_error":30027.117784706417},"Median":{"confidence_interval":{"confidence_level":0.95,"lower_bound":2100068.5,"upper_bound":2284372.1153846155},"point_estimate":2186586.458333333,"standard_error":56519.364379612474},"MedianAbsDev":{"confidence_interval":{"confidence_level":0.95,"lower_bound":88345.35255655646,"upper_bound":249650.65464631084},"point_estimate":158037.26794858743,"standard_error":40373.99269204909},"Slope":{"confidence_interval":{"confidence_level":0.95,"lower_bound":2088905.1590756057,"upper_bound":2188604.648276201},"point_estimate":2131206.3907985194,"standard_error":25314.63058388723},"StdDev":{"confidence_interval":{"confidence_level":0.95,"lower_bound":127881.90981105393,"upper_bound":198365.0338434257},"point_estimate":167646.33154433264,"standard_error":17992.043065502596}}