{"Mean":{"confidence_interval":{"confidence_level":0.95,"lower_bound":74.43857357494994,"upper_bound":75.80218741844345},"point_estimate":75.06498164109898,"standard_error":0.3492774044174013},"Median":{"confidence_interval":{"confidence_level":0.95,"lower_bound":73.96246537269629,"upper_bound":75.0558024975194},"point_estimate":74.3592599005948,"standard_error":0.2544573284334545},"MedianAbsDev":{"confidence_interval":{"confidence_level":0.95,"lower_bound":0.4461497669704857,"upper_bound":1.6035946788670121},"point_estimate":0.98869761920268,"standard_error":0.2815559973363413},"Slope":{"confidence_interval":{"confidence_level":0.95,"lower_bound":74.01243985847177,"upper_bound":75.05430305379488},"point_estimate":74.47127423949374,"standard_error":0.2671906444001261},"StdDev":{"confidence_interval":{"confidence_level":0.95,"lower_bound":1.09225010103324,"upper_bound":2.6339513737747784},"point_estimate":2.0094486611535203,"standard_error":0.39382633282877194}}