{"Mean":{"confidence_interval":{"confidence_level":0.95,"lower_bound":82183.5871190665,"upper_bound":87376.75170390615},"point_estimate":84510.87438460175,"standard_error":1302.161847160666},"Median":{"confidence_interval":{"confidence_level":0.95,"lower_bound":82063.81069158403,"upper_bound":82357.17961603614},"point_estimate":82156.73416149069,"standard_error":69.56187026591195},"MedianAbsDev":{"confidence_interval":{"confidence_level":0.95,"lower_bound":205.19067215477972,"upper_bound":739.9649778373245},"point_estimate":361.7131011048879,"standard_error":147.10970676495063},"Slope":{"confidence_interval":{"confidence_level":0.95,"lower_bound":82004.84760291576,"upper_bound":82236.00096246085},"point_estimate":82118.2500729705,"standard_error":58.54941603697377},"StdDev":{"confidence_interval":{"confidence_level":0.95,"lower_bound":593.8405262800562,"upper_bound":10461.954085688787},"point_estimate":7476.194587035133,"standard_error":2192.6374631298663}}