{"Mean":{"confidence_interval":{"confidence_level":0.95,"lower_bound":0.5416607807273899,"upper_bound":1.6192732018683644},"point_estimate":0.9762512234166729,"standard_error":0.2883111974724482},"Median":{"confidence_interval":{"confidence_level":0.95,"lower_bound":0.3343733725843119,"upper_bound":0.6105219456343076},"point_estimate":0.43780920743781504,"standard_error":0.07557736772098256}}