{"Mean":{"confidence_interval":{"confidence_level":0.95,"lower_bound":3025.6492238604205,"upper_bound":3215.452165902951},"point_estimate":3121.5987266689526,"standard_error":48.36607860841527},"Median":{"confidence_interval":{"confidence_level":0.95,"lower_bound":3077.9280939742457,"upper_bound":3216.6314427078214},"point_estimate":3155.8183426717783,"standard_error":39.77527107602762},"MedianAbsDev":{"confidence_interval":{"confidence_level":0.95,"lower_bound":93.32257329650086,"upper_bound":435.53724263629107},"point_estimate":303.84936300157585,"standard_error":94.60294831817892},"Slope":{"confidence_interval":{"confidence_level":0.95,"lower_bound":2947.4274626215247,"upper_bound":3234.739822297534},"point_estimate":3097.591290972885,"standard_error":73.74897736584775},"StdDev":{"confidence_interval":{"confidence_level":0.95,"lower_bound":207.80267108167052,"upper_bound":317.4399711495356},"point_estimate":270.0915422769085,"standard_error":27.942269450602954}}