{"Mean":{"confidence_interval":{"confidence_level":0.95,"lower_bound":155717.9295767022,"upper_bound":157848.16144207632},"point_estimate":156655.38643973,"standard_error":548.170023551898},"Median":{"confidence_interval":{"confidence_level":0.95,"lower_bound":155107.17761752137,"upper_bound":155918.93095238096},"point_estimate":155451.71867340687,"standard_error":196.39712913779866},"MedianAbsDev":{"confidence_interval":{"confidence_level":0.95,"lower_bound":377.43602896093836,"upper_bound":1391.279774770992},"point_estimate":758.0267779853418,"standard_error":272.8976952767573},"Slope":{"confidence_interval":{"confidence_level":0.95,"lower_bound":155279.54083369314,"upper_bound":155922.35225790084},"point_estimate":155577.85354166667,"standard_error":165.10845248914262},"StdDev":{"confidence_interval":{"confidence_level":0.95,"lower_bound":1306.576240583141,"upper_bound":4539.864134203189},"point_estimate":3154.0073323212673,"standard_error":850.5524911200556}}