{"Mean":{"confidence_interval":{"confidence_level":0.95,"lower_bound":156355.5095665026,"upper_bound":158730.66359544717},"point_estimate":157374.42576972742,"standard_error":618.5443553556692},"Median":{"confidence_interval":{"confidence_level":0.95,"lower_bound":155726.85462962964,"upper_bound":156774.40370772948},"point_estimate":156088.6935483871,"standard_error":278.84034795997553},"MedianAbsDev":{"confidence_interval":{"confidence_level":0.95,"lower_bound":232.17603837805052,"upper_bound":1583.7480095181274},"point_estimate":720.1615188032812,"standard_error":342.0811228781973},"Slope":{"confidence_interval":{"confidence_level":0.95,"lower_bound":156072.92086297882,"upper_bound":156728.07974986522},"point_estimate":156390.43054341493,"standard_error":166.86747309405678},"StdDev":{"confidence_interval":{"confidence_level":0.95,"lower_bound":1158.6350680069393,"upper_bound":5341.812490830068},"point_estimate":3550.5982415347034,"standard_error":1145.0643063588614}}