{"Mean":{"confidence_interval":{"confidence_level":0.95,"lower_bound":708.6810336255362,"upper_bound":722.2841374695461},"point_estimate":713.9061414575966,"standard_error":3.7251378098010703},"Median":{"confidence_interval":{"confidence_level":0.95,"lower_bound":707.750704108823,"upper_bound":712.9217605495721},"point_estimate":710.4780619319057,"standard_error":1.0874242931314393},"MedianAbsDev":{"confidence_interval":{"confidence_level":0.95,"lower_bound":3.61254264686769,"upper_bound":9.980704682844992},"point_estimate":5.935343615966562,"standard_error":1.6491214458554517},"Slope":{"confidence_interval":{"confidence_level":0.95,"lower_bound":707.3300295867466,"upper_bound":713.5986820205792},"point_estimate":710.3723046461319,"standard_error":1.6060105028193559},"StdDev":{"confidence_interval":{"confidence_level":0.95,"lower_bound":5.148076959720407,"upper_bound":35.183920544926096},"point_estimate":21.36857040614437,"standard_error":10.182572552750116}}