{"Mean":{"confidence_interval":{"confidence_level":0.95,"lower_bound":3117.5964696338524,"upper_bound":3169.737380647845},"point_estimate":3140.952495914974,"standard_error":13.380300211305622},"Median":{"confidence_interval":{"confidence_level":0.95,"lower_bound":3110.4652574713896,"upper_bound":3135.922958053953},"point_estimate":3125.509915189632,"standard_error":5.492368618388805},"MedianAbsDev":{"confidence_interval":{"confidence_level":0.95,"lower_bound":14.008108461887215,"upper_bound":55.92486372601808},"point_estimate":32.78608332558447,"standard_error":10.816806121235745},"Slope":{"confidence_interval":{"confidence_level":0.95,"lower_bound":3097.8249658331706,"upper_bound":3116.1776798836017},"point_estimate":3106.620395710636,"standard_error":4.6945043279425365},"StdDev":{"confidence_interval":{"confidence_level":0.95,"lower_bound":33.73595220854303,"upper_bound":109.51244538775342},"point_estimate":76.98446118932439,"standard_error":19.88555433873176}}