{"Mean":{"confidence_interval":{"confidence_level":0.95,"lower_bound":303.6037503237046,"upper_bound":308.7714678316668},"point_estimate":305.7531954773706,"standard_error":1.3450020749051528},"Median":{"confidence_interval":{"confidence_level":0.95,"lower_bound":303.0664017227369,"upper_bound":304.71999108424853},"point_estimate":303.4238734847627,"standard_error":0.4426874252621342},"MedianAbsDev":{"confidence_interval":{"confidence_level":0.95,"lower_bound":0.8054236302979089,"upper_bound":2.9279033682439293},"point_estimate":1.448580401842605,"standard_error":0.5313127685143442},"Slope":{"confidence_interval":{"confidence_level":0.95,"lower_bound":302.7217574770526,"upper_bound":304.12378541499976},"point_estimate":303.4265478561387,"standard_error":0.3532542491846727},"StdDev":{"confidence_interval":{"confidence_level":0.95,"lower_bound":2.2369658275953572,"upper_bound":11.994555110836291},"point_estimate":7.714421826726008,"standard_error":2.8534585326869593}}