{"Mean":{"confidence_interval":{"confidence_level":0.95,"lower_bound":24494.0547089419,"upper_bound":25370.9982058842},"point_estimate":24870.539808175585,"standard_error":227.89982713489076},"Median":{"confidence_interval":{"confidence_level":0.95,"lower_bound":24578.303303303303,"upper_bound":24754.33174933175},"point_estimate":24681.820638820638,"standard_error":47.572001467199776},"MedianAbsDev":{"confidence_interval":{"confidence_level":0.95,"lower_bound":134.2802368902887,"upper_bound":616.5765025670925},"point_estimate":274.10893641970813,"standard_error":134.6098648965551},"Slope":{"confidence_interval":{"confidence_level":0.95,"lower_bound":24098.141933711733,"upper_bound":24534.530150783965},"point_estimate":24299.278208278207,"standard_error":111.88714079443828},"StdDev":{"confidence_interval":{"confidence_level":0.95,"lower_bound":359.2062637196609,"upper_bound":1930.5543228394718},"point_estimate":1307.010959510004,"standard_error":421.258649787103}}