{"Mean":{"confidence_interval":{"confidence_level":0.95,"lower_bound":72049179.26414077,"upper_bound":88304322.0599319},"point_estimate":79958359.39326751,"standard_error":4147278.204939975},"Median":{"confidence_interval":{"confidence_level":0.95,"lower_bound":61787571.52272727,"upper_bound":96403430.34926471},"point_estimate":67016085.375,"standard_error":8873081.083437132},"MedianAbsDev":{"confidence_interval":{"confidence_level":0.95,"lower_bound":6934456.139948796,"upper_bound":38716181.874753706},"point_estimate":15043838.412764775,"standard_error":8610602.281748405},"Slope":{"confidence_interval":{"confidence_level":0.95,"lower_bound":64888443.7873137,"upper_bound":83254941.612226},"point_estimate":72713962.60227273,"standard_error":4707717.234929431},"StdDev":{"confidence_interval":{"confidence_level":0.95,"lower_bound":19160909.172651395,"upper_bound":27028265.92788428},"point_estimate":23929853.864248786,"standard_error":2006513.1859276432}}