{"Mean":{"confidence_interval":{"confidence_level":0.95,"lower_bound":1948615.130111509,"upper_bound":2015090.9170871812},"point_estimate":1979437.5704114367,"standard_error":17049.651588795004},"Median":{"confidence_interval":{"confidence_level":0.95,"lower_bound":1924035.054187192,"upper_bound":1968712.2397142858},"point_estimate":1945915.880392157,"standard_error":11178.142665684925},"MedianAbsDev":{"confidence_interval":{"confidence_level":0.95,"lower_bound":30111.523098746668,"upper_bound":92059.9017731099},"point_estimate":58842.3325465514,"standard_error":17054.232306498583},"Slope":{"confidence_interval":{"confidence_level":0.95,"lower_bound":1944403.5174176365,"upper_bound":2032841.2956078406},"point_estimate":1982767.4126573426,"standard_error":22577.578456753297},"StdDev":{"confidence_interval":{"confidence_level":0.95,"lower_bound":56198.45571294644,"upper_bound":127231.43944440516},"point_estimate":98233.59991159763,"standard_error":17949.39989102092}}