{"Mean":{"confidence_interval":{"confidence_level":0.95,"lower_bound":1844.0028617938524,"upper_bound":1893.2904165791533},"point_estimate":1864.4970502676003,"standard_error":13.01125271345827},"Median":{"confidence_interval":{"confidence_level":0.95,"lower_bound":1839.917992539844,"upper_bound":1851.6516748087452},"point_estimate":1844.4116210053671,"standard_error":3.2149874895699466},"MedianAbsDev":{"confidence_interval":{"confidence_level":0.95,"lower_bound":5.571702533112031,"upper_bound":16.991383330496806},"point_estimate":11.351916003956706,"standard_error":2.7634323531375453},"Slope":{"confidence_interval":{"confidence_level":0.95,"lower_bound":1842.703598580406,"upper_bound":1851.3332415712216},"point_estimate":1846.7479661056136,"standard_error":2.200409204869225},"StdDev":{"confidence_interval":{"confidence_level":0.95,"lower_bound":9.012606905326427,"upper_bound":111.7949215824962},"point_estimate":74.8016070215228,"standard_error":27.996600867907603}}