{"Mean":{"confidence_interval":{"confidence_level":0.95,"lower_bound":420.4088365593214,"upper_bound":430.62536081050143},"point_estimate":424.4532676219157,"standard_error":2.7123488938886755},"Median":{"confidence_interval":{"confidence_level":0.95,"lower_bound":419.17332461181456,"upper_bound":422.8291145382207},"point_estimate":420.4794084577293,"standard_error":1.000106755846135},"MedianAbsDev":{"confidence_interval":{"confidence_level":0.95,"lower_bound":2.5568021162983605,"upper_bound":5.792981111146293},"point_estimate":4.3915830306040196,"standard_error":0.8278874159879108},"Slope":{"confidence_interval":{"confidence_level":0.95,"lower_bound":420.71343693639216,"upper_bound":423.067727829635},"point_estimate":421.8706379472978,"standard_error":0.6005107473303183},"StdDev":{"confidence_interval":{"confidence_level":0.95,"lower_bound":3.481413275844089,"upper_bound":24.89261573285498},"point_estimate":15.547923717652642,"standard_error":6.663488976438813}}