{"Mean":{"confidence_interval":{"confidence_level":0.95,"lower_bound":-0.08637858222870286,"upper_bound":-0.03741172643359442},"point_estimate":-0.06659121436353688,"standard_error":0.012787050457487233},"Median":{"confidence_interval":{"confidence_level":0.95,"lower_bound":-0.08405175518495855,"upper_bound":-0.06692118978783113},"point_estimate":-0.07511058911573276,"standard_error":0.004536052724233289}}