{"Mean":{"confidence_interval":{"confidence_level":0.95,"lower_bound":-0.12340595572373891,"upper_bound":-0.07842499876567553},"point_estimate":-0.10125562350956785,"standard_error":0.011470562328221452},"Median":{"confidence_interval":{"confidence_level":0.95,"lower_bound":-0.11911467199741599,"upper_bound":-0.08890420014307765},"point_estimate":-0.11002635405537486,"standard_error":0.0074805141002207585}}