{"Mean":{"confidence_interval":{"confidence_level":0.95,"lower_bound":3914.390464715248,"upper_bound":4001.814535925743},"point_estimate":3955.390090673986,"standard_error":22.394266156708213},"Median":{"confidence_interval":{"confidence_level":0.95,"lower_bound":3863.9643785815347,"upper_bound":3963.4344138710894},"point_estimate":3913.673124140225,"standard_error":29.68030640771473},"MedianAbsDev":{"confidence_interval":{"confidence_level":0.95,"lower_bound":31.336390431223766,"upper_bound":161.59919931436127},"point_estimate":93.62013884217062,"standard_error":34.40733073260107},"Slope":{"confidence_interval":{"confidence_level":0.95,"lower_bound":3863.2956153097643,"upper_bound":3952.6039795107645},"point_estimate":3898.4275357722754,"standard_error":23.1569469869004},"StdDev":{"confidence_interval":{"confidence_level":0.95,"lower_bound":84.71083054621366,"upper_bound":163.22101052067936},"point_estimate":128.27407938450915,"standard_error":20.29187739629448}}