{"Mean":{"confidence_interval":{"confidence_level":0.95,"lower_bound":304.6295036486369,"upper_bound":313.0703160041891},"point_estimate":307.6339139553608,"standard_error":2.5156259414368365},"Median":{"confidence_interval":{"confidence_level":0.95,"lower_bound":304.4863931206653,"upper_bound":305.50359794551986},"point_estimate":304.9725002469298,"standard_error":0.3110101273630878},"MedianAbsDev":{"confidence_interval":{"confidence_level":0.95,"lower_bound":0.6710882845991193,"upper_bound":1.9871145960254766},"point_estimate":0.9562097836691933,"standard_error":0.33514562779645163},"Slope":{"confidence_interval":{"confidence_level":0.95,"lower_bound":304.1623246661851,"upper_bound":305.25131860775724},"point_estimate":304.7081179623557,"standard_error":0.2769584344634913},"StdDev":{"confidence_interval":{"confidence_level":0.95,"lower_bound":1.1299072034591593,"upper_bound":24.158418245163976},"point_estimate":14.451976174206793,"standard_error":8.031016862850711}}