{"Mean":{"confidence_interval":{"confidence_level":0.95,"lower_bound":918.0785946094916,"upper_bound":947.2924726595188},"point_estimate":931.2695662799763,"standard_error":7.484753570139888},"Median":{"confidence_interval":{"confidence_level":0.95,"lower_bound":907.3738341871428,"upper_bound":929.8342364681093},"point_estimate":915.4475830924005,"standard_error":5.325528314940031},"MedianAbsDev":{"confidence_interval":{"confidence_level":0.95,"lower_bound":8.37857731656973,"upper_bound":34.62075886963664},"point_estimate":19.326267438215986,"standard_error":7.21361949110457},"Slope":{"confidence_interval":{"confidence_level":0.95,"lower_bound":905.2073121228573,"upper_bound":913.4828051673331},"point_estimate":908.9709051340856,"standard_error":2.112512450254982},"StdDev":{"confidence_interval":{"confidence_level":0.95,"lower_bound":22.629689386517,"upper_bound":59.5191866449063},"point_estimate":43.04840699970557,"standard_error":9.710166918038768}}