{"Mean":{"confidence_interval":{"confidence_level":0.95,"lower_bound":1472834.9576264522,"upper_bound":1558009.1945862663},"point_estimate":1505887.9590207988,"standard_error":22888.036393018476},"Median":{"confidence_interval":{"confidence_level":0.95,"lower_bound":1465217.6904761905,"upper_bound":1478529.8670177748},"point_estimate":1470879.1864224137,"standard_error":3719.03471715672},"MedianAbsDev":{"confidence_interval":{"confidence_level":0.95,"lower_bound":6474.1966728319,"upper_bound":24407.098209187458},"point_estimate":12802.661422979118,"standard_error":4415.01832042051},"Slope":{"confidence_interval":{"confidence_level":0.95,"lower_bound":1465584.7686793406,"upper_bound":1473728.630634532},"point_estimate":1469674.691421079,"standard_error":2080.4037239969234},"StdDev":{"confidence_interval":{"confidence_level":0.95,"lower_bound":15363.734611031368,"upper_bound":211273.89836463385},"point_estimate":131135.13307727416,"standard_error":59177.39398973493}}