{"Mean":{"confidence_interval":{"confidence_level":0.95,"lower_bound":104332.51182529642,"upper_bound":106942.80082031486},"point_estimate":105428.98493297015,"standard_error":677.0571827943448},"Median":{"confidence_interval":{"confidence_level":0.95,"lower_bound":103608.10470779221,"upper_bound":105297.96031336088},"point_estimate":104474.88899470557,"standard_error":484.28223504871676},"MedianAbsDev":{"confidence_interval":{"confidence_level":0.95,"lower_bound":952.8941499861568,"upper_bound":2703.297898841799},"point_estimate":1742.762262496627,"standard_error":444.3784604790713},"Slope":{"confidence_interval":{"confidence_level":0.95,"lower_bound":104265.71828895013,"upper_bound":106053.64347339261},"point_estimate":105136.91159607438,"standard_error":456.98585988701115},"StdDev":{"confidence_interval":{"confidence_level":0.95,"lower_bound":1467.2406636416872,"upper_bound":6012.953174226729},"point_estimate":3900.2911779357196,"standard_error":1394.1270608410903}}