{"Mean":{"confidence_interval":{"confidence_level":0.95,"lower_bound":10614304.054882329,"upper_bound":11171702.934557728},"point_estimate":10826265.423941776,"standard_error":150706.26249320942},"Median":{"confidence_interval":{"confidence_level":0.95,"lower_bound":10577164.25,"upper_bound":10681389.45},"point_estimate":10640880.643356644,"standard_error":30957.63801574416},"MedianAbsDev":{"confidence_interval":{"confidence_level":0.95,"lower_bound":65273.83325560279,"upper_bound":152750.9192250529},"point_estimate":107806.48122661174,"standard_error":22495.760386416856},"Slope":{"confidence_interval":{"confidence_level":0.95,"lower_bound":10570713.078211475,"upper_bound":10671819.18449755},"point_estimate":10614554.19431818,"standard_error":25809.397546779102},"StdDev":{"confidence_interval":{"confidence_level":0.95,"lower_bound":86108.0013282237,"upper_bound":1405815.8481253374},"point_estimate":865847.4288982252,"standard_error":406662.74786899047}}