{"Mean":{"confidence_interval":{"confidence_level":0.95,"lower_bound":2062899.2997978253,"upper_bound":2105950.4096708037},"point_estimate":2083364.0356499138,"standard_error":10984.597457639811},"Median":{"confidence_interval":{"confidence_level":0.95,"lower_bound":2056604.9308823529,"upper_bound":2103803.133766234},"point_estimate":2081518.0541666667,"standard_error":9720.265439465524},"MedianAbsDev":{"confidence_interval":{"confidence_level":0.95,"lower_bound":30558.56453289494,"upper_bound":76489.29443954366},"point_estimate":62298.92248029661,"standard_error":12366.407994781917},"Slope":{"confidence_interval":{"confidence_level":0.95,"lower_bound":2072623.6490086906,"upper_bound":2108113.5994431973},"point_estimate":2093007.2388986014,"standard_error":9061.441043650537},"StdDev":{"confidence_interval":{"confidence_level":0.95,"lower_bound":40027.34217446586,"upper_bound":86393.76306464574},"point_estimate":63204.61668672231,"standard_error":12723.077165415794}}