{"Mean":{"confidence_interval":{"confidence_level":0.95,"lower_bound":6010409.704101999,"upper_bound":6671366.889482576},"point_estimate":6349395.114883742,"standard_error":166475.39720238306},"Median":{"confidence_interval":{"confidence_level":0.95,"lower_bound":6188675.517857144,"upper_bound":6526383.633928571},"point_estimate":6449866.368055556,"standard_error":81960.88675077021},"MedianAbsDev":{"confidence_interval":{"confidence_level":0.95,"lower_bound":187760.09428824135,"upper_bound":617611.5172839535},"point_estimate":488858.8263525995,"standard_error":111778.41866461482},"Slope":{"confidence_interval":{"confidence_level":0.95,"lower_bound":6196232.533470686,"upper_bound":6435419.808885197},"point_estimate":6304904.500830419,"standard_error":61161.56745775612},"StdDev":{"confidence_interval":{"confidence_level":0.95,"lower_bound":338627.75177966926,"upper_bound":1439827.1781431783},"point_estimate":960065.2935284234,"standard_error":287347.6973759334}}