{"Mean":{"confidence_interval":{"confidence_level":0.95,"lower_bound":440.2372619832532,"upper_bound":443.2396449739237},"point_estimate":441.5083258384098,"standard_error":0.7757172774500595},"Median":{"confidence_interval":{"confidence_level":0.95,"lower_bound":439.82326027620957,"upper_bound":441.17766183394565},"point_estimate":440.58622165055584,"standard_error":0.3586125515572711},"MedianAbsDev":{"confidence_interval":{"confidence_level":0.95,"lower_bound":0.8991525156716135,"upper_bound":2.0564505050162682},"point_estimate":1.6513862030241857,"standard_error":0.3112384096360292},"Slope":{"confidence_interval":{"confidence_level":0.95,"lower_bound":440.3390619930949,"upper_bound":441.20919626932954},"point_estimate":440.8051276722158,"standard_error":0.22191434505707813},"StdDev":{"confidence_interval":{"confidence_level":0.95,"lower_bound":1.2887871513455702,"upper_bound":6.763230496202545},"point_estimate":4.449105441850129,"standard_error":1.501775728766013}}