{"Mean":{"confidence_interval":{"confidence_level":0.95,"lower_bound":0.022010856317735777,"upper_bound":0.03451500394094159},"point_estimate":0.02857073189150472,"standard_error":0.0031912013485752015},"Median":{"confidence_interval":{"confidence_level":0.95,"lower_bound":0.027939293305551782,"upper_bound":0.034972408357812235},"point_estimate":0.03240095773987872,"standard_error":0.00203360886112524}}