{"Mean":{"confidence_interval":{"confidence_level":0.95,"lower_bound":6109.955352597745,"upper_bound":6141.650310498047},"point_estimate":6122.716844640689,"standard_error":8.345889886675415},"Median":{"confidence_interval":{"confidence_level":0.95,"lower_bound":6107.758148051316,"upper_bound":6125.5493278698805},"point_estimate":6115.049218863178,"standard_error":4.280286336095795},"MedianAbsDev":{"confidence_interval":{"confidence_level":0.95,"lower_bound":12.232697162852162,"upper_bound":32.619268714221946},"point_estimate":24.512794422372043,"standard_error":5.34239249974983},"Slope":{"confidence_interval":{"confidence_level":0.95,"lower_bound":6105.125067538486,"upper_bound":6121.511347750564},"point_estimate":6112.934488429587,"standard_error":4.191214485313185},"StdDev":{"confidence_interval":{"confidence_level":0.95,"lower_bound":16.196101333855072,"upper_bound":77.07060694870938},"point_estimate":47.900401170154915,"standard_error":20.044390526254126}}