{"Mean":{"confidence_interval":{"confidence_level":0.95,"lower_bound":1843168.664774142,"upper_bound":1891965.867242375},"point_estimate":1867685.229650649,"standard_error":12408.261977477105},"Median":{"confidence_interval":{"confidence_level":0.95,"lower_bound":1851285.8695652173,"upper_bound":1888279.4642857143},"point_estimate":1873230.0,"standard_error":9972.0099230252},"MedianAbsDev":{"confidence_interval":{"confidence_level":0.95,"lower_bound":24411.818390132885,"upper_bound":66374.03769514315},"point_estimate":44479.16968402101,"standard_error":10647.16975282996},"Slope":{"confidence_interval":{"confidence_level":0.95,"lower_bound":1867878.6252947268,"upper_bound":1900303.9343111478},"point_estimate":1885232.7128503437,"standard_error":8290.988533955797},"StdDev":{"confidence_interval":{"confidence_level":0.95,"lower_bound":40038.202423287905,"upper_bound":92188.88251044838},"point_estimate":69023.93111365759,"standard_error":13253.169022060003}}