{"Mean":{"confidence_interval":{"confidence_level":0.95,"lower_bound":-0.20143901528707964,"upper_bound":-0.16461491314641225},"point_estimate":-0.18415639978049647,"standard_error":0.009373536082852267},"Median":{"confidence_interval":{"confidence_level":0.95,"lower_bound":-0.2135270456732298,"upper_bound":-0.15687513055273872},"point_estimate":-0.1796780911725051,"standard_error":0.01489896085475152}}