{"Mean":{"confidence_interval":{"confidence_level":0.95,"lower_bound":0.011767501624761612,"upper_bound":0.030607341211251013},"point_estimate":0.02115174181499735,"standard_error":0.004807336521126634},"Median":{"confidence_interval":{"confidence_level":0.95,"lower_bound":0.006531123175492759,"upper_bound":0.031841519909496796},"point_estimate":0.020355754868226716,"standard_error":0.006750611827675528}}