{"Mean":{"confidence_interval":{"confidence_level":0.95,"lower_bound":-0.15452962611469553,"upper_bound":-0.1103527474293868},"point_estimate":-0.13606260971810114,"standard_error":0.011206931895496782},"Median":{"confidence_interval":{"confidence_level":0.95,"lower_bound":-0.15208030596994504,"upper_bound":-0.14336012739736004},"point_estimate":-0.14838451690656462,"standard_error":0.0020752518894579914}}