{"Mean":{"confidence_interval":{"confidence_level":0.95,"lower_bound":2165.0452925349737,"upper_bound":2233.7041394867256},"point_estimate":2194.2292653145187,"standard_error":17.76937982522004},"Median":{"confidence_interval":{"confidence_level":0.95,"lower_bound":2150.2043977130324,"upper_bound":2194.7891652960525},"point_estimate":2163.178774888961,"standard_error":12.660679171661853},"MedianAbsDev":{"confidence_interval":{"confidence_level":0.95,"lower_bound":19.670595777882433,"upper_bound":71.49008575008553},"point_estimate":43.54098526846875,"standard_error":12.67168470935559},"Slope":{"confidence_interval":{"confidence_level":0.95,"lower_bound":2149.9256326942836,"upper_bound":2166.932374349914},"point_estimate":2158.001407761646,"standard_error":4.336672486962582},"StdDev":{"confidence_interval":{"confidence_level":0.95,"lower_bound":39.63480945503767,"upper_bound":156.04184760355915},"point_estimate":102.184678459407,"standard_error":34.540045486897355}}