{"Mean":{"confidence_interval":{"confidence_level":0.95,"lower_bound":13609.95628768471,"upper_bound":14149.54941357839},"point_estimate":13873.634769196335,"standard_error":137.37112970490432},"Median":{"confidence_interval":{"confidence_level":0.95,"lower_bound":13204.828368794326,"upper_bound":14223.210898345154},"point_estimate":13611.435612223613,"standard_error":261.8159409328495},"MedianAbsDev":{"confidence_interval":{"confidence_level":0.95,"lower_bound":131.2345191533237,"upper_bound":1253.2531869825002},"point_estimate":720.2469409312507,"standard_error":312.519123263961},"Slope":{"confidence_interval":{"confidence_level":0.95,"lower_bound":13420.381683381325,"upper_bound":14242.478822870067},"point_estimate":13802.162956157317,"standard_error":212.2814054760722},"StdDev":{"confidence_interval":{"confidence_level":0.95,"lower_bound":629.9125215943535,"upper_bound":896.0149299931863},"point_estimate":789.2825897206613,"standard_error":67.58434821988479}}