{"Mean":{"confidence_interval":{"confidence_level":0.95,"lower_bound":-0.13716861028866617,"upper_bound":-0.06150875236707234},"point_estimate":-0.09779051646053383,"standard_error":0.01943907394667339},"Median":{"confidence_interval":{"confidence_level":0.95,"lower_bound":-0.08057432874185322,"upper_bound":-0.03927448355523433},"point_estimate":-0.050813262261291015,"standard_error":0.009687234140466468}}