{"Mean":{"confidence_interval":{"confidence_level":0.95,"lower_bound":58429.87906631521,"upper_bound":60194.948799458485},"point_estimate":59124.8863853258,"standard_error":469.97112818661685},"Median":{"confidence_interval":{"confidence_level":0.95,"lower_bound":58024.8643761302,"upper_bound":59165.535996835446},"point_estimate":58333.84493670886,"standard_error":420.2053028388401},"MedianAbsDev":{"confidence_interval":{"confidence_level":0.95,"lower_bound":399.4038536686622,"upper_bound":1612.0252402248534},"point_estimate":977.1475491078589,"standard_error":339.6257424928718},"Slope":{"confidence_interval":{"confidence_level":0.95,"lower_bound":58691.61791228301,"upper_bound":59479.60362543188},"point_estimate":59105.202044790654,"standard_error":199.8419730423861},"StdDev":{"confidence_interval":{"confidence_level":0.95,"lower_bound":733.3825840561958,"upper_bound":4349.563635454633},"point_estimate":2691.5252535618915,"standard_error":1180.9742201818872}}