{"Mean":{"confidence_interval":{"confidence_level":0.95,"lower_bound":-0.05631398903305424,"upper_bound":-0.03177162497261805},"point_estimate":-0.04608294075647168,"standard_error":0.006550015787421798},"Median":{"confidence_interval":{"confidence_level":0.95,"lower_bound":-0.06057752890563595,"upper_bound":-0.042817021936854105},"point_estimate":-0.05287760897923055,"standard_error":0.0045673776014368075}}