{"Mean":{"confidence_interval":{"confidence_level":0.95,"lower_bound":7722.865749808241,"upper_bound":7822.864581846856},"point_estimate":7769.492079036427,"standard_error":25.580875186820027},"Median":{"confidence_interval":{"confidence_level":0.95,"lower_bound":7671.76724279562,"upper_bound":7846.462701053799},"point_estimate":7686.906587978369,"standard_error":47.406362316815304},"MedianAbsDev":{"confidence_interval":{"confidence_level":0.95,"lower_bound":23.81692964510808,"upper_bound":220.3052054742007},"point_estimate":53.414064918454706,"standard_error":52.20119415225626},"Slope":{"confidence_interval":{"confidence_level":0.95,"lower_bound":7667.30000419549,"upper_bound":7698.904565864566},"point_estimate":7679.8599061296445,"standard_error":8.084851292686803},"StdDev":{"confidence_interval":{"confidence_level":0.95,"lower_bound":94.03700765032082,"upper_bound":194.29079792179078},"point_estimate":146.82961548622424,"standard_error":26.743785144808996}}