{"Mean":{"confidence_interval":{"confidence_level":0.95,"lower_bound":-0.035421332111206204,"upper_bound":-0.003476857994107916},"point_estimate":-0.02022414481203838,"standard_error":0.008174961006855778},"Median":{"confidence_interval":{"confidence_level":0.95,"lower_bound":-0.0324710392509201,"upper_bound":-0.01568218861155546},"point_estimate":-0.027192336372089065,"standard_error":0.004448293785768711}}