{"Mean":{"confidence_interval":{"confidence_level":0.95,"lower_bound":692918.06083149,"upper_bound":707997.650678974},"point_estimate":699282.4144302516,"standard_error":3907.8696476157315},"Median":{"confidence_interval":{"confidence_level":0.95,"lower_bound":690501.6253132832,"upper_bound":695326.4132653062},"point_estimate":691957.7437055282,"standard_error":1167.1615298812872},"MedianAbsDev":{"confidence_interval":{"confidence_level":0.95,"lower_bound":2323.800259270633,"upper_bound":8973.496932556605},"point_estimate":4843.995014042946,"standard_error":1651.5605498760203},"Slope":{"confidence_interval":{"confidence_level":0.95,"lower_bound":691185.722783594,"upper_bound":694250.611306438},"point_estimate":692699.8066808191,"standard_error":784.6944107673903},"StdDev":{"confidence_interval":{"confidence_level":0.95,"lower_bound":5498.56687584969,"upper_bound":34219.59914034959},"point_estimate":22524.56038707737,"standard_error":7771.536935280749}}