{"Mean":{"confidence_interval":{"confidence_level":0.95,"lower_bound":686691.0384297004,"upper_bound":703237.8575770808},"point_estimate":693622.3360457111,"standard_error":4323.068883250062},"Median":{"confidence_interval":{"confidence_level":0.95,"lower_bound":684013.8846153846,"upper_bound":690768.6785714285},"point_estimate":686758.8613945579,"standard_error":1689.2282369685117},"MedianAbsDev":{"confidence_interval":{"confidence_level":0.95,"lower_bound":4324.079633450303,"upper_bound":11776.392881097961},"point_estimate":7556.631600323519,"standard_error":1964.9210523768882},"Slope":{"confidence_interval":{"confidence_level":0.95,"lower_bound":683590.3741905303,"upper_bound":686827.0681853874},"point_estimate":685083.9444180819,"standard_error":824.9625460655258},"StdDev":{"confidence_interval":{"confidence_level":0.95,"lower_bound":6275.339141822118,"upper_bound":38187.74697077504},"point_estimate":24745.222746580566,"standard_error":8931.943979736692}}