{"Mean":{"confidence_interval":{"confidence_level":0.95,"lower_bound":19.11171013057179,"upper_bound":19.59490405455344},"point_estimate":19.290312651501335,"standard_error":0.13617751811648932},"Median":{"confidence_interval":{"confidence_level":0.95,"lower_bound":19.077306003365994,"upper_bound":19.149378135380612},"point_estimate":19.103495127003143,"standard_error":0.01916110505832302},"MedianAbsDev":{"confidence_interval":{"confidence_level":0.95,"lower_bound":0.04022076051509308,"upper_bound":0.12342252265520771},"point_estimate":0.07883172765169898,"standard_error":0.021972742398552778},"Slope":{"confidence_interval":{"confidence_level":0.95,"lower_bound":19.0812635071813,"upper_bound":19.1482886936262},"point_estimate":19.113781405715763,"standard_error":0.017165745531042855},"StdDev":{"confidence_interval":{"confidence_level":0.95,"lower_bound":0.07149773885554435,"upper_bound":1.2843953790098268},"point_estimate":0.7785700243708875,"standard_error":0.39631407347112374}}