{"Mean":{"confidence_interval":{"confidence_level":0.95,"lower_bound":777398.2417582417,"upper_bound":807720.1611721611},"point_estimate":788995.4633699635,"standard_error":8227.172455019014},"Median":{"confidence_interval":{"confidence_level":0.95,"lower_bound":773870.0549450549,"upper_bound":825092.032967033},"point_estimate":782690.521978022,"standard_error":10498.314898450404},"MedianAbsDev":{"confidence_interval":{"confidence_level":0.95,"lower_bound":0.0,"upper_bound":15870.879718235545},"point_estimate":5842.380703969227,"standard_error":4711.480512296557},"Slope":{"confidence_interval":{"confidence_level":0.95,"lower_bound":778616.549211658,"upper_bound":787369.1076165214},"point_estimate":781337.1128871129,"standard_error":2397.3547167972993},"StdDev":{"confidence_interval":{"confidence_level":0.95,"lower_bound":2158.3729649995144,"upper_bound":26689.08173354581},"point_estimate":20591.299678115323,"standard_error":8812.02744128737}}