{"Mean":{"confidence_interval":{"confidence_level":0.95,"lower_bound":1269602.8210465459,"upper_bound":1302722.3322066797},"point_estimate":1284406.860732952,"standard_error":8524.98845982614},"Median":{"confidence_interval":{"confidence_level":0.95,"lower_bound":1259274.2215909092,"upper_bound":1286477.5583333333},"point_estimate":1278021.0369318184,"standard_error":7956.417392407398},"MedianAbsDev":{"confidence_interval":{"confidence_level":0.95,"lower_bound":19499.128065029123,"upper_bound":43910.653343699436},"point_estimate":35469.067617173154,"standard_error":6640.887616805186},"Slope":{"confidence_interval":{"confidence_level":0.95,"lower_bound":1260130.4316417822,"upper_bound":1276866.15325242},"point_estimate":1268501.5135380244,"standard_error":4260.234919859607},"StdDev":{"confidence_interval":{"confidence_level":0.95,"lower_bound":23033.677770143488,"upper_bound":70891.421584597},"point_estimate":49057.96774185755,"standard_error":13089.465964429504}}