{"Mean":{"confidence_interval":{"confidence_level":0.95,"lower_bound":1248737.929948193,"upper_bound":1280176.2043515057},"point_estimate":1263032.9550520803,"standard_error":8046.90330020811},"Median":{"confidence_interval":{"confidence_level":0.95,"lower_bound":1243498.9352678573,"upper_bound":1267010.02265625},"point_estimate":1253131.03517316,"standard_error":5470.341027822497},"MedianAbsDev":{"confidence_interval":{"confidence_level":0.95,"lower_bound":15065.667427843322,"upper_bound":37274.80828247077},"point_estimate":24206.19973525414,"standard_error":5680.711684196503},"Slope":{"confidence_interval":{"confidence_level":0.95,"lower_bound":1239937.9247788785,"upper_bound":1254363.639747727},"point_estimate":1247075.6671000875,"standard_error":3683.033483608421},"StdDev":{"confidence_interval":{"confidence_level":0.95,"lower_bound":21748.615640088166,"upper_bound":65378.51909005118},"point_estimate":46423.6825627251,"standard_error":11467.754785329136}}