{"Mean":{"confidence_interval":{"confidence_level":0.95,"lower_bound":254.37071965267776,"upper_bound":260.5088137823887},"point_estimate":256.80574858224315,"standard_error":1.6456622710263562},"Median":{"confidence_interval":{"confidence_level":0.95,"lower_bound":253.48940832232526,"upper_bound":256.1008792690646},"point_estimate":254.98175897641318,"standard_error":0.7197084690840196},"MedianAbsDev":{"confidence_interval":{"confidence_level":0.95,"lower_bound":1.7660084429294796,"upper_bound":4.930207214812247},"point_estimate":2.6591103312562137,"standard_error":0.8698538015727554},"Slope":{"confidence_interval":{"confidence_level":0.95,"lower_bound":253.2225332682511,"upper_bound":255.15397175718346},"point_estimate":254.1103354817981,"standard_error":0.49203130025007574},"StdDev":{"confidence_interval":{"confidence_level":0.95,"lower_bound":2.667501138630325,"upper_bound":15.322027885200521},"point_estimate":9.44917941967551,"standard_error":4.170346115984706}}