{"Mean":{"confidence_interval":{"confidence_level":0.95,"lower_bound":10398360.835350752,"upper_bound":11655592.942887537},"point_estimate":10958374.67001344,"standard_error":322334.4930724441},"Median":{"confidence_interval":{"confidence_level":0.95,"lower_bound":9899645.98409091,"upper_bound":11132821.272727273},"point_estimate":10041354.232638888,"standard_error":380246.04716719757},"MedianAbsDev":{"confidence_interval":{"confidence_level":0.95,"lower_bound":248065.7456296372,"upper_bound":1730104.4469289125},"point_estimate":661669.7971867973,"standard_error":436604.22268924385},"Slope":{"confidence_interval":{"confidence_level":0.95,"lower_bound":9858587.204991242,"upper_bound":10103377.361700712},"point_estimate":9960482.09055944,"standard_error":62373.839857523526},"StdDev":{"confidence_interval":{"confidence_level":0.95,"lower_bound":888399.220975787,"upper_bound":2655433.2144981283},"point_estimate":1848096.5461409052,"standard_error":481347.8702153162}}