{"Mean":{"confidence_interval":{"confidence_level":0.95,"lower_bound":121130.2186678493,"upper_bound":132077.54574951914},"point_estimate":126270.78812882098,"standard_error":2804.1447863434414},"Median":{"confidence_interval":{"confidence_level":0.95,"lower_bound":115875.51453604142,"upper_bound":123161.5063517624},"point_estimate":118091.28216735253,"standard_error":1934.082585815001},"MedianAbsDev":{"confidence_interval":{"confidence_level":0.95,"lower_bound":1584.5565379515378,"upper_bound":12895.692987138074},"point_estimate":4266.172726089974,"standard_error":2744.6899622193314},"Slope":{"confidence_interval":{"confidence_level":0.95,"lower_bound":119691.40762875859,"upper_bound":131365.9340283466},"point_estimate":124537.23505136838,"standard_error":3002.4267812629823},"StdDev":{"confidence_interval":{"confidence_level":0.95,"lower_bound":10435.032948996028,"upper_bound":19826.073845377752},"point_estimate":16062.074461561786,"standard_error":2397.2211756049205}}