{"Mean":{"confidence_interval":{"confidence_level":0.95,"lower_bound":-0.40606646702063537,"upper_bound":-0.26621018749212655},"point_estimate":-0.340565942601606,"standard_error":0.03570857896188415},"Median":{"confidence_interval":{"confidence_level":0.95,"lower_bound":-0.4088030543850082,"upper_bound":-0.14320219655089328},"point_estimate":-0.18871657905648587,"standard_error":0.08013407132533301}}