{"Mean":{"confidence_interval":{"confidence_level":0.95,"lower_bound":412.67212045563633,"upper_bound":421.20882203076843},"point_estimate":415.8648526312964,"standard_error":2.391121021684854},"Median":{"confidence_interval":{"confidence_level":0.95,"lower_bound":411.44510008905854,"upper_bound":414.5079379769529},"point_estimate":412.93987471246953,"standard_error":0.8088255785832477},"MedianAbsDev":{"confidence_interval":{"confidence_level":0.95,"lower_bound":1.7434977312937898,"upper_bound":4.875960373398096},"point_estimate":3.312972517559709,"standard_error":0.8366927707727216},"Slope":{"confidence_interval":{"confidence_level":0.95,"lower_bound":411.45946599187994,"upper_bound":412.91791377034724},"point_estimate":412.1734024039208,"standard_error":0.3730476060299738},"StdDev":{"confidence_interval":{"confidence_level":0.95,"lower_bound":2.509677993710277,"upper_bound":22.744315917778252},"point_estimate":13.75424105137575,"standard_error":6.90380719841158}}