{"Mean":{"confidence_interval":{"confidence_level":0.95,"lower_bound":507.745697940018,"upper_bound":548.2010975720511},"point_estimate":525.6137204507168,"standard_error":10.411520788013636},"Median":{"confidence_interval":{"confidence_level":0.95,"lower_bound":504.53359624600637,"upper_bound":514.888178913738},"point_estimate":507.77693256926483,"standard_error":2.5426108750309213},"MedianAbsDev":{"confidence_interval":{"confidence_level":0.95,"lower_bound":5.8376080461291275,"upper_bound":20.597175397668064},"point_estimate":11.658586054999546,"standard_error":3.7001002970104278},"Slope":{"confidence_interval":{"confidence_level":0.95,"lower_bound":508.0909519556961,"upper_bound":531.0857828036753},"point_estimate":517.1397079358342,"standard_error":5.913005840501758},"StdDev":{"confidence_interval":{"confidence_level":0.95,"lower_bound":15.946263769568297,"upper_bound":84.90848872763537},"point_estimate":59.84484252002564,"standard_error":16.680394906676998}}