{"Mean":{"confidence_interval":{"confidence_level":0.95,"lower_bound":1980.6694998408236,"upper_bound":2038.7705971679868},"point_estimate":2005.9044461068763,"standard_error":15.032462990075027},"Median":{"confidence_interval":{"confidence_level":0.95,"lower_bound":1980.0165024141809,"upper_bound":1998.3517626827172},"point_estimate":1986.6469059902552,"standard_error":5.853279350315933},"MedianAbsDev":{"confidence_interval":{"confidence_level":0.95,"lower_bound":15.2472904124763,"upper_bound":50.915459987568184},"point_estimate":29.499925547262503,"standard_error":9.21834922654759},"Slope":{"confidence_interval":{"confidence_level":0.95,"lower_bound":1963.683482412704,"upper_bound":1983.1332886858047},"point_estimate":1973.111263747001,"standard_error":4.9870747871673595},"StdDev":{"confidence_interval":{"confidence_level":0.95,"lower_bound":26.68725440472409,"upper_bound":127.03825784841656},"point_estimate":86.73908163977057,"standard_error":26.74647460484637}}