{"Mean":{"confidence_interval":{"confidence_level":0.95,"lower_bound":167.33035185032472,"upper_bound":171.9088276039526},"point_estimate":169.35241426583423,"standard_error":1.174847468912839},"Median":{"confidence_interval":{"confidence_level":0.95,"lower_bound":167.87845565293804,"upper_bound":170.14717824619154},"point_estimate":169.46377307553377,"standard_error":0.6812658510030195},"MedianAbsDev":{"confidence_interval":{"confidence_level":0.95,"lower_bound":1.807892632212684,"upper_bound":5.5898660316882},"point_estimate":2.5113739058895224,"standard_error":1.0752814077783692},"Slope":{"confidence_interval":{"confidence_level":0.95,"lower_bound":164.4803345861604,"upper_bound":167.4395712970139},"point_estimate":165.73347634703364,"standard_error":0.7578052962117212},"StdDev":{"confidence_interval":{"confidence_level":0.95,"lower_bound":3.1214605395219146,"upper_bound":10.195019642752884},"point_estimate":6.774327356102564,"standard_error":2.0828366671407283}}