{"Mean":{"confidence_interval":{"confidence_level":0.95,"lower_bound":-0.1712832908436822,"upper_bound":-0.10347352097048639},"point_estimate":-0.13811658106122615,"standard_error":0.01724057003308822},"Median":{"confidence_interval":{"confidence_level":0.95,"lower_bound":-0.18868627683625605,"upper_bound":-0.07624337759466815},"point_estimate":-0.12781268398206547,"standard_error":0.03016837933888408}}