{"Mean":{"confidence_interval":{"confidence_level":0.95,"lower_bound":10076.626779244307,"upper_bound":10494.060235507246},"point_estimate":10288.25469073499,"standard_error":107.78161079105357},"Median":{"confidence_interval":{"confidence_level":0.95,"lower_bound":9920.364906832297,"upper_bound":10587.328545548655},"point_estimate":10311.540825569358,"standard_error":173.48601772250663},"MedianAbsDev":{"confidence_interval":{"confidence_level":0.95,"lower_bound":0.0,"upper_bound":408.88286638218307},"point_estimate":269.17088856365166,"standard_error":133.88065173334562},"Slope":{"confidence_interval":{"confidence_level":0.95,"lower_bound":9964.070622637051,"upper_bound":10469.906239216702},"point_estimate":10115.470543948804,"standard_error":129.17539236490086},"StdDev":{"confidence_interval":{"confidence_level":0.95,"lower_bound":98.86983969820591,"upper_bound":338.05079970488964},"point_estimate":270.14440109270777,"standard_error":64.62038213473024}}