{"Mean":{"confidence_interval":{"confidence_level":0.95,"lower_bound":6.15982956883311,"upper_bound":6.338430400690863},"point_estimate":6.246453089555935,"standard_error":0.045707665982081855},"Median":{"confidence_interval":{"confidence_level":0.95,"lower_bound":6.032732449660601,"upper_bound":6.351159436548472},"point_estimate":6.121915166405971,"standard_error":0.10542989843814679},"MedianAbsDev":{"confidence_interval":{"confidence_level":0.95,"lower_bound":0.03897214159212178,"upper_bound":0.4580083451968778},"point_estimate":0.1744280143933894,"standard_error":0.13457952248875074},"Slope":{"confidence_interval":{"confidence_level":0.95,"lower_bound":6.173684283006551,"upper_bound":6.431259852362193},"point_estimate":6.308546243844761,"standard_error":0.0660140983681953},"StdDev":{"confidence_interval":{"confidence_level":0.95,"lower_bound":0.20169926857736942,"upper_bound":0.2996009187921335},"point_estimate":0.26206569988194284,"standard_error":0.025002801208193797}}