{"Mean":{"confidence_interval":{"confidence_level":0.95,"lower_bound":7327.528389185447,"upper_bound":7441.499833492361},"point_estimate":7374.130896740263,"standard_error":29.88440254570044},"Median":{"confidence_interval":{"confidence_level":0.95,"lower_bound":7313.47400648824,"upper_bound":7346.883037886688},"point_estimate":7330.234143887664,"standard_error":10.594817404717908},"MedianAbsDev":{"confidence_interval":{"confidence_level":0.95,"lower_bound":25.628050709537266,"upper_bound":79.3445433679879},"point_estimate":52.70249091811718,"standard_error":13.943078802692307},"Slope":{"confidence_interval":{"confidence_level":0.95,"lower_bound":7308.107882058122,"upper_bound":7342.586366928976},"point_estimate":7324.314105399872,"standard_error":8.842887006307771},"StdDev":{"confidence_interval":{"confidence_level":0.95,"lower_bound":49.07658884546578,"upper_bound":269.2589480708439},"point_estimate":171.31598801600043,"standard_error":67.21296430369713}}