{"Mean":{"confidence_interval":{"confidence_level":0.95,"lower_bound":7343.415023844114,"upper_bound":7521.858975066041},"point_estimate":7418.426916255831,"standard_error":46.38618436221105},"Median":{"confidence_interval":{"confidence_level":0.95,"lower_bound":7297.276007745116,"upper_bound":7457.125488079172},"point_estimate":7341.517031039137,"standard_error":43.527299148466405},"MedianAbsDev":{"confidence_interval":{"confidence_level":0.95,"lower_bound":55.6457431516113,"upper_bound":186.28278082448588},"point_estimate":140.73655398201745,"standard_error":35.95483417715035},"Slope":{"confidence_interval":{"confidence_level":0.95,"lower_bound":7302.835271458559,"upper_bound":7370.4624376114125},"point_estimate":7335.477977690326,"standard_error":17.34401473459563},"StdDev":{"confidence_interval":{"confidence_level":0.95,"lower_bound":97.6872312432467,"upper_bound":412.6455845307473},"point_estimate":266.75907747882076,"standard_error":95.58817016277999}}