{"Mean":{"confidence_interval":{"confidence_level":0.95,"lower_bound":13035.594807835862,"upper_bound":13242.324608299281},"point_estimate":13135.537889756968,"standard_error":52.872559236745666},"Median":{"confidence_interval":{"confidence_level":0.95,"lower_bound":12921.442089985487,"upper_bound":13186.303870343492},"point_estimate":13025.991452991453,"standard_error":72.05136163228245},"MedianAbsDev":{"confidence_interval":{"confidence_level":0.95,"lower_bound":94.34630121824479,"upper_bound":435.9627413530024},"point_estimate":231.84460434426356,"standard_error":87.49194721719383},"Slope":{"confidence_interval":{"confidence_level":0.95,"lower_bound":13042.151944639787,"upper_bound":13342.081387229367},"point_estimate":13191.247855790798,"standard_error":76.87300943422063},"StdDev":{"confidence_interval":{"confidence_level":0.95,"lower_bound":230.8921085683766,"upper_bound":348.1010258681477},"point_estimate":303.7341268749012,"standard_error":29.966055568190054}}