{"Mean":{"confidence_interval":{"confidence_level":0.95,"lower_bound":-0.013195616623507142,"upper_bound":-0.0017343620099837496},"point_estimate":-0.007164826041876515,"standard_error":0.002927258088797537},"Median":{"confidence_interval":{"confidence_level":0.95,"lower_bound":-0.007069463999375802,"upper_bound":0.0005326679664170442},"point_estimate":-0.0024181462038246337,"standard_error":0.001930918691947428}}