{"Mean":{"confidence_interval":{"confidence_level":0.95,"lower_bound":1875.9867091112733,"upper_bound":1900.3038145547494},"point_estimate":1885.0551213711358,"standard_error":6.893025717647019},"Median":{"confidence_interval":{"confidence_level":0.95,"lower_bound":1876.5948284324254,"upper_bound":1882.267247706422},"point_estimate":1880.6669773311976,"standard_error":1.252226367168942},"MedianAbsDev":{"confidence_interval":{"confidence_level":0.95,"lower_bound":2.0978461329303673,"upper_bound":10.202643455156236},"point_estimate":5.448470354683354,"standard_error":2.401350909234331},"Slope":{"confidence_interval":{"confidence_level":0.95,"lower_bound":1872.2213826415991,"upper_bound":1879.8954714051026},"point_estimate":1876.00827338309,"standard_error":1.9647892668013258},"StdDev":{"confidence_interval":{"confidence_level":0.95,"lower_bound":6.355054033927873,"upper_bound":65.98695332521491},"point_estimate":39.69037118821497,"standard_error":20.419893279297668}}