{"Mean":{"confidence_interval":{"confidence_level":0.95,"lower_bound":250.54224747825654,"upper_bound":256.6295932882349},"point_estimate":252.9848911531253,"standard_error":1.6176469652580554},"Median":{"confidence_interval":{"confidence_level":0.95,"lower_bound":249.72466877344013,"upper_bound":253.22628761740793},"point_estimate":250.97229347251823,"standard_error":0.9497770848674911},"MedianAbsDev":{"confidence_interval":{"confidence_level":0.95,"lower_bound":2.346628211805659,"upper_bound":5.33266046214686},"point_estimate":3.9642806223154765,"standard_error":0.7446480817689659},"Slope":{"confidence_interval":{"confidence_level":0.95,"lower_bound":249.5509794099208,"upper_bound":251.70417091075956},"point_estimate":250.58973549470662,"standard_error":0.5489394683199508},"StdDev":{"confidence_interval":{"confidence_level":0.95,"lower_bound":2.7882753367560587,"upper_bound":14.956061572093487},"point_estimate":9.32074748788605,"standard_error":3.9342694934975833}}