{"Mean":{"confidence_interval":{"confidence_level":0.95,"lower_bound":682190.3532445439,"upper_bound":699272.926421794},"point_estimate":689403.6217648548,"standard_error":4433.394936194208},"Median":{"confidence_interval":{"confidence_level":0.95,"lower_bound":680146.3695652174,"upper_bound":684279.0547619048},"point_estimate":681266.9270441729,"standard_error":1035.6889322589302},"MedianAbsDev":{"confidence_interval":{"confidence_level":0.95,"lower_bound":2139.050390259539,"upper_bound":6829.564737212366},"point_estimate":4416.841414903395,"standard_error":1227.5492213025889},"Slope":{"confidence_interval":{"confidence_level":0.95,"lower_bound":679518.4152200852,"upper_bound":682440.9507098169},"point_estimate":680842.4501248752,"standard_error":746.1946473969314},"StdDev":{"confidence_interval":{"confidence_level":0.95,"lower_bound":5330.26354933846,"upper_bound":38631.56090244214},"point_estimate":25510.32945553576,"standard_error":8848.086105003842}}