{"Mean":{"confidence_interval":{"confidence_level":0.95,"lower_bound":215.32063181647834,"upper_bound":219.36951085933143},"point_estimate":217.04687238090494,"standard_error":1.0513926091761663},"Median":{"confidence_interval":{"confidence_level":0.95,"lower_bound":214.50917011592554,"upper_bound":216.5461942738843},"point_estimate":215.28127304387186,"standard_error":0.5634251817334397},"MedianAbsDev":{"confidence_interval":{"confidence_level":0.95,"lower_bound":1.449656315907201,"upper_bound":4.081391052484739},"point_estimate":2.675248306629877,"standard_error":0.7127018894289074},"Slope":{"confidence_interval":{"confidence_level":0.95,"lower_bound":214.23664594861313,"upper_bound":215.59983075881567},"point_estimate":214.90714189855362,"standard_error":0.349293494900561},"StdDev":{"confidence_interval":{"confidence_level":0.95,"lower_bound":2.370307092123706,"upper_bound":9.245852994005414},"point_estimate":6.05229644530172,"standard_error":2.0728766391310147}}