{"Mean":{"confidence_interval":{"confidence_level":0.95,"lower_bound":11116.880102581456,"upper_bound":11240.031669187792},"point_estimate":11174.003980869473,"standard_error":31.4972712752542},"Median":{"confidence_interval":{"confidence_level":0.95,"lower_bound":11119.39873018377,"upper_bound":11199.585360238783},"point_estimate":11168.50725124907,"standard_error":18.693282369386726},"MedianAbsDev":{"confidence_interval":{"confidence_level":0.95,"lower_bound":48.88607880514215,"upper_bound":170.93356672082334},"point_estimate":91.38933929030989,"standard_error":30.222063930050894},"Slope":{"confidence_interval":{"confidence_level":0.95,"lower_bound":11084.37762158778,"upper_bound":11156.915121475682},"point_estimate":11120.645750551404,"standard_error":18.516270204165192},"StdDev":{"confidence_interval":{"confidence_level":0.95,"lower_bound":97.98063925723723,"upper_bound":247.80857331219727},"point_estimate":180.38013518712611,"standard_error":39.09106732482854}}