{"Mean":{"confidence_interval":{"confidence_level":0.95,"lower_bound":44941.84296411251,"upper_bound":45936.203096834084},"point_estimate":45392.57012890747,"standard_error":255.71466940571804},"Median":{"confidence_interval":{"confidence_level":0.95,"lower_bound":44742.82290329925,"upper_bound":45219.66543513957},"point_estimate":45010.468113711,"standard_error":132.8535399002107},"MedianAbsDev":{"confidence_interval":{"confidence_level":0.95,"lower_bound":360.58799378301364,"upper_bound":1390.9043222299342},"point_estimate":789.9645147322647,"standard_error":300.68648792968816},"Slope":{"confidence_interval":{"confidence_level":0.95,"lower_bound":44569.944396326435,"upper_bound":44957.135288700934},"point_estimate":44757.99096636123,"standard_error":98.84178350269461},"StdDev":{"confidence_interval":{"confidence_level":0.95,"lower_bound":743.5067272801713,"upper_bound":2064.294876742767},"point_estimate":1471.5646554701107,"standard_error":352.0535940406144}}