{"Mean":{"confidence_interval":{"confidence_level":0.95,"lower_bound":777.882341625835,"upper_bound":792.3567612907237},"point_estimate":784.2595485872771,"standard_error":3.736012512453749},"Median":{"confidence_interval":{"confidence_level":0.95,"lower_bound":772.734203177898,"upper_bound":786.3386180115269},"point_estimate":776.8372551892066,"standard_error":3.3954538870630437},"MedianAbsDev":{"confidence_interval":{"confidence_level":0.95,"lower_bound":5.226991993346613,"upper_bound":17.593748170924503},"point_estimate":10.068224176901081,"standard_error":3.3773828286244356},"Slope":{"confidence_interval":{"confidence_level":0.95,"lower_bound":779.6968986557539,"upper_bound":788.3045096742953},"point_estimate":784.3590408899179,"standard_error":2.1951714282836687},"StdDev":{"confidence_interval":{"confidence_level":0.95,"lower_bound":9.36643554409674,"upper_bound":31.7586041572962},"point_estimate":21.54129301036593,"standard_error":6.311119104098048}}