{"Mean":{"confidence_interval":{"confidence_level":0.95,"lower_bound":1.9698401806084482,"upper_bound":1.9812168709950064},"point_estimate":1.9750267307338074,"standard_error":0.0029204643494980488},"Median":{"confidence_interval":{"confidence_level":0.95,"lower_bound":1.9680614753677748,"upper_bound":1.9732517048059708},"point_estimate":1.9699158744752157,"standard_error":0.0013836393644663398},"MedianAbsDev":{"confidence_interval":{"confidence_level":0.95,"lower_bound":0.003541281792951975,"upper_bound":0.011155195616833776},"point_estimate":0.00566694082584268,"standard_error":0.002125101162471687},"Slope":{"confidence_interval":{"confidence_level":0.95,"lower_bound":1.9675647184354008,"upper_bound":1.9708662572760858},"point_estimate":1.9692048684017693,"standard_error":0.0008404439585149133},"StdDev":{"confidence_interval":{"confidence_level":0.95,"lower_bound":0.008226394758246302,"upper_bound":0.02298349696029853},"point_estimate":0.016787821958633417,"standard_error":0.0037792607533127976}}