{"Mean":{"confidence_interval":{"confidence_level":0.95,"lower_bound":10845203.041770993,"upper_bound":11469062.113090763},"point_estimate":11088883.587864429,"standard_error":165321.08607348026},"Median":{"confidence_interval":{"confidence_level":0.95,"lower_bound":10840989.384375,"upper_bound":10854410.130434783},"point_estimate":10848375.122895623,"standard_error":3536.7435954059133},"MedianAbsDev":{"confidence_interval":{"confidence_level":0.95,"lower_bound":10615.08784245433,"upper_bound":59338.27598334675},"point_estimate":20812.28536584216,"standard_error":12560.818549319703},"Slope":{"confidence_interval":{"confidence_level":0.95,"lower_bound":10825457.330842156,"upper_bound":10864704.022903915},"point_estimate":10841976.229807692,"standard_error":9949.119540484051},"StdDev":{"confidence_interval":{"confidence_level":0.95,"lower_bound":59582.38145854567,"upper_bound":1528642.7098597512},"point_estimate":951779.0671120886,"standard_error":429703.21703785035}}