{"Mean":{"confidence_interval":{"confidence_level":0.95,"lower_bound":56.31309774495496,"upper_bound":56.54605794362714},"point_estimate":56.417733953360944,"standard_error":0.059922509942555914},"Median":{"confidence_interval":{"confidence_level":0.95,"lower_bound":56.29854022956175,"upper_bound":56.4111643703562},"point_estimate":56.35929004424571,"standard_error":0.028435528546864167},"MedianAbsDev":{"confidence_interval":{"confidence_level":0.95,"lower_bound":0.08243535434753471,"upper_bound":0.2797686546036414},"point_estimate":0.14595276416590122,"standard_error":0.05473856388893556},"Slope":{"confidence_interval":{"confidence_level":0.95,"lower_bound":56.31061710029927,"upper_bound":56.42261439441203},"point_estimate":56.36664542081607,"standard_error":0.0283560054881856},"StdDev":{"confidence_interval":{"confidence_level":0.95,"lower_bound":0.16937336382527263,"upper_bound":0.5061959921292509},"point_estimate":0.34653391868977,"standard_error":0.09471465892954871}}