{"Mean":{"confidence_interval":{"confidence_level":0.95,"lower_bound":8192.966559034072,"upper_bound":8414.115107820104},"point_estimate":8297.414269086099,"standard_error":56.53993778087577},"Median":{"confidence_interval":{"confidence_level":0.95,"lower_bound":8070.379963822557,"upper_bound":8344.261284722223},"point_estimate":8180.798280423281,"standard_error":70.5295879067522},"MedianAbsDev":{"confidence_interval":{"confidence_level":0.95,"lower_bound":107.77506068113168,"upper_bound":439.8918947181174},"point_estimate":251.25749593859385,"standard_error":75.48228775571359},"Slope":{"confidence_interval":{"confidence_level":0.95,"lower_bound":8216.57036959309,"upper_bound":8620.017326499099},"point_estimate":8422.423888904064,"standard_error":103.33602797142076},"StdDev":{"confidence_interval":{"confidence_level":0.95,"lower_bound":217.84089520053521,"upper_bound":398.82952489141377},"point_estimate":324.2132139705774,"standard_error":46.17359687522276}}