{"Mean":{"confidence_interval":{"confidence_level":0.95,"lower_bound":235.36782880892457,"upper_bound":239.32993396459608},"point_estimate":236.97822371707318,"standard_error":1.0383310761355302},"Median":{"confidence_interval":{"confidence_level":0.95,"lower_bound":234.68943573854494,"upper_bound":237.09772974223256},"point_estimate":235.45288104838505,"standard_error":0.6053206114479948},"MedianAbsDev":{"confidence_interval":{"confidence_level":0.95,"lower_bound":1.3785537682457563,"upper_bound":3.5189462299579835},"point_estimate":2.578104825192932,"standard_error":0.5154980476301952},"Slope":{"confidence_interval":{"confidence_level":0.95,"lower_bound":234.6192633692392,"upper_bound":236.060653009153},"point_estimate":235.31760134262845,"standard_error":0.36918079417664934},"StdDev":{"confidence_interval":{"confidence_level":0.95,"lower_bound":1.855285348187456,"upper_bound":9.512637542600233},"point_estimate":5.988102554605736,"standard_error":2.4165671837409564}}