{"Mean":{"confidence_interval":{"confidence_level":0.95,"lower_bound":-0.3207013223877756,"upper_bound":-0.24912450435946484},"point_estimate":-0.28681431443566285,"standard_error":0.018250209021794826},"Median":{"confidence_interval":{"confidence_level":0.95,"lower_bound":-0.347691793087911,"upper_bound":-0.23312597739920093},"point_estimate":-0.3013935811801165,"standard_error":0.02479017749035002}}