{"Mean":{"confidence_interval":{"confidence_level":0.95,"lower_bound":-0.015080029918894813,"upper_bound":0.0026965197675743948},"point_estimate":-0.006173085691698277,"standard_error":0.0045913208470605435},"Median":{"confidence_interval":{"confidence_level":0.95,"lower_bound":-0.018870376807510136,"upper_bound":0.006993825437212164},"point_estimate":-0.007051966497014561,"standard_error":0.006195826638041456}}