{"Mean":{"confidence_interval":{"confidence_level":0.95,"lower_bound":61235.70388123216,"upper_bound":73612.97072970623},"point_estimate":67051.52743883568,"standard_error":3165.09901766105},"Median":{"confidence_interval":{"confidence_level":0.95,"lower_bound":55910.36044607566,"upper_bound":63739.407438016526},"point_estimate":57881.65774064171,"standard_error":2008.464018185873},"MedianAbsDev":{"confidence_interval":{"confidence_level":0.95,"lower_bound":2468.908572828149,"upper_bound":13324.830080620693},"point_estimate":5105.695556401239,"standard_error":2891.5923494399126},"Slope":{"confidence_interval":{"confidence_level":0.95,"lower_bound":55183.56883287017,"upper_bound":57569.40413272122},"point_estimate":56121.139581214244,"standard_error":610.2148765281921},"StdDev":{"confidence_interval":{"confidence_level":0.95,"lower_bound":11628.979414007386,"upper_bound":22414.139755777018},"point_estimate":18202.652514066376,"standard_error":2763.1093490011003}}