{"Mean":{"confidence_interval":{"confidence_level":0.95,"lower_bound":468.59420766548317,"upper_bound":477.41991571813486},"point_estimate":472.3296896095398,"standard_error":2.299914256122389},"Median":{"confidence_interval":{"confidence_level":0.95,"lower_bound":466.9992343032159,"upper_bound":470.8755189722648},"point_estimate":468.6012335044335,"standard_error":1.0968702623199258},"MedianAbsDev":{"confidence_interval":{"confidence_level":0.95,"lower_bound":2.313046642954136,"upper_bound":6.1199695406596755},"point_estimate":4.016184894366183,"standard_error":0.9676387750638035},"Slope":{"confidence_interval":{"confidence_level":0.95,"lower_bound":466.5428802592266,"upper_bound":468.560335836461},"point_estimate":467.5168698931237,"standard_error":0.5150366190425613},"StdDev":{"confidence_interval":{"confidence_level":0.95,"lower_bound":3.337189116411669,"upper_bound":20.156854365884442},"point_estimate":13.228456122199368,"standard_error":4.549779782116477}}