{"Mean":{"confidence_interval":{"confidence_level":0.95,"lower_bound":18655.04745176043,"upper_bound":18827.596270742444},"point_estimate":18736.936292741488,"standard_error":44.07874731685863},"Median":{"confidence_interval":{"confidence_level":0.95,"lower_bound":18597.791980746526,"upper_bound":18823.02541208791},"point_estimate":18722.85483035483,"standard_error":59.628487477146265},"MedianAbsDev":{"confidence_interval":{"confidence_level":0.95,"lower_bound":113.36456286694163,"upper_bound":305.0210769711523},"point_estimate":199.00346595204286,"standard_error":47.448248620191336},"Slope":{"confidence_interval":{"confidence_level":0.95,"lower_bound":18575.683675165896,"upper_bound":18724.68669500176},"point_estimate":18647.789899154257,"standard_error":38.096793860860494},"StdDev":{"confidence_interval":{"confidence_level":0.95,"lower_bound":153.6233023806121,"upper_bound":321.92493333969543},"point_estimate":244.9801777379874,"standard_error":44.287808772235806}}