{"Mean":{"confidence_interval":{"confidence_level":0.95,"lower_bound":199.7674816436031,"upper_bound":203.6927976063195},"point_estimate":201.49939318872035,"standard_error":1.0114460949365691},"Median":{"confidence_interval":{"confidence_level":0.95,"lower_bound":199.28059007123449,"upper_bound":200.23623182419036},"point_estimate":199.57321929083741,"standard_error":0.2812414525986348},"MedianAbsDev":{"confidence_interval":{"confidence_level":0.95,"lower_bound":0.7640072360796036,"upper_bound":3.002369532911602},"point_estimate":1.2627268507013618,"standard_error":0.5825387494212843},"Slope":{"confidence_interval":{"confidence_level":0.95,"lower_bound":198.46997088872837,"upper_bound":199.71070149787712},"point_estimate":199.10476326383466,"standard_error":0.3167457256585111},"StdDev":{"confidence_interval":{"confidence_level":0.95,"lower_bound":2.3166032439420667,"upper_bound":8.520864360812787},"point_estimate":5.82178614224422,"standard_error":1.6764443576160832}}