{"Mean":{"confidence_interval":{"confidence_level":0.95,"lower_bound":199.85639285918748,"upper_bound":204.28869033127404},"point_estimate":201.53043704154337,"standard_error":1.2184484297501907},"Median":{"confidence_interval":{"confidence_level":0.95,"lower_bound":199.9894599780895,"upper_bound":200.95099441767783},"point_estimate":200.4182962769716,"standard_error":0.2349033532685689},"MedianAbsDev":{"confidence_interval":{"confidence_level":0.95,"lower_bound":0.6482921172215036,"upper_bound":2.4001731891772153},"point_estimate":1.1381680519438204,"standard_error":0.4827633228671216},"Slope":{"confidence_interval":{"confidence_level":0.95,"lower_bound":199.43828122662276,"upper_bound":200.4349262465362},"point_estimate":199.94776550785417,"standard_error":0.2524461383609828},"StdDev":{"confidence_interval":{"confidence_level":0.95,"lower_bound":1.2568185515494166,"upper_bound":11.496476903381005},"point_estimate":6.9849576117487295,"standard_error":3.399967458143085}}