{"Mean":{"confidence_interval":{"confidence_level":0.95,"lower_bound":144.05409774699044,"upper_bound":148.6085349851304},"point_estimate":146.049110970595,"standard_error":1.1709133905514528},"Median":{"confidence_interval":{"confidence_level":0.95,"lower_bound":142.60320023562508,"upper_bound":147.43072165262566},"point_estimate":146.20332989713407,"standard_error":1.057446953988371},"MedianAbsDev":{"confidence_interval":{"confidence_level":0.95,"lower_bound":1.9236431918810082,"upper_bound":6.428642868151213},"point_estimate":5.049731946997877,"standard_error":1.3314043985416342},"Slope":{"confidence_interval":{"confidence_level":0.95,"lower_bound":141.5250705798143,"upper_bound":144.0148028505842},"point_estimate":142.64850019117551,"standard_error":0.6373801902080005},"StdDev":{"confidence_interval":{"confidence_level":0.95,"lower_bound":3.3316837321689414,"upper_bound":10.22055162670515},"point_estimate":6.713722235169616,"standard_error":2.1244092282357796}}