{"Mean":{"confidence_interval":{"confidence_level":0.95,"lower_bound":573.1867268399723,"upper_bound":617.2561541951145},"point_estimate":594.8994693648962,"standard_error":11.271814209520267},"Median":{"confidence_interval":{"confidence_level":0.95,"lower_bound":537.14355819152,"upper_bound":633.0825917088392},"point_estimate":560.8226250869543,"standard_error":31.120406511393554},"MedianAbsDev":{"confidence_interval":{"confidence_level":0.95,"lower_bound":5.000804812334437,"upper_bound":111.73218771040524},"point_estimate":41.32162896900559,"standard_error":37.29070668277678},"Slope":{"confidence_interval":{"confidence_level":0.95,"lower_bound":541.7629779174847,"upper_bound":558.5136522427351},"point_estimate":547.9892891770762,"standard_error":4.293838221375729},"StdDev":{"confidence_interval":{"confidence_level":0.95,"lower_bound":53.85611821994829,"upper_bound":71.7764422279859},"point_estimate":65.00867504671098,"standard_error":4.564815429572497}}