{"Mean":{"confidence_interval":{"confidence_level":0.95,"lower_bound":182.0955031177063,"upper_bound":185.41595969830092},"point_estimate":183.33204245524863,"standard_error":0.9375103302085914},"Median":{"confidence_interval":{"confidence_level":0.95,"lower_bound":181.86726009139375,"upper_bound":182.9536509622622},"point_estimate":182.31496738995762,"standard_error":0.30065162756984},"MedianAbsDev":{"confidence_interval":{"confidence_level":0.95,"lower_bound":0.7108026067560291,"upper_bound":1.6044753491076587},"point_estimate":1.2773934395601672,"standard_error":0.23254628053348472},"Slope":{"confidence_interval":{"confidence_level":0.95,"lower_bound":181.63888677743128,"upper_bound":182.5980764812989},"point_estimate":182.11404327348805,"standard_error":0.24493835657485272},"StdDev":{"confidence_interval":{"confidence_level":0.95,"lower_bound":0.9250509972910513,"upper_bound":8.961906890959577},"point_estimate":5.394883181003057,"standard_error":2.7652173541656055}}