{"Mean":{"confidence_interval":{"confidence_level":0.95,"lower_bound":61.442764603758356,"upper_bound":61.93827609942875},"point_estimate":61.69535207309126,"standard_error":0.12586867492527495},"Median":{"confidence_interval":{"confidence_level":0.95,"lower_bound":61.4212639590794,"upper_bound":62.1379081123995},"point_estimate":61.71575484082094,"standard_error":0.1835723540234798},"MedianAbsDev":{"confidence_interval":{"confidence_level":0.95,"lower_bound":0.4510982661508888,"upper_bound":0.9710007461994612},"point_estimate":0.7419948892444871,"standard_error":0.13515898987810723},"Slope":{"confidence_interval":{"confidence_level":0.95,"lower_bound":61.71319530556565,"upper_bound":62.10470104699307},"point_estimate":61.91373680605014,"standard_error":0.09975912834730752},"StdDev":{"confidence_interval":{"confidence_level":0.95,"lower_bound":0.5258431890863217,"upper_bound":0.8871945128517702},"point_estimate":0.7221255184571446,"standard_error":0.09290686619175197}}