{"Mean":{"confidence_interval":{"confidence_level":0.95,"lower_bound":28874.70162652896,"upper_bound":29340.49485721692},"point_estimate":29087.715975742485,"standard_error":119.11301387641728},"Median":{"confidence_interval":{"confidence_level":0.95,"lower_bound":28714.083128834354,"upper_bound":29277.634450212365},"point_estimate":28913.905817265557,"standard_error":134.82395812803148},"MedianAbsDev":{"confidence_interval":{"confidence_level":0.95,"lower_bound":338.25749840924294,"upper_bound":763.8274381474674},"point_estimate":577.0666885055402,"standard_error":104.9939125600189},"Slope":{"confidence_interval":{"confidence_level":0.95,"lower_bound":28704.589189775696,"upper_bound":29056.792335294445},"point_estimate":28874.629964552318,"standard_error":90.14837287317098},"StdDev":{"confidence_interval":{"confidence_level":0.95,"lower_bound":400.76547089003475,"upper_bound":944.9813038445632},"point_estimate":681.9180165252504,"standard_error":150.25395300035032}}