{"Mean":{"confidence_interval":{"confidence_level":0.95,"lower_bound":11940.281757763903,"upper_bound":12610.398575009813},"point_estimate":12250.177290138412,"standard_error":171.04517151318555},"Median":{"confidence_interval":{"confidence_level":0.95,"lower_bound":11711.277959012965,"upper_bound":12127.412797992472},"point_estimate":11763.52997849077,"standard_error":100.6819781975583},"MedianAbsDev":{"confidence_interval":{"confidence_level":0.95,"lower_bound":82.35216634910405,"upper_bound":657.0666654627676},"point_estimate":240.96452896655322,"standard_error":160.04045483409624},"Slope":{"confidence_interval":{"confidence_level":0.95,"lower_bound":11942.580200688657,"upper_bound":12789.063378349347},"point_estimate":12315.826014183433,"standard_error":216.27379706611566},"StdDev":{"confidence_interval":{"confidence_level":0.95,"lower_bound":571.2281204629767,"upper_bound":1260.7805461621247},"point_estimate":982.514384084738,"standard_error":176.1712092883107}}