{"Mean":{"confidence_interval":{"confidence_level":0.95,"lower_bound":2774310.567246144,"upper_bound":2878298.628543346},"point_estimate":2823831.950587928,"standard_error":26511.287254745024},"Median":{"confidence_interval":{"confidence_level":0.95,"lower_bound":2740485.0791997355,"upper_bound":2819120.513157895},"point_estimate":2803687.0166666666,"standard_error":17929.84513743071},"MedianAbsDev":{"confidence_interval":{"confidence_level":0.95,"lower_bound":43162.10159837861,"upper_bound":186786.9121771883},"point_estimate":103551.07075477378,"standard_error":32533.48961334722},"Slope":{"confidence_interval":{"confidence_level":0.95,"lower_bound":2729669.9876168002,"upper_bound":2814258.987580616},"point_estimate":2766714.5443837414,"standard_error":21623.779977100497},"StdDev":{"confidence_interval":{"confidence_level":0.95,"lower_bound":100010.80637133696,"upper_bound":192790.89741920878},"point_estimate":152395.74176941183,"standard_error":23812.509353113932}}