{"Mean":{"confidence_interval":{"confidence_level":0.95,"lower_bound":16558.30063270621,"upper_bound":18405.220905464485},"point_estimate":17379.525335165228,"standard_error":474.8225526372177},"Median":{"confidence_interval":{"confidence_level":0.95,"lower_bound":15907.592911449015,"upper_bound":17255.04778941988},"point_estimate":15986.25363950404,"standard_error":430.5715326634788},"MedianAbsDev":{"confidence_interval":{"confidence_level":0.95,"lower_bound":123.62460044730504,"upper_bound":1962.1129391816303},"point_estimate":681.5516640389267,"standard_error":499.1350673873087},"Slope":{"confidence_interval":{"confidence_level":0.95,"lower_bound":16465.783956478346,"upper_bound":18296.144948034333},"point_estimate":17244.19236992882,"standard_error":468.57342231584084},"StdDev":{"confidence_interval":{"confidence_level":0.95,"lower_bound":1243.670723351241,"upper_bound":3852.9793499640227},"point_estimate":2722.8682917318697,"standard_error":685.1241483424855}}