{"Mean":{"confidence_interval":{"confidence_level":0.95,"lower_bound":638944.6925381019,"upper_bound":658533.8592328045},"point_estimate":647076.2542620811,"standard_error":5132.291641512327},"Median":{"confidence_interval":{"confidence_level":0.95,"lower_bound":636765.66875,"upper_bound":642472.8152421652},"point_estimate":638674.3408950617,"standard_error":1248.844343266085},"MedianAbsDev":{"confidence_interval":{"confidence_level":0.95,"lower_bound":3403.9433248321716,"upper_bound":10806.738719392153},"point_estimate":7466.556131365176,"standard_error":1824.7149896598578},"Slope":{"confidence_interval":{"confidence_level":0.95,"lower_bound":636787.5441343946,"upper_bound":640822.9812977453},"point_estimate":638725.9215151515,"standard_error":1033.0468963028634},"StdDev":{"confidence_interval":{"confidence_level":0.95,"lower_bound":6201.296807631826,"upper_bound":45898.51943221763},"point_estimate":29620.196999802858,"standard_error":11053.349972413143}}