{"Mean":{"confidence_interval":{"confidence_level":0.95,"lower_bound":512.3455306608714,"upper_bound":526.3780480734338},"point_estimate":518.5975329041738,"standard_error":3.6016270298368016},"Median":{"confidence_interval":{"confidence_level":0.95,"lower_bound":506.8249199842776,"upper_bound":520.8310404851479},"point_estimate":508.82270824364707,"standard_error":3.52796202779284},"MedianAbsDev":{"confidence_interval":{"confidence_level":0.95,"lower_bound":2.8881004481853294,"upper_bound":20.00412024507101},"point_estimate":6.8172822338644465,"standard_error":4.294730269119252},"Slope":{"confidence_interval":{"confidence_level":0.95,"lower_bound":515.9953431906641,"upper_bound":526.9493447025303},"point_estimate":521.8790584590882,"standard_error":2.7923578398369835},"StdDev":{"confidence_interval":{"confidence_level":0.95,"lower_bound":10.471980749189594,"upper_bound":29.64012496899803},"point_estimate":20.67591093414766,"standard_error":5.415031428107027}}