{"Mean":{"confidence_interval":{"confidence_level":0.95,"lower_bound":411562501.3333334,"upper_bound":430346380.0},"point_estimate":420523050.3333334,"standard_error":4905312.282982603},"Median":{"confidence_interval":{"confidence_level":0.95,"lower_bound":404989360.0,"upper_bound":437855066.6666667},"point_estimate":421604125.0,"standard_error":6894864.40053959},"MedianAbsDev":{"confidence_interval":{"confidence_level":0.95,"lower_bound":0.0,"upper_bound":24093645.687252313},"point_estimate":11695526.95736289,"standard_error":7617643.935538472},"Slope":{"confidence_interval":{"confidence_level":0.95,"lower_bound":406307725.0,"upper_bound":432714825.0},"point_estimate":416189256.3636364,"standard_error":6979316.850659663},"StdDev":{"confidence_interval":{"confidence_level":0.95,"lower_bound":4320723.08794344,"upper_bound":16433054.708292633},"point_estimate":12294653.331940029,"standard_error":3272160.2402006583}}