{"Mean":{"confidence_interval":{"confidence_level":0.95,"lower_bound":5855.191471573356,"upper_bound":5998.666930002563},"point_estimate":5920.5048025745355,"standard_error":36.818022030445796},"Median":{"confidence_interval":{"confidence_level":0.95,"lower_bound":5818.072861245298,"upper_bound":5952.788649223408},"point_estimate":5835.107782299941,"standard_error":39.01540907054741},"MedianAbsDev":{"confidence_interval":{"confidence_level":0.95,"lower_bound":57.855503892862494,"upper_bound":193.67076316914503},"point_estimate":114.4955103854368,"standard_error":36.09877951361332},"Slope":{"confidence_interval":{"confidence_level":0.95,"lower_bound":5789.983645492643,"upper_bound":5843.294151673064},"point_estimate":5813.645337280537,"standard_error":13.550502620157088},"StdDev":{"confidence_interval":{"confidence_level":0.95,"lower_bound":104.624112848304,"upper_bound":295.6699830399754},"point_estimate":212.50052131231536,"standard_error":49.99679283763208}}