{"Mean":{"confidence_interval":{"confidence_level":0.95,"lower_bound":1257506.0783169668,"upper_bound":1313387.0675126794},"point_estimate":1283286.8485555411,"standard_error":14354.124915550035},"Median":{"confidence_interval":{"confidence_level":0.95,"lower_bound":1244495.79296875,"upper_bound":1256699.235576923},"point_estimate":1247753.7782738095,"standard_error":3176.907046906141},"MedianAbsDev":{"confidence_interval":{"confidence_level":0.95,"lower_bound":7292.165689615101,"upper_bound":25442.844266771663},"point_estimate":13799.890869425986,"standard_error":4690.352122392132},"Slope":{"confidence_interval":{"confidence_level":0.95,"lower_bound":1246814.5338435734,"upper_bound":1257319.231338956},"point_estimate":1251262.2920782343,"standard_error":2670.198398282282},"StdDev":{"confidence_interval":{"confidence_level":0.95,"lower_bound":44626.96754016149,"upper_bound":108030.0048154986},"point_estimate":82731.07365126308,"standard_error":16114.258053722499}}