{"Mean":{"confidence_interval":{"confidence_level":0.95,"lower_bound":699184.1303181441,"upper_bound":753236.25506071},"point_estimate":718347.6104163299,"standard_error":16286.270142720103},"Median":{"confidence_interval":{"confidence_level":0.95,"lower_bound":695718.5943814251,"upper_bound":703944.3974358974},"point_estimate":701759.864102564,"standard_error":2120.4509247077626},"MedianAbsDev":{"confidence_interval":{"confidence_level":0.95,"lower_bound":4985.079148997133,"upper_bound":12585.21545732738},"point_estimate":10694.380552444549,"standard_error":1954.2937441939112},"Slope":{"confidence_interval":{"confidence_level":0.95,"lower_bound":695429.6666326198,"upper_bound":700791.5440875052},"point_estimate":698001.2689685315,"standard_error":1370.7874125752205},"StdDev":{"confidence_interval":{"confidence_level":0.95,"lower_bound":6556.22683539017,"upper_bound":156489.15066787903},"point_estimate":93524.09311395878,"standard_error":52656.52462619272}}