{"Mean":{"confidence_interval":{"confidence_level":0.95,"lower_bound":840490.978327937,"upper_bound":859827.2499152663},"point_estimate":848694.9402337875,"standard_error":4999.403778437496},"Median":{"confidence_interval":{"confidence_level":0.95,"lower_bound":834462.6461038961,"upper_bound":849900.6753246753},"point_estimate":839920.5959224598,"standard_error":4687.715513643719},"MedianAbsDev":{"confidence_interval":{"confidence_level":0.95,"lower_bound":5906.55591258285,"upper_bound":22493.271277028136},"point_estimate":13471.231044676293,"standard_error":4130.422328460212},"Slope":{"confidence_interval":{"confidence_level":0.95,"lower_bound":834305.0099657768,"upper_bound":841062.1417442145},"point_estimate":837354.2999841068,"standard_error":1731.0875819959795},"StdDev":{"confidence_interval":{"confidence_level":0.95,"lower_bound":11509.738917559953,"upper_bound":44157.30360109165},"point_estimate":28770.62154658238,"standard_error":9955.412729582102}}