{"Mean":{"confidence_interval":{"confidence_level":0.95,"lower_bound":81.33244757447079,"upper_bound":82.5910684819612},"point_estimate":81.89581873574194,"standard_error":0.32311928602316276},"Median":{"confidence_interval":{"confidence_level":0.95,"lower_bound":81.11244001834733,"upper_bound":81.3456243653902},"point_estimate":81.21897220094021,"standard_error":0.06789224235393211},"MedianAbsDev":{"confidence_interval":{"confidence_level":0.95,"lower_bound":0.16172362828283618,"upper_bound":0.9157129407190239},"point_estimate":0.30490136412241114,"standard_error":0.2090566153287058},"Slope":{"confidence_interval":{"confidence_level":0.95,"lower_bound":80.9353775711611,"upper_bound":81.1867238159249},"point_estimate":81.05712113496465,"standard_error":0.06399352266513912},"StdDev":{"confidence_interval":{"confidence_level":0.95,"lower_bound":0.8309308906265099,"upper_bound":2.600101873998714},"point_estimate":1.8514637733212809,"standard_error":0.4633856218005638}}