{"Mean":{"confidence_interval":{"confidence_level":0.95,"lower_bound":-0.06204815906365279,"upper_bound":-0.04245731136775172},"point_estimate":-0.05228961709046798,"standard_error":0.005020177034982425},"Median":{"confidence_interval":{"confidence_level":0.95,"lower_bound":-0.06547678421107983,"upper_bound":-0.043923345989573925},"point_estimate":-0.05474574900758877,"standard_error":0.005668271558472187}}