{"Mean":{"confidence_interval":{"confidence_level":0.95,"lower_bound":126.93830384019367,"upper_bound":128.53265802269655},"point_estimate":127.66918823760419,"standard_error":0.4096194508407706},"Median":{"confidence_interval":{"confidence_level":0.95,"lower_bound":126.63073937901977,"upper_bound":126.93539187164521},"point_estimate":126.7896019944084,"standard_error":0.09013607449313339},"MedianAbsDev":{"confidence_interval":{"confidence_level":0.95,"lower_bound":0.2207529131147029,"upper_bound":1.0099884529840157},"point_estimate":0.38118560188782236,"standard_error":0.22667274659051387},"Slope":{"confidence_interval":{"confidence_level":0.95,"lower_bound":126.16477117042207,"upper_bound":126.76182798458049},"point_estimate":126.46982189819836,"standard_error":0.15277554942208374},"StdDev":{"confidence_interval":{"confidence_level":0.95,"lower_bound":1.2589238303431833,"upper_bound":3.0941388487882335},"point_estimate":2.3544534363125273,"standard_error":0.46616642926551516}}