{"Mean":{"confidence_interval":{"confidence_level":0.95,"lower_bound":865.2831671136403,"upper_bound":874.5533304510724},"point_estimate":869.2050948000985,"standard_error":2.4070723510253225},"Median":{"confidence_interval":{"confidence_level":0.95,"lower_bound":863.9995520230118,"upper_bound":866.4796066323877},"point_estimate":865.4689187172895,"standard_error":0.6559081672637388},"MedianAbsDev":{"confidence_interval":{"confidence_level":0.95,"lower_bound":1.83821340974532,"upper_bound":5.839778477419872},"point_estimate":3.2367980890553634,"standard_error":1.0599336579957044},"Slope":{"confidence_interval":{"confidence_level":0.95,"lower_bound":863.7492227229804,"upper_bound":866.9927524866886},"point_estimate":865.1603533070547,"standard_error":0.8315244926228552},"StdDev":{"confidence_interval":{"confidence_level":0.95,"lower_bound":4.036726755886471,"upper_bound":21.03645187389482},"point_estimate":13.806545336193425,"standard_error":4.727195303719428}}