{"Mean":{"confidence_interval":{"confidence_level":0.95,"lower_bound":2817.162196822916,"upper_bound":2908.7993115435424},"point_estimate":2860.625178114989,"standard_error":23.394393693491935},"Median":{"confidence_interval":{"confidence_level":0.95,"lower_bound":2760.6706128338783,"upper_bound":2862.675736961451},"point_estimate":2840.495970834081,"standard_error":28.19798971676876},"MedianAbsDev":{"confidence_interval":{"confidence_level":0.95,"lower_bound":44.395030380174035,"upper_bound":173.3777769174319},"point_estimate":130.69632644068543,"standard_error":31.694424726289128},"Slope":{"confidence_interval":{"confidence_level":0.95,"lower_bound":2791.7373602956195,"upper_bound":2942.3399475560846},"point_estimate":2864.451615375966,"standard_error":38.61442050619006},"StdDev":{"confidence_interval":{"confidence_level":0.95,"lower_bound":92.8960643777879,"upper_bound":163.33358603195805},"point_estimate":134.1451649860281,"standard_error":18.016114762203696}}