{"Mean":{"confidence_interval":{"confidence_level":0.95,"lower_bound":185.4571310166804,"upper_bound":189.48745921783618},"point_estimate":187.00737255204416,"standard_error":1.096818365880719},"Median":{"confidence_interval":{"confidence_level":0.95,"lower_bound":185.42090513881263,"upper_bound":186.3088586277302},"point_estimate":186.04195692536842,"standard_error":0.2194313755262473},"MedianAbsDev":{"confidence_interval":{"confidence_level":0.95,"lower_bound":0.5352083964488178,"upper_bound":1.9700222267812892},"point_estimate":1.1490639356983008,"standard_error":0.37640991857961104},"Slope":{"confidence_interval":{"confidence_level":0.95,"lower_bound":184.99313444105488,"upper_bound":186.0947573860543},"point_estimate":185.5291888004609,"standard_error":0.28040393968383703},"StdDev":{"confidence_interval":{"confidence_level":0.95,"lower_bound":1.2561890810181877,"upper_bound":10.299515470131244},"point_estimate":6.291245944291438,"standard_error":2.95482017182744}}