{"Mean":{"confidence_interval":{"confidence_level":0.95,"lower_bound":8811804.112748807,"upper_bound":9784612.350452825},"point_estimate":9203347.500506734,"standard_error":255295.49480635242},"Median":{"confidence_interval":{"confidence_level":0.95,"lower_bound":8718376.268817205,"upper_bound":8895673.107142856},"point_estimate":8790601.716165414,"standard_error":38907.42506180613},"MedianAbsDev":{"confidence_interval":{"confidence_level":0.95,"lower_bound":109923.2435364717,"upper_bound":485109.2002608297},"point_estimate":271933.6679790551,"standard_error":97857.22802549387},"Slope":{"confidence_interval":{"confidence_level":0.95,"lower_bound":8743201.053466238,"upper_bound":8859691.429383006},"point_estimate":8803311.309134616,"standard_error":29705.679644849974},"StdDev":{"confidence_interval":{"confidence_level":0.95,"lower_bound":399101.1837273817,"upper_bound":2317463.2431660686},"point_estimate":1466568.653504885,"standard_error":595129.4929266964}}