{"Mean":{"confidence_interval":{"confidence_level":0.95,"lower_bound":8758764.52120204,"upper_bound":9399328.81063856},"point_estimate":9030524.27737396,"standard_error":165321.14619075108},"Median":{"confidence_interval":{"confidence_level":0.95,"lower_bound":8699159.611111112,"upper_bound":8838035.976190476},"point_estimate":8748851.716481855,"standard_error":37004.610776096546},"MedianAbsDev":{"confidence_interval":{"confidence_level":0.95,"lower_bound":107626.58649176375,"upper_bound":408356.05840023054},"point_estimate":198283.5135197645,"standard_error":78793.2322308756},"Slope":{"confidence_interval":{"confidence_level":0.95,"lower_bound":8707966.015762905,"upper_bound":8806657.505924935},"point_estimate":8759140.37132867,"standard_error":25040.70308495626},"StdDev":{"confidence_interval":{"confidence_level":0.95,"lower_bound":359268.0693088012,"upper_bound":1442739.8468827803},"point_estimate":953318.8163830795,"standard_error":318750.74564057036}}