{"Mean":{"confidence_interval":{"confidence_level":0.95,"lower_bound":7194.530834445066,"upper_bound":8102.327466253533},"point_estimate":7590.462724677598,"standard_error":229.7631812476925},"Median":{"confidence_interval":{"confidence_level":0.95,"lower_bound":7161.280285751172,"upper_bound":8468.971898265698},"point_estimate":7217.339802900547,"standard_error":384.9322229697194},"MedianAbsDev":{"confidence_interval":{"confidence_level":0.95,"lower_bound":0.0,"upper_bound":860.8378131803015},"point_estimate":83.11383865009657,"standard_error":334.8601043520659},"Slope":{"confidence_interval":{"confidence_level":0.95,"lower_bound":7176.091248996909,"upper_bound":8062.085874841167},"point_estimate":7392.669293094477,"standard_error":219.32935230977697},"StdDev":{"confidence_interval":{"confidence_level":0.95,"lower_bound":24.85992882715914,"upper_bound":701.4339025998017},"point_estimate":575.297867924635,"standard_error":179.39600048843658}}