{"Mean":{"confidence_interval":{"confidence_level":0.95,"lower_bound":933.7240290178061,"upper_bound":952.3108354610818},"point_estimate":941.3229563776104,"standard_error":4.905772273329343},"Median":{"confidence_interval":{"confidence_level":0.95,"lower_bound":931.5378239645139,"upper_bound":936.8805907285032},"point_estimate":934.5317628485441,"standard_error":1.6005443362571468},"MedianAbsDev":{"confidence_interval":{"confidence_level":0.95,"lower_bound":2.9346792482171615,"upper_bound":8.308305818261013},"point_estimate":5.401364406281215,"standard_error":1.3706015532045537},"Slope":{"confidence_interval":{"confidence_level":0.95,"lower_bound":933.0727107498708,"upper_bound":936.7627651011097},"point_estimate":934.9172917639517,"standard_error":0.9418388921672504},"StdDev":{"confidence_interval":{"confidence_level":0.95,"lower_bound":4.119136683861791,"upper_bound":43.803915244522706},"point_estimate":28.17295117090365,"standard_error":10.969987719772018}}