{"Mean":{"confidence_interval":{"confidence_level":0.95,"lower_bound":198.2206358558078,"upper_bound":202.93138328510648},"point_estimate":200.05588383311638,"standard_error":1.2535284126280493},"Median":{"confidence_interval":{"confidence_level":0.95,"lower_bound":197.54394789120357,"upper_bound":199.10554970929292},"point_estimate":198.08602798096763,"standard_error":0.38021029708360243},"MedianAbsDev":{"confidence_interval":{"confidence_level":0.95,"lower_bound":0.7354602131255098,"upper_bound":2.7914864107349526},"point_estimate":1.4784771683289406,"standard_error":0.50310177532887},"Slope":{"confidence_interval":{"confidence_level":0.95,"lower_bound":197.57513046517266,"upper_bound":199.18055671107211},"point_estimate":198.27748828334362,"standard_error":0.41462801074062716},"StdDev":{"confidence_interval":{"confidence_level":0.95,"lower_bound":1.5879727733342086,"upper_bound":11.545940876022888},"point_estimate":7.179992530886921,"standard_error":3.1420023610785885}}