{"Mean":{"confidence_interval":{"confidence_level":0.95,"lower_bound":-0.08500680534687713,"upper_bound":-0.006141139095896738},"point_estimate":-0.05110730951374298,"standard_error":0.01998717624080178},"Median":{"confidence_interval":{"confidence_level":0.95,"lower_bound":-0.09106697226402982,"upper_bound":-0.06942830479610085},"point_estimate":-0.08162268062276068,"standard_error":0.005241491282652107}}