{"Mean":{"confidence_interval":{"confidence_level":0.95,"lower_bound":6747.927326599087,"upper_bound":6911.800736613193},"point_estimate":6819.018515196101,"standard_error":42.2758192165266},"Median":{"confidence_interval":{"confidence_level":0.95,"lower_bound":6716.187330898269,"upper_bound":6797.050664992559},"point_estimate":6739.928156478938,"standard_error":19.454214791895954},"MedianAbsDev":{"confidence_interval":{"confidence_level":0.95,"lower_bound":34.85142961036746,"upper_bound":136.28290685468806},"point_estimate":68.31168196053306,"standard_error":27.203992405763273},"Slope":{"confidence_interval":{"confidence_level":0.95,"lower_bound":6703.477437970799,"upper_bound":6767.054342210635},"point_estimate":6734.774252635386,"standard_error":16.257993635492095},"StdDev":{"confidence_interval":{"confidence_level":0.95,"lower_bound":86.96065454666413,"upper_bound":360.5875099110221},"point_estimate":242.6948625810046,"standard_error":73.66382195441388}}