{"Mean":{"confidence_interval":{"confidence_level":0.95,"lower_bound":13895.807920858808,"upper_bound":14352.266740048832},"point_estimate":14092.905778553039,"standard_error":118.26376963758108},"Median":{"confidence_interval":{"confidence_level":0.95,"lower_bound":13841.812321699545,"upper_bound":14032.794638340922},"point_estimate":13948.18152157951,"standard_error":60.09885418436587},"MedianAbsDev":{"confidence_interval":{"confidence_level":0.95,"lower_bound":159.55723374893523,"upper_bound":490.2288852553486},"point_estimate":286.5371540607623,"standard_error":81.87479152137486},"Slope":{"confidence_interval":{"confidence_level":0.95,"lower_bound":13758.528351728804,"upper_bound":13885.25796128691},"point_estimate":13817.651521827944,"standard_error":32.319975019385964},"StdDev":{"confidence_interval":{"confidence_level":0.95,"lower_bound":221.34528847378039,"upper_bound":1019.1402282569419},"point_estimate":678.800139128991,"standard_error":216.7063345911156}}