{"Mean":{"confidence_interval":{"confidence_level":0.95,"lower_bound":13686.699463878658,"upper_bound":13942.969271482738},"point_estimate":13799.951054863712,"standard_error":65.99644085013017},"Median":{"confidence_interval":{"confidence_level":0.95,"lower_bound":13628.13940464917,"upper_bound":13668.471830544982},"point_estimate":13644.816517857143,"standard_error":11.60598255026157},"MedianAbsDev":{"confidence_interval":{"confidence_level":0.95,"lower_bound":16.498307957571278,"upper_bound":73.1997649058005},"point_estimate":35.299692074199285,"standard_error":16.02535279283949},"Slope":{"confidence_interval":{"confidence_level":0.95,"lower_bound":13640.372911791643,"upper_bound":13730.204817206184},"point_estimate":13673.165496872918,"standard_error":23.52094927362558},"StdDev":{"confidence_interval":{"confidence_level":0.95,"lower_bound":132.4810299245783,"upper_bound":545.5289947148026},"point_estimate":381.18103302545893,"standard_error":103.74850414674444}}