{"Mean":{"confidence_interval":{"confidence_level":0.95,"lower_bound":108575.39874300841,"upper_bound":109634.79512941536},"point_estimate":109027.37921405639,"standard_error":274.1387734207837},"Median":{"confidence_interval":{"confidence_level":0.95,"lower_bound":108424.3880514706,"upper_bound":108787.57485047847},"point_estimate":108534.74715909091,"standard_error":84.46369589741256},"MedianAbsDev":{"confidence_interval":{"confidence_level":0.95,"lower_bound":202.0114417971014,"upper_bound":703.4528248999677},"point_estimate":387.86138793984594,"standard_error":120.62706809336106},"Slope":{"confidence_interval":{"confidence_level":0.95,"lower_bound":108411.17356829347,"upper_bound":108666.76822582366},"point_estimate":108537.91594981722,"standard_error":65.11628269333806},"StdDev":{"confidence_interval":{"confidence_level":0.95,"lower_bound":427.9139844263839,"upper_bound":2381.361414793467},"point_estimate":1576.5296937327432,"standard_error":521.8652425150063}}