{"Mean":{"confidence_interval":{"confidence_level":0.95,"lower_bound":7.316006731109779,"upper_bound":7.517210350171454},"point_estimate":7.395446862920964,"standard_error":0.05363351604708343},"Median":{"confidence_interval":{"confidence_level":0.95,"lower_bound":7.305814862624553,"upper_bound":7.353265696218218},"point_estimate":7.336815860135888,"standard_error":0.01317697488819611},"MedianAbsDev":{"confidence_interval":{"confidence_level":0.95,"lower_bound":0.03346241052488864,"upper_bound":0.15142695806204864},"point_estimate":0.060381064318852845,"standard_error":0.029499032462520662},"Slope":{"confidence_interval":{"confidence_level":0.95,"lower_bound":7.267569467819542,"upper_bound":7.315839757327353},"point_estimate":7.291988874767741,"standard_error":0.012324618426447921},"StdDev":{"confidence_interval":{"confidence_level":0.95,"lower_bound":0.08417407992783198,"upper_bound":0.49661220546323465},"point_estimate":0.3075085853342151,"standard_error":0.1342213490687489}}