{"Mean":{"confidence_interval":{"confidence_level":0.95,"lower_bound":0.03957386254900106,"upper_bound":0.08652596850197443},"point_estimate":0.0631148005827642,"standard_error":0.011962146993507129},"Median":{"confidence_interval":{"confidence_level":0.95,"lower_bound":0.05668238012532423,"upper_bound":0.09888301505953097},"point_estimate":0.0771922856146019,"standard_error":0.009687305403642514}}