{"Mean":{"confidence_interval":{"confidence_level":0.95,"lower_bound":210.88752446557874,"upper_bound":212.26316798495756},"point_estimate":211.46595292940145,"standard_error":0.356168631305232},"Median":{"confidence_interval":{"confidence_level":0.95,"lower_bound":210.56492650747654,"upper_bound":211.54391880255483},"point_estimate":210.88130701149603,"standard_error":0.23241717501493692},"MedianAbsDev":{"confidence_interval":{"confidence_level":0.95,"lower_bound":0.5002681185454578,"upper_bound":1.5143559824061978},"point_estimate":0.9947345134524928,"standard_error":0.2760943768613218},"Slope":{"confidence_interval":{"confidence_level":0.95,"lower_bound":210.73165814221986,"upper_bound":211.56049467472172},"point_estimate":211.13567004771178,"standard_error":0.21337334430065324},"StdDev":{"confidence_interval":{"confidence_level":0.95,"lower_bound":0.8461203332995089,"upper_bound":3.147894459134953},"point_estimate":2.042624956162355,"standard_error":0.7122799668157963}}