{"Mean":{"confidence_interval":{"confidence_level":0.95,"lower_bound":0.0007877223040283491,"upper_bound":0.011873922907796418},"point_estimate":0.006324854046150907,"standard_error":0.002783187864457573},"Median":{"confidence_interval":{"confidence_level":0.95,"lower_bound":-0.0008483570457320511,"upper_bound":0.005622259755880821},"point_estimate":0.0011599009657836667,"standard_error":0.0016129437610522995}}