{"Mean":{"confidence_interval":{"confidence_level":0.95,"lower_bound":14966.85174649669,"upper_bound":15429.250961722379},"point_estimate":15170.122897923433,"standard_error":118.46202622886914},"Median":{"confidence_interval":{"confidence_level":0.95,"lower_bound":14864.755892255893,"upper_bound":15374.897509041028},"point_estimate":15221.093919707831,"standard_error":156.55408935556363},"MedianAbsDev":{"confidence_interval":{"confidence_level":0.95,"lower_bound":191.8023584073968,"upper_bound":635.8607576070725},"point_estimate":479.3465655306999,"standard_error":116.58176474371027},"Slope":{"confidence_interval":{"confidence_level":0.95,"lower_bound":15131.46589579313,"upper_bound":15349.41271584553},"point_estimate":15244.359445268536,"standard_error":55.5470555457698},"StdDev":{"confidence_interval":{"confidence_level":0.95,"lower_bound":343.85959614686425,"upper_bound":1034.1685163148736},"point_estimate":681.0641981801326,"standard_error":213.8695717669575}}