{"Mean":{"confidence_interval":{"confidence_level":0.95,"lower_bound":4643.443122328534,"upper_bound":4682.709797996385},"point_estimate":4662.630631286924,"standard_error":10.028771014848678},"Median":{"confidence_interval":{"confidence_level":0.95,"lower_bound":4638.070662858799,"upper_bound":4685.914642659792},"point_estimate":4659.158726974894,"standard_error":10.702423452384066},"MedianAbsDev":{"confidence_interval":{"confidence_level":0.95,"lower_bound":31.82342586660165,"upper_bound":81.50316076692177},"point_estimate":57.138342569484095,"standard_error":13.304154205917923},"Slope":{"confidence_interval":{"confidence_level":0.95,"lower_bound":4638.619758998497,"upper_bound":4678.55496913765},"point_estimate":4657.206562525065,"standard_error":10.171285998603766},"StdDev":{"confidence_interval":{"confidence_level":0.95,"lower_bound":40.059452181832775,"upper_bound":68.94171527601495},"point_estimate":55.92704065765849,"standard_error":7.446125516383818}}