{"Mean":{"confidence_interval":{"confidence_level":0.95,"lower_bound":6278.718081607952,"upper_bound":7236.30052004448},"point_estimate":6769.531964403073,"standard_error":244.30712991971834},"Median":{"confidence_interval":{"confidence_level":0.95,"lower_bound":6624.647440159574,"upper_bound":7457.192486702128},"point_estimate":6975.127191091954,"standard_error":245.31661681632505},"MedianAbsDev":{"confidence_interval":{"confidence_level":0.95,"lower_bound":676.9382465368318,"upper_bound":2168.558887307398},"point_estimate":1313.9322567206139,"standard_error":376.65946145403905},"Slope":{"confidence_interval":{"confidence_level":0.95,"lower_bound":5852.857987864635,"upper_bound":7278.4874542951975},"point_estimate":6597.146367611776,"standard_error":363.6254135968334},"StdDev":{"confidence_interval":{"confidence_level":0.95,"lower_bound":1069.8724377809294,"upper_bound":1637.225772601336},"point_estimate":1405.3557816712535,"standard_error":144.1903401259613}}