{"Mean":{"confidence_interval":{"confidence_level":0.95,"lower_bound":5885.797476682974,"upper_bound":6788.933623781162},"point_estimate":6341.6120775923155,"standard_error":230.49876632066992},"Median":{"confidence_interval":{"confidence_level":0.95,"lower_bound":5961.3154923251695,"upper_bound":7032.445256261046},"point_estimate":6396.443448318449,"standard_error":273.03945423387336},"MedianAbsDev":{"confidence_interval":{"confidence_level":0.95,"lower_bound":725.9234100789563,"upper_bound":2175.668055268851},"point_estimate":1302.608811839174,"standard_error":376.355702984595},"Slope":{"confidence_interval":{"confidence_level":0.95,"lower_bound":6267.134051925924,"upper_bound":7397.699642571094},"point_estimate":6858.409138230729,"standard_error":290.1970045525789},"StdDev":{"confidence_interval":{"confidence_level":0.95,"lower_bound":1024.4979919548234,"upper_bound":1547.7653891339655},"point_estimate":1327.1393270611827,"standard_error":133.23643070955163}}