{"Mean":{"confidence_interval":{"confidence_level":0.95,"lower_bound":60.66747846504203,"upper_bound":61.336614086021235},"point_estimate":60.95352001045937,"standard_error":0.1739550469433291},"Median":{"confidence_interval":{"confidence_level":0.95,"lower_bound":60.61652314906111,"upper_bound":60.75791099717347},"point_estimate":60.736090290858314,"standard_error":0.03485101279082345},"MedianAbsDev":{"confidence_interval":{"confidence_level":0.95,"lower_bound":0.07206280232553998,"upper_bound":0.32709766493498077},"point_estimate":0.19880004818759847,"standard_error":0.061648338278135664},"Slope":{"confidence_interval":{"confidence_level":0.95,"lower_bound":60.56498866375532,"upper_bound":60.77660158481542},"point_estimate":60.668100064744955,"standard_error":0.0540051743324064},"StdDev":{"confidence_interval":{"confidence_level":0.95,"lower_bound":0.19375310886676753,"upper_bound":1.4961126979108974},"point_estimate":0.9988879067038,"standard_error":0.3341125001633209}}