{"Mean":{"confidence_interval":{"confidence_level":0.95,"lower_bound":62.502908034520495,"upper_bound":63.31194703496067},"point_estimate":62.87238835738461,"standard_error":0.20734485411380163},"Median":{"confidence_interval":{"confidence_level":0.95,"lower_bound":62.397632685910274,"upper_bound":62.56677086350293},"point_estimate":62.4572275535627,"standard_error":0.05168554672596713},"MedianAbsDev":{"confidence_interval":{"confidence_level":0.95,"lower_bound":0.07297919248921404,"upper_bound":0.45373736040395907},"point_estimate":0.15279883436441327,"standard_error":0.10180465222649353},"Slope":{"confidence_interval":{"confidence_level":0.95,"lower_bound":62.02621374292629,"upper_bound":62.535553392423786},"point_estimate":62.31851561262614,"standard_error":0.13594753822657119},"StdDev":{"confidence_interval":{"confidence_level":0.95,"lower_bound":0.586062860266778,"upper_bound":1.6004765519779174},"point_estimate":1.1893401719519154,"standard_error":0.2576861922922476}}