{"Mean":{"confidence_interval":{"confidence_level":0.95,"lower_bound":7378038.378586953,"upper_bound":8045175.650062151},"point_estimate":7657208.319461809,"standard_error":173082.42715080982},"Median":{"confidence_interval":{"confidence_level":0.95,"lower_bound":7333328.805555556,"upper_bound":7495401.342506631},"point_estimate":7388997.930925666,"standard_error":39989.3905727777},"MedianAbsDev":{"confidence_interval":{"confidence_level":0.95,"lower_bound":116956.13641635585,"upper_bound":493766.45187707455},"point_estimate":312957.13294455636,"standard_error":102908.11028449958},"Slope":{"confidence_interval":{"confidence_level":0.95,"lower_bound":7340555.495327402,"upper_bound":7462332.416867101},"point_estimate":7403937.052229021,"standard_error":30939.84752156501},"StdDev":{"confidence_interval":{"confidence_level":0.95,"lower_bound":349165.19493034435,"upper_bound":1532502.6355962674},"point_estimate":996559.4319338959,"standard_error":355027.7832899264}}