{"Mean":{"confidence_interval":{"confidence_level":0.95,"lower_bound":1175.7073178775563,"upper_bound":1199.838091393849},"point_estimate":1185.6723344615773,"standard_error":6.286709725146144},"Median":{"confidence_interval":{"confidence_level":0.95,"lower_bound":1171.9090742383214,"upper_bound":1186.8467970813815},"point_estimate":1180.8282536254496,"standard_error":3.961672732385331},"MedianAbsDev":{"confidence_interval":{"confidence_level":0.95,"lower_bound":10.867739923897817,"upper_bound":26.163391423105157},"point_estimate":19.38257140741682,"standard_error":3.9262044836344705},"Slope":{"confidence_interval":{"confidence_level":0.95,"lower_bound":1169.8746404837066,"upper_bound":1183.4423334232388},"point_estimate":1176.8823741495323,"standard_error":3.4777312669738647},"StdDev":{"confidence_interval":{"confidence_level":0.95,"lower_bound":13.547619139371264,"upper_bound":57.062099706553546},"point_estimate":36.04672305548017,"standard_error":13.92430463633219}}