{"Mean":{"confidence_interval":{"confidence_level":0.95,"lower_bound":189.35910102695303,"upper_bound":196.077182879252},"point_estimate":192.18777716383045,"standard_error":1.748015976526191},"Median":{"confidence_interval":{"confidence_level":0.95,"lower_bound":188.46076885836086,"upper_bound":190.21378588705088},"point_estimate":188.9280129201714,"standard_error":0.411283064233684},"MedianAbsDev":{"confidence_interval":{"confidence_level":0.95,"lower_bound":0.8019665312816825,"upper_bound":3.3156513571705233},"point_estimate":1.6144132514245266,"standard_error":0.6304696957198223},"Slope":{"confidence_interval":{"confidence_level":0.95,"lower_bound":188.52941640254448,"upper_bound":190.04320965116634},"point_estimate":189.15254998738166,"standard_error":0.3935726252841931},"StdDev":{"confidence_interval":{"confidence_level":0.95,"lower_bound":2.0821742681792594,"upper_bound":15.052689370794942},"point_estimate":10.012157359641138,"standard_error":3.4935465580363925}}