{"Mean":{"confidence_interval":{"confidence_level":0.95,"lower_bound":2826994.886483176,"upper_bound":2928155.450796479},"point_estimate":2869204.414008744,"standard_error":26328.285682664},"Median":{"confidence_interval":{"confidence_level":0.95,"lower_bound":2809938.496875,"upper_bound":2861945.0293560605},"point_estimate":2852293.6125,"standard_error":17261.723247986356},"MedianAbsDev":{"confidence_interval":{"confidence_level":0.95,"lower_bound":18364.650821462412,"upper_bound":79588.62659859171},"point_estimate":59239.3637657909,"standard_error":15379.676144975489},"Slope":{"confidence_interval":{"confidence_level":0.95,"lower_bound":2815205.275498123,"upper_bound":2850467.4140294734},"point_estimate":2834596.2891608393,"standard_error":9003.744878347758},"StdDev":{"confidence_interval":{"confidence_level":0.95,"lower_bound":45110.99868990205,"upper_bound":234705.15540513862},"point_estimate":151301.02917562294,"standard_error":55388.61285226564}}