{"Mean":{"confidence_interval":{"confidence_level":0.95,"lower_bound":56.59827091766688,"upper_bound":56.91178102859627},"point_estimate":56.74144203014401,"standard_error":0.08022008910992122},"Median":{"confidence_interval":{"confidence_level":0.95,"lower_bound":56.52247525556837,"upper_bound":56.68066525665078},"point_estimate":56.59130566542261,"standard_error":0.03944066334618409},"MedianAbsDev":{"confidence_interval":{"confidence_level":0.95,"lower_bound":0.13124147629670269,"upper_bound":0.3574282054304885},"point_estimate":0.24499614137640982,"standard_error":0.060972377439829056},"Slope":{"confidence_interval":{"confidence_level":0.95,"lower_bound":56.56251034754742,"upper_bound":56.83475177565236},"point_estimate":56.66959492480347,"standard_error":0.07198151186134623},"StdDev":{"confidence_interval":{"confidence_level":0.95,"lower_bound":0.23617613028387233,"upper_bound":0.6068205876345866},"point_estimate":0.46126914285246057,"standard_error":0.092417186043791}}