{"Mean":{"confidence_interval":{"confidence_level":0.95,"lower_bound":59658.37758598665,"upper_bound":61543.741188079635},"point_estimate":60361.03738578214,"standard_error":535.6753950972972},"Median":{"confidence_interval":{"confidence_level":0.95,"lower_bound":59792.75335775336,"upper_bound":59961.6452991453},"point_estimate":59849.17623854276,"standard_error":51.45170521263146},"MedianAbsDev":{"confidence_interval":{"confidence_level":0.95,"lower_bound":143.01513851743263,"upper_bound":474.6440004491215},"point_estimate":239.67643591582942,"standard_error":88.21311374400334},"Slope":{"confidence_interval":{"confidence_level":0.95,"lower_bound":59618.131692594616,"upper_bound":60000.550259550284},"point_estimate":59826.691153397886,"standard_error":98.59315287374335},"StdDev":{"confidence_interval":{"confidence_level":0.95,"lower_bound":403.98499310286144,"upper_bound":5103.87984531359},"point_estimate":3063.956723921259,"standard_error":1589.1017798707574}}