{"Mean":{"confidence_interval":{"confidence_level":0.95,"lower_bound":13166.64327090089,"upper_bound":13521.495090516113},"point_estimate":13311.679124605997,"standard_error":93.13728001070736},"Median":{"confidence_interval":{"confidence_level":0.95,"lower_bound":13153.771774952918,"upper_bound":13206.573361219758},"point_estimate":13168.121876826417,"standard_error":13.015824703085116},"MedianAbsDev":{"confidence_interval":{"confidence_level":0.95,"lower_bound":41.99531837572691,"upper_bound":142.15109369241932},"point_estimate":88.57526383782293,"standard_error":24.778078284258818},"Slope":{"confidence_interval":{"confidence_level":0.95,"lower_bound":13179.89265903044,"upper_bound":13710.89862711976},"point_estimate":13397.680527364584,"standard_error":139.27512045197474},"StdDev":{"confidence_interval":{"confidence_level":0.95,"lower_bound":85.98361689109777,"upper_bound":835.5217257829985},"point_estimate":536.5950640249927,"standard_error":207.97949741873367}}