{"Mean":{"confidence_interval":{"confidence_level":0.95,"lower_bound":54865.21042188096,"upper_bound":55991.28487744985},"point_estimate":55357.39645581571,"standard_error":290.01465519602544},"Median":{"confidence_interval":{"confidence_level":0.95,"lower_bound":54838.91581632653,"upper_bound":55305.49156746032},"point_estimate":55119.353794642855,"standard_error":147.88644658788965},"MedianAbsDev":{"confidence_interval":{"confidence_level":0.95,"lower_bound":356.754201196104,"upper_bound":1540.1703504342863},"point_estimate":648.9555896150993,"standard_error":314.2692586152728},"Slope":{"confidence_interval":{"confidence_level":0.95,"lower_bound":54855.46716840925,"upper_bound":56006.01278327138},"point_estimate":55418.20378891941,"standard_error":295.99577225874185},"StdDev":{"confidence_interval":{"confidence_level":0.95,"lower_bound":744.7239208312232,"upper_bound":2497.397518943061},"point_estimate":1664.2264626325486,"standard_error":516.154237812855}}