{"Mean":{"confidence_interval":{"confidence_level":0.95,"lower_bound":-0.031122202708720407,"upper_bound":-0.005852357456323295},"point_estimate":-0.020032849345519743,"standard_error":0.006438827356169484},"Median":{"confidence_interval":{"confidence_level":0.95,"lower_bound":-0.03380260189021067,"upper_bound":-0.020172167081161763},"point_estimate":-0.027569395375196204,"standard_error":0.00358064118194287}}