{"Mean":{"confidence_interval":{"confidence_level":0.95,"lower_bound":547441.770026577,"upper_bound":595088.4248531685},"point_estimate":566097.8051034336,"standard_error":12670.915104292366},"Median":{"confidence_interval":{"confidence_level":0.95,"lower_bound":546595.9764705882,"upper_bound":553434.6017156863},"point_estimate":550938.7564338236,"standard_error":1960.785094335164},"MedianAbsDev":{"confidence_interval":{"confidence_level":0.95,"lower_bound":3241.5678707476463,"upper_bound":11981.547123650844},"point_estimate":6694.422217930443,"standard_error":2189.2630363533463},"Slope":{"confidence_interval":{"confidence_level":0.95,"lower_bound":544544.6972295536,"upper_bound":550302.9758346241},"point_estimate":547522.0744600988,"standard_error":1469.3926578155265},"StdDev":{"confidence_interval":{"confidence_level":0.95,"lower_bound":6963.8633575205195,"upper_bound":116297.10774487848},"point_estimate":73116.14766778139,"standard_error":31668.979889124992}}