{"Mean":{"confidence_interval":{"confidence_level":0.95,"lower_bound":20594.00374554832,"upper_bound":22050.033321052848},"point_estimate":21293.287956936427,"standard_error":361.6142515560304},"Median":{"confidence_interval":{"confidence_level":0.95,"lower_bound":20089.13637480044,"upper_bound":22612.08399852634},"point_estimate":21351.304801670147,"standard_error":447.96847627583855},"MedianAbsDev":{"confidence_interval":{"confidence_level":0.95,"lower_bound":0.0,"upper_bound":1869.231204073506},"point_estimate":436.5428198317916,"standard_error":656.4869789909296},"Slope":{"confidence_interval":{"confidence_level":0.95,"lower_bound":20305.389028262663,"upper_bound":21427.455834108172},"point_estimate":20961.48325946435,"standard_error":326.47922122929475},"StdDev":{"confidence_interval":{"confidence_level":0.95,"lower_bound":132.99601483717134,"upper_bound":1261.477103372697},"point_estimate":901.739143528988,"standard_error":278.3154941735103}}