{"Mean":{"confidence_interval":{"confidence_level":0.95,"lower_bound":205837.08859145953,"upper_bound":208491.5657531336},"point_estimate":207111.22923305718,"standard_error":674.7149886983319},"Median":{"confidence_interval":{"confidence_level":0.95,"lower_bound":205173.4225621415,"upper_bound":209387.6991714468},"point_estimate":206700.29318036966,"standard_error":1078.2972110579087},"MedianAbsDev":{"confidence_interval":{"confidence_level":0.95,"lower_bound":0.0,"upper_bound":2263.7383383956812},"point_estimate":2261.3886048491418,"standard_error":821.2578936565384},"Slope":{"confidence_interval":{"confidence_level":0.95,"lower_bound":205450.98633586717,"upper_bound":207963.01784576164},"point_estimate":206508.66562373255,"standard_error":577.7380072019392},"StdDev":{"confidence_interval":{"confidence_level":0.95,"lower_bound":544.6717198951059,"upper_bound":2149.102989854946},"point_estimate":1690.708285684575,"standard_error":407.03158049846155}}