{"Mean":{"confidence_interval":{"confidence_level":0.95,"lower_bound":645.1490074297593,"upper_bound":667.6366437320335},"point_estimate":656.573989161875,"standard_error":5.7501345708754625},"Median":{"confidence_interval":{"confidence_level":0.95,"lower_bound":648.4692878548955,"upper_bound":668.1537651777774},"point_estimate":660.4336721571402,"standard_error":6.418610870385858},"MedianAbsDev":{"confidence_interval":{"confidence_level":0.95,"lower_bound":16.859681571275164,"upper_bound":53.79830439403194},"point_estimate":31.21440178022236,"standard_error":10.170685128673336},"Slope":{"confidence_interval":{"confidence_level":0.95,"lower_bound":659.3263684794739,"upper_bound":677.4826695843736},"point_estimate":667.7849566335392,"standard_error":4.643638111437948},"StdDev":{"confidence_interval":{"confidence_level":0.95,"lower_bound":25.411681815969022,"upper_bound":38.5231077618447},"point_estimate":32.97399878207663,"standard_error":3.3515101764213644}}