{"Mean":{"confidence_interval":{"confidence_level":0.95,"lower_bound":53522.332836061265,"upper_bound":54080.97062462807},"point_estimate":53754.26766383244,"standard_error":145.696759507549},"Median":{"confidence_interval":{"confidence_level":0.95,"lower_bound":53436.50769230769,"upper_bound":53605.410158730156},"point_estimate":53482.8352,"standard_error":42.110164437001146},"MedianAbsDev":{"confidence_interval":{"confidence_level":0.95,"lower_bound":95.12334304028184,"upper_bound":297.323972012059},"point_estimate":179.41271748145073,"standard_error":51.48430063343712},"Slope":{"confidence_interval":{"confidence_level":0.95,"lower_bound":53424.981288005445,"upper_bound":53542.21223742137},"point_estimate":53478.04702097902,"standard_error":29.99724454756149},"StdDev":{"confidence_interval":{"confidence_level":0.95,"lower_bound":205.106612027673,"upper_bound":1289.0491120101003},"point_estimate":835.5472844057862,"standard_error":302.2592848039705}}