{"Mean":{"confidence_interval":{"confidence_level":0.95,"lower_bound":3410.7890578277324,"upper_bound":3475.034621597973},"point_estimate":3439.6986113866406,"standard_error":16.448280683765173},"Median":{"confidence_interval":{"confidence_level":0.95,"lower_bound":3397.153483955765,"upper_bound":3423.970174676665},"point_estimate":3407.900900865777,"standard_error":5.990249537407461},"MedianAbsDev":{"confidence_interval":{"confidence_level":0.95,"lower_bound":16.342142015218798,"upper_bound":56.186964251160546},"point_estimate":32.48934891558444,"standard_error":10.078195193034011},"Slope":{"confidence_interval":{"confidence_level":0.95,"lower_bound":3387.453571345772,"upper_bound":3408.3782925140667},"point_estimate":3396.1659968521326,"standard_error":5.321747461213441},"StdDev":{"confidence_interval":{"confidence_level":0.95,"lower_bound":43.34018031917034,"upper_bound":128.2817811171749},"point_estimate":94.70617263267762,"standard_error":21.359624583367424}}