{"Mean":{"confidence_interval":{"confidence_level":0.95,"lower_bound":11969.278448395153,"upper_bound":12437.764689948237},"point_estimate":12156.291121850109,"standard_error":123.32873557748835},"Median":{"confidence_interval":{"confidence_level":0.95,"lower_bound":11982.48231653404,"upper_bound":12091.985600606291},"point_estimate":12051.681938750906,"standard_error":23.566882646495134},"MedianAbsDev":{"confidence_interval":{"confidence_level":0.95,"lower_bound":72.1093095626346,"upper_bound":290.72551622453096},"point_estimate":157.14003171151185,"standard_error":52.329568137455986},"Slope":{"confidence_interval":{"confidence_level":0.95,"lower_bound":11936.883819804048,"upper_bound":12087.810478937738},"point_estimate":12010.249612787742,"standard_error":38.60535430360781},"StdDev":{"confidence_interval":{"confidence_level":0.95,"lower_bound":188.3692171039588,"upper_bound":1140.8412633597607},"point_estimate":710.8419428335171,"standard_error":299.25585701774725}}