{"Mean":{"confidence_interval":{"confidence_level":0.95,"lower_bound":29161.05391759446,"upper_bound":30172.307597969448},"point_estimate":29654.841638105747,"standard_error":258.30661078028766},"Median":{"confidence_interval":{"confidence_level":0.95,"lower_bound":28402.325730425524,"upper_bound":30593.346156737454},"point_estimate":29346.657037052406,"standard_error":563.5084167102924},"MedianAbsDev":{"confidence_interval":{"confidence_level":0.95,"lower_bound":502.39141780898984,"upper_bound":2290.8200622912336},"point_estimate":1890.6909427683033,"standard_error":464.52208558951924},"Slope":{"confidence_interval":{"confidence_level":0.95,"lower_bound":28847.194347571778,"upper_bound":30090.807593626643},"point_estimate":29443.643481199313,"standard_error":318.89358880999356},"StdDev":{"confidence_interval":{"confidence_level":0.95,"lower_bound":1174.2391569478139,"upper_bound":1757.1171539798327},"point_estimate":1483.4632658928401,"standard_error":151.02291817484075}}