{"Mean":{"confidence_interval":{"confidence_level":0.95,"lower_bound":66.48208735094319,"upper_bound":68.68426582618488},"point_estimate":67.5710417670547,"standard_error":0.5627627527736653},"Median":{"confidence_interval":{"confidence_level":0.95,"lower_bound":64.81696150342778,"upper_bound":70.20353028111963},"point_estimate":67.371433628934,"standard_error":1.5114421268444815},"MedianAbsDev":{"confidence_interval":{"confidence_level":0.95,"lower_bound":0.9389002599224655,"upper_bound":5.427909125194387},"point_estimate":4.602796048020472,"standard_error":1.3889837111851717},"Slope":{"confidence_interval":{"confidence_level":0.95,"lower_bound":65.6577421242099,"upper_bound":68.26357171809103},"point_estimate":66.90312996842435,"standard_error":0.6673760021955277},"StdDev":{"confidence_interval":{"confidence_level":0.95,"lower_bound":2.7151885830024094,"upper_bound":3.5747729629342784},"point_estimate":3.2289713896434478,"standard_error":0.21939122211870057}}