{"Mean":{"confidence_interval":{"confidence_level":0.95,"lower_bound":6001825.189165589,"upper_bound":6690576.076438108},"point_estimate":6289530.012365602,"standard_error":179251.26569226658},"Median":{"confidence_interval":{"confidence_level":0.95,"lower_bound":5929998.675271739,"upper_bound":6133889.735491071},"point_estimate":6005141.536363636,"standard_error":48372.031024979886},"MedianAbsDev":{"confidence_interval":{"confidence_level":0.95,"lower_bound":140122.79646894056,"upper_bound":582539.634593997},"point_estimate":286205.09664384375,"standard_error":108091.59193795691},"Slope":{"confidence_interval":{"confidence_level":0.95,"lower_bound":5953490.472092042,"upper_bound":6091140.790303073},"point_estimate":6027094.701660839,"standard_error":35013.09508718887},"StdDev":{"confidence_interval":{"confidence_level":0.95,"lower_bound":360969.3681463363,"upper_bound":1594350.1659376845},"point_estimate":1029192.5848529193,"standard_error":373271.5034768085}}