{"Mean":{"confidence_interval":{"confidence_level":0.95,"lower_bound":1600489.7901084009,"upper_bound":1706166.4546144162},"point_estimate":1644170.3051260437,"standard_error":27684.54901421937},"Median":{"confidence_interval":{"confidence_level":0.95,"lower_bound":1590546.3703703703,"upper_bound":1608896.2734788358},"point_estimate":1597733.2788530467,"standard_error":4928.193252934106},"MedianAbsDev":{"confidence_interval":{"confidence_level":0.95,"lower_bound":12941.464593680575,"upper_bound":36136.42724254117},"point_estimate":24949.55969539885,"standard_error":6407.547754687292},"Slope":{"confidence_interval":{"confidence_level":0.95,"lower_bound":1585639.4568598995,"upper_bound":1597174.0027847087},"point_estimate":1590871.8789189977,"standard_error":2961.2258387617626},"StdDev":{"confidence_interval":{"confidence_level":0.95,"lower_bound":25617.206154647545,"upper_bound":248641.37650665196},"point_estimate":159616.09999611427,"standard_error":60983.6287010034}}