{"Mean":{"confidence_interval":{"confidence_level":0.95,"lower_bound":12.343379113780427,"upper_bound":12.574826770623542},"point_estimate":12.448564300210716,"standard_error":0.05943553666055908},"Median":{"confidence_interval":{"confidence_level":0.95,"lower_bound":12.267059766463518,"upper_bound":12.463221803095383},"point_estimate":12.364848899807985,"standard_error":0.061427642579784364},"MedianAbsDev":{"confidence_interval":{"confidence_level":0.95,"lower_bound":0.1397395959038649,"upper_bound":0.3789231280392385},"point_estimate":0.22432384627852872,"standard_error":0.05898760548344968},"Slope":{"confidence_interval":{"confidence_level":0.95,"lower_bound":12.237810421350408,"upper_bound":12.3438073889629},"point_estimate":12.287708722319666,"standard_error":0.027051627959668596},"StdDev":{"confidence_interval":{"confidence_level":0.95,"lower_bound":0.18903153158404348,"upper_bound":0.47898511619404416},"point_estimate":0.3405854025044823,"standard_error":0.0814163247528688}}