{"Mean":{"confidence_interval":{"confidence_level":0.95,"lower_bound":13760.0793362749,"upper_bound":14249.100024424688},"point_estimate":13955.21246908851,"standard_error":129.49568237214046},"Median":{"confidence_interval":{"confidence_level":0.95,"lower_bound":13657.802331178656,"upper_bound":13801.347541885181},"point_estimate":13720.231556465249,"standard_error":39.08505135144493},"MedianAbsDev":{"confidence_interval":{"confidence_level":0.95,"lower_bound":38.07375593250156,"upper_bound":233.1528911101393},"point_estimate":118.61139218967554,"standard_error":50.49565685038653},"Slope":{"confidence_interval":{"confidence_level":0.95,"lower_bound":13670.19247438732,"upper_bound":13736.446904644225},"point_estimate":13700.044326248639,"standard_error":17.01148917432886},"StdDev":{"confidence_interval":{"confidence_level":0.95,"lower_bound":185.48018136130634,"upper_bound":1187.7251771779577},"point_estimate":745.4919799104173,"standard_error":312.89581109286905}}