{"Mean":{"confidence_interval":{"confidence_level":0.95,"lower_bound":13691.135151278366,"upper_bound":13878.107901937943},"point_estimate":13772.556376844475,"standard_error":48.281295988804196},"Median":{"confidence_interval":{"confidence_level":0.95,"lower_bound":13619.597423596304,"upper_bound":13734.700089828635},"point_estimate":13644.607733826622,"standard_error":30.764618816461454},"MedianAbsDev":{"confidence_interval":{"confidence_level":0.95,"lower_bound":15.609567521379997,"upper_bound":182.0536775680662},"point_estimate":47.338333390628556,"standard_error":41.67600742468813},"Slope":{"confidence_interval":{"confidence_level":0.95,"lower_bound":13637.941506574622,"upper_bound":13696.321193431262},"point_estimate":13662.158849806909,"standard_error":15.010365427263734},"StdDev":{"confidence_interval":{"confidence_level":0.95,"lower_bound":131.55988486114666,"upper_bound":408.9020630523636},"point_estimate":276.2236662732274,"standard_error":84.13820550769796}}