{"Mean":{"confidence_interval":{"confidence_level":0.95,"lower_bound":-0.05136275180249461,"upper_bound":-0.005558475302696124},"point_estimate":-0.02727616601492444,"standard_error":0.011668580909266242},"Median":{"confidence_interval":{"confidence_level":0.95,"lower_bound":-0.04093417819314327,"upper_bound":0.004989103946493989},"point_estimate":-0.012028865673901046,"standard_error":0.010706229955038855}}