{"Mean":{"confidence_interval":{"confidence_level":0.95,"lower_bound":109160.95036619504,"upper_bound":109937.8666486111},"point_estimate":109545.40430007048,"standard_error":198.05100038634194},"Median":{"confidence_interval":{"confidence_level":0.95,"lower_bound":108908.7571764706,"upper_bound":110072.52470588236},"point_estimate":109764.37436974791,"standard_error":335.8244184109445},"MedianAbsDev":{"confidence_interval":{"confidence_level":0.95,"lower_bound":460.5680916839606,"upper_bound":1599.0265448736561},"point_estimate":1014.18009909876,"standard_error":283.2703651991953},"Slope":{"confidence_interval":{"confidence_level":0.95,"lower_bound":108734.3742380103,"upper_bound":109373.62114661746},"point_estimate":109042.37489510489,"standard_error":163.16162574738672},"StdDev":{"confidence_interval":{"confidence_level":0.95,"lower_bound":835.6704120616525,"upper_bound":1388.0218034092804},"point_estimate":1138.3651392489305,"standard_error":141.76527983586593}}