{"Mean":{"confidence_interval":{"confidence_level":0.95,"lower_bound":108603.01048405272,"upper_bound":109502.60726064601},"point_estimate":109047.53537127395,"standard_error":229.6353231309865},"Median":{"confidence_interval":{"confidence_level":0.95,"lower_bound":108190.28054122234,"upper_bound":109890.12649616369},"point_estimate":109160.30422582827,"standard_error":377.60694078922216},"MedianAbsDev":{"confidence_interval":{"confidence_level":0.95,"lower_bound":774.9634746303848,"upper_bound":1926.63786400977},"point_estimate":1449.334500151522,"standard_error":286.3859370944284},"Slope":{"confidence_interval":{"confidence_level":0.95,"lower_bound":108225.45972675418,"upper_bound":108977.99610168903},"point_estimate":108611.31221102427,"standard_error":192.75526202698993},"StdDev":{"confidence_interval":{"confidence_level":0.95,"lower_bound":1023.9005058954725,"upper_bound":1577.612659476775},"point_estimate":1318.753067087623,"standard_error":142.81215662710383}}