{"Mean":{"confidence_interval":{"confidence_level":0.95,"lower_bound":-0.24727761078433128,"upper_bound":-0.12933495990009536},"point_estimate":-0.18866402258492287,"standard_error":0.0301404348156646},"Median":{"confidence_interval":{"confidence_level":0.95,"lower_bound":-0.2273168399935035,"upper_bound":-0.07776826165285666},"point_estimate":-0.11340418407935449,"standard_error":0.03367891819784091}}