{"Mean":{"confidence_interval":{"confidence_level":0.95,"lower_bound":977.0333851006145,"upper_bound":997.0319126657854},"point_estimate":984.5049764206641,"standard_error":5.632340017287825},"Median":{"confidence_interval":{"confidence_level":0.95,"lower_bound":978.6813584584265,"upper_bound":981.47066964761},"point_estimate":980.4510090423956,"standard_error":0.860043554183834},"MedianAbsDev":{"confidence_interval":{"confidence_level":0.95,"lower_bound":1.8584660870428986,"upper_bound":11.550470967087634},"point_estimate":5.2393056888947225,"standard_error":2.573424045043011},"Slope":{"confidence_interval":{"confidence_level":0.95,"lower_bound":975.3568052400552,"upper_bound":981.8398183664312},"point_estimate":978.7253595520842,"standard_error":1.6550596613037647},"StdDev":{"confidence_interval":{"confidence_level":0.95,"lower_bound":5.566101594524748,"upper_bound":53.74402247372811},"point_estimate":32.34134630607746,"standard_error":16.501485068282694}}