{"Mean":{"confidence_interval":{"confidence_level":0.95,"lower_bound":-0.014361772961283999,"upper_bound":-0.0031564766850323473},"point_estimate":-0.009200054274921432,"standard_error":0.002807383181852143},"Median":{"confidence_interval":{"confidence_level":0.95,"lower_bound":-0.013097441885292493,"upper_bound":-0.008941810000542727},"point_estimate":-0.011475142813462846,"standard_error":0.0010259363052246568}}