{"Mean":{"confidence_interval":{"confidence_level":0.95,"lower_bound":1242499.7038176227,"upper_bound":1277938.3388721978},"point_estimate":1257771.4078858246,"standard_error":9191.47330476611},"Median":{"confidence_interval":{"confidence_level":0.95,"lower_bound":1237182.1515625,"upper_bound":1246678.9886363635},"point_estimate":1243788.6266233767,"standard_error":2889.345444752829},"MedianAbsDev":{"confidence_interval":{"confidence_level":0.95,"lower_bound":6889.87373393029,"upper_bound":17947.67383255297},"point_estimate":11987.394612749498,"standard_error":2952.7594514219118},"Slope":{"confidence_interval":{"confidence_level":0.95,"lower_bound":1238151.779864951,"upper_bound":1246751.5031822051},"point_estimate":1242403.4811953672,"standard_error":2193.451960252861},"StdDev":{"confidence_interval":{"confidence_level":0.95,"lower_bound":12562.825153044056,"upper_bound":78076.65381944552},"point_estimate":52866.18977667805,"standard_error":17162.489043915575}}