{"Mean":{"confidence_interval":{"confidence_level":0.95,"lower_bound":1351717.7903889958,"upper_bound":1473470.5750985863},"point_estimate":1397929.3735446443,"standard_error":32995.90815854206},"Median":{"confidence_interval":{"confidence_level":0.95,"lower_bound":1344821.1163093569,"upper_bound":1353201.6813186812},"point_estimate":1349486.861904762,"standard_error":2466.0637211148537},"MedianAbsDev":{"confidence_interval":{"confidence_level":0.95,"lower_bound":5567.886837488331,"upper_bound":19786.725407301197},"point_estimate":9493.135126008814,"standard_error":3768.710586944994},"Slope":{"confidence_interval":{"confidence_level":0.95,"lower_bound":1341427.9721480296,"upper_bound":1351141.732461978},"point_estimate":1345865.2208166833,"standard_error":2457.60272741507},"StdDev":{"confidence_interval":{"confidence_level":0.95,"lower_bound":18034.3648622337,"upper_bound":306463.31878846616},"point_estimate":188861.55055178257,"standard_error":88887.25169739588}}