{"Mean":{"confidence_interval":{"confidence_level":0.95,"lower_bound":989456.5895953758,"upper_bound":1087971.1849710983},"point_estimate":1027651.5317919075,"standard_error":27498.989780061253},"Median":{"confidence_interval":{"confidence_level":0.95,"lower_bound":978852.0231213872,"upper_bound":1147660.1156069364},"point_estimate":997865.0289017342,"standard_error":36250.21543195778},"MedianAbsDev":{"confidence_interval":{"confidence_level":0.95,"lower_bound":0.0,"upper_bound":58075.712003632245},"point_estimate":28188.681869493208,"standard_error":17202.91130005129},"Slope":{"confidence_interval":{"confidence_level":0.95,"lower_bound":982257.3080099091,"upper_bound":1113403.7572254336},"point_estimate":1015164.2406726222,"standard_error":33344.45344744329},"StdDev":{"confidence_interval":{"confidence_level":0.95,"lower_bound":8116.195758039189,"upper_bound":89326.59546128576},"point_estimate":68509.6384169416,"standard_error":29253.553701056313}}