{"Mean":{"confidence_interval":{"confidence_level":0.95,"lower_bound":53.59568974016372,"upper_bound":55.2768080474843},"point_estimate":54.40045634531708,"standard_error":0.42854276859447077},"Median":{"confidence_interval":{"confidence_level":0.95,"lower_bound":53.5215484214397,"upper_bound":54.521276021078805},"point_estimate":53.9783701911137,"standard_error":0.2675719479065696},"MedianAbsDev":{"confidence_interval":{"confidence_level":0.95,"lower_bound":0.7039057728189191,"upper_bound":2.690353239570763},"point_estimate":1.6841443193666754,"standard_error":0.5227681027706105},"Slope":{"confidence_interval":{"confidence_level":0.95,"lower_bound":52.428126312865295,"upper_bound":54.52278249858019},"point_estimate":53.34069104435644,"standard_error":0.5363748403527505},"StdDev":{"confidence_interval":{"confidence_level":0.95,"lower_bound":1.6050704016692203,"upper_bound":3.119508919173567},"point_estimate":2.4569030384207946,"standard_error":0.3883446249144164}}