{"Mean":{"confidence_interval":{"confidence_level":0.95,"lower_bound":45862.73838894931,"upper_bound":46868.40612579117},"point_estimate":46320.074722276375,"standard_error":258.66801291290733},"Median":{"confidence_interval":{"confidence_level":0.95,"lower_bound":45622.63102814013,"upper_bound":46244.69991143811},"point_estimate":46038.307786633966,"standard_error":156.30688844459337},"MedianAbsDev":{"confidence_interval":{"confidence_level":0.95,"lower_bound":394.7820123045136,"upper_bound":1250.585803977919},"point_estimate":763.345063701135,"standard_error":224.18216697734206},"Slope":{"confidence_interval":{"confidence_level":0.95,"lower_bound":45672.19024027864,"upper_bound":46594.60252708879},"point_estimate":46081.12877125212,"standard_error":235.98322398550266},"StdDev":{"confidence_interval":{"confidence_level":0.95,"lower_bound":707.5903187319191,"upper_bound":1964.0457840604045},"point_estimate":1440.4218484375835,"standard_error":321.14855664624474}}