{"Mean":{"confidence_interval":{"confidence_level":0.95,"lower_bound":11284.077976740664,"upper_bound":11318.3838129875},"point_estimate":11300.440298528449,"standard_error":8.757188917448172},"Median":{"confidence_interval":{"confidence_level":0.95,"lower_bound":11278.781585620525,"upper_bound":11306.718730663839},"point_estimate":11293.933330492102,"standard_error":6.300148526675647},"MedianAbsDev":{"confidence_interval":{"confidence_level":0.95,"lower_bound":19.393138561580088,"upper_bound":64.44832417250115},"point_estimate":47.69291276252491,"standard_error":10.888975937584824},"Slope":{"confidence_interval":{"confidence_level":0.95,"lower_bound":11271.991788376263,"upper_bound":11314.008559215916},"point_estimate":11290.426400270375,"standard_error":10.775652101369703},"StdDev":{"confidence_interval":{"confidence_level":0.95,"lower_bound":33.5393773534296,"upper_bound":62.89907282066884},"point_estimate":50.31387509474155,"standard_error":7.486234527353687}}