{"Mean":{"confidence_interval":{"confidence_level":0.95,"lower_bound":274.1676695448106,"upper_bound":279.27323894964815},"point_estimate":276.5356990980145,"standard_error":1.3090156481019173},"Median":{"confidence_interval":{"confidence_level":0.95,"lower_bound":272.57800926418156,"upper_bound":276.37423058154764},"point_estimate":273.166541516718,"standard_error":1.1821851054057375},"MedianAbsDev":{"confidence_interval":{"confidence_level":0.95,"lower_bound":1.3456268389583521,"upper_bound":6.261270224280992},"point_estimate":2.8071817211578143,"standard_error":1.4066991998926164},"Slope":{"confidence_interval":{"confidence_level":0.95,"lower_bound":273.09551156033973,"upper_bound":279.98182648800235},"point_estimate":276.18823976182625,"standard_error":1.7705089103272633},"StdDev":{"confidence_interval":{"confidence_level":0.95,"lower_bound":4.2285434345272215,"upper_bound":9.86610465198215},"point_estimate":7.539782566871882,"standard_error":1.4315227489376536}}