{"Mean":{"confidence_interval":{"confidence_level":0.95,"lower_bound":15120.685508289547,"upper_bound":15705.079138949743},"point_estimate":15342.63032519462,"standard_error":160.7157372270053},"Median":{"confidence_interval":{"confidence_level":0.95,"lower_bound":15146.734410283134,"upper_bound":15242.559255925593},"point_estimate":15186.385433415137,"standard_error":24.275479703520126},"MedianAbsDev":{"confidence_interval":{"confidence_level":0.95,"lower_bound":61.90457667526614,"upper_bound":260.77262903372696},"point_estimate":129.3443986103227,"standard_error":55.70544763331717},"Slope":{"confidence_interval":{"confidence_level":0.95,"lower_bound":15084.782158349899,"upper_bound":15297.371815870203},"point_estimate":15198.487242955065,"standard_error":54.970779182078815},"StdDev":{"confidence_interval":{"confidence_level":0.95,"lower_bound":163.58743679372833,"upper_bound":1517.5003858624473},"point_estimate":920.6581847068579,"standard_error":447.78218479108074}}