{"Mean":{"confidence_interval":{"confidence_level":0.95,"lower_bound":254.7836787161553,"upper_bound":263.3181434346888},"point_estimate":258.10505897171856,"standard_error":2.2795259211007415},"Median":{"confidence_interval":{"confidence_level":0.95,"lower_bound":252.82977697713952,"upper_bound":257.01019363927537},"point_estimate":255.58910555885888,"standard_error":1.2222655274149146},"MedianAbsDev":{"confidence_interval":{"confidence_level":0.95,"lower_bound":1.7841660517528677,"upper_bound":6.215518600265172},"point_estimate":4.921857065276863,"standard_error":1.2168030591502736},"Slope":{"confidence_interval":{"confidence_level":0.95,"lower_bound":254.82993319541757,"upper_bound":258.30277336005605},"point_estimate":256.6045030534634,"standard_error":0.8838031902075857},"StdDev":{"confidence_interval":{"confidence_level":0.95,"lower_bound":3.129144227771402,"upper_bound":21.18176798460944},"point_estimate":13.09031051534282,"standard_error":5.83691116959715}}