{"Mean":{"confidence_interval":{"confidence_level":0.95,"lower_bound":55905.106794063635,"upper_bound":56670.8828484505},"point_estimate":56257.307024086505,"standard_error":196.47972180817294},"Median":{"confidence_interval":{"confidence_level":0.95,"lower_bound":55755.319900290815,"upper_bound":56319.950446949086},"point_estimate":55965.44704575879,"standard_error":168.05196464681288},"MedianAbsDev":{"confidence_interval":{"confidence_level":0.95,"lower_bound":445.7695498504024,"upper_bound":1298.5334618184029},"point_estimate":944.2872142275156,"standard_error":223.4112320314646},"Slope":{"confidence_interval":{"confidence_level":0.95,"lower_bound":55547.966232936684,"upper_bound":56004.28540941782},"point_estimate":55757.96244365574,"standard_error":116.79326455107044},"StdDev":{"confidence_interval":{"confidence_level":0.95,"lower_bound":642.4600012855323,"upper_bound":1550.2116174317525},"point_estimate":1130.2518967137266,"standard_error":241.3872988647227}}