{"Mean":{"confidence_interval":{"confidence_level":0.95,"lower_bound":14179.45545385153,"upper_bound":14527.696636078652},"point_estimate":14340.335706510583,"standard_error":89.40572459512542},"Median":{"confidence_interval":{"confidence_level":0.95,"lower_bound":14056.930096950962,"upper_bound":14313.607662897584},"point_estimate":14111.94661752467,"standard_error":69.98954121048905},"MedianAbsDev":{"confidence_interval":{"confidence_level":0.95,"lower_bound":65.36561581402687,"upper_bound":430.3663376823653},"point_estimate":174.64754312478453,"standard_error":97.19250365672158},"Slope":{"confidence_interval":{"confidence_level":0.95,"lower_bound":14139.109974907604,"upper_bound":14637.486030069764},"point_estimate":14362.330888122697,"standard_error":128.08492829774852},"StdDev":{"confidence_interval":{"confidence_level":0.95,"lower_bound":262.5855008691546,"upper_bound":671.5651398779947},"point_estimate":516.006065077383,"standard_error":99.71617384983094}}