{"Mean":{"confidence_interval":{"confidence_level":0.95,"lower_bound":-0.017625510453096203,"upper_bound":-0.010855102737793885},"point_estimate":-0.0140651820913682,"standard_error":0.0017249876370825765},"Median":{"confidence_interval":{"confidence_level":0.95,"lower_bound":-0.014995980840951106,"upper_bound":-0.010687343845401154},"point_estimate":-0.0125251047976227,"standard_error":0.0010735198839192338}}