{"Mean":{"confidence_interval":{"confidence_level":0.95,"lower_bound":-0.03591737229788243,"upper_bound":0.005676557215265554},"point_estimate":-0.017257107006779737,"standard_error":0.01080687548633331},"Median":{"confidence_interval":{"confidence_level":0.95,"lower_bound":-0.03649402041196249,"upper_bound":-0.020677918217608338},"point_estimate":-0.03030561595301806,"standard_error":0.0038245239604774942}}