{"Mean":{"confidence_interval":{"confidence_level":0.95,"lower_bound":-0.0353347783701581,"upper_bound":-0.006046360908783848},"point_estimate":-0.020519606659188727,"standard_error":0.007400064428708242},"Median":{"confidence_interval":{"confidence_level":0.95,"lower_bound":-0.036094909758343174,"upper_bound":-0.017545282111562255},"point_estimate":-0.03288010216843473,"standard_error":0.004169495864213671}}