{"Mean":{"confidence_interval":{"confidence_level":0.95,"lower_bound":416.1310005316167,"upper_bound":423.62216200912087},"point_estimate":419.3890861976,"standard_error":1.9342139877946383},"Median":{"confidence_interval":{"confidence_level":0.95,"lower_bound":415.12908472314984,"upper_bound":418.738460697144},"point_estimate":416.6619737948405,"standard_error":0.9123333484656698},"MedianAbsDev":{"confidence_interval":{"confidence_level":0.95,"lower_bound":2.232621425936052,"upper_bound":6.0544388848422495},"point_estimate":3.7789971465589405,"standard_error":0.9312702581871065},"Slope":{"confidence_interval":{"confidence_level":0.95,"lower_bound":413.41218810962073,"upper_bound":416.02092109221473},"point_estimate":414.7329174779656,"standard_error":0.6681335898753112},"StdDev":{"confidence_interval":{"confidence_level":0.95,"lower_bound":4.167667834195589,"upper_bound":16.44572807024001},"point_estimate":11.139574806825141,"standard_error":3.315269872846705}}