{"Mean":{"confidence_interval":{"confidence_level":0.95,"lower_bound":17996.1393295704,"upper_bound":18634.123087735145},"point_estimate":18300.728431490326,"standard_error":163.1104591353827},"Median":{"confidence_interval":{"confidence_level":0.95,"lower_bound":17652.403526970957,"upper_bound":18493.30195778173},"point_estimate":17731.311412135583,"standard_error":214.1799517044318},"MedianAbsDev":{"confidence_interval":{"confidence_level":0.95,"lower_bound":152.26576513076736,"upper_bound":1251.058641983599},"point_estimate":313.367819426308,"standard_error":273.6952794798348},"Slope":{"confidence_interval":{"confidence_level":0.95,"lower_bound":17969.91699395671,"upper_bound":18757.732384966803},"point_estimate":18365.93439522096,"standard_error":202.13085960293412},"StdDev":{"confidence_interval":{"confidence_level":0.95,"lower_bound":693.6369820521492,"upper_bound":1111.418423202316},"point_estimate":935.6021934075521,"standard_error":106.35792489057975}}