{"Mean":{"confidence_interval":{"confidence_level":0.95,"lower_bound":33.343907074808925,"upper_bound":33.924458077412844},"point_estimate":33.58607022249641,"standard_error":0.1510119567958561},"Median":{"confidence_interval":{"confidence_level":0.95,"lower_bound":33.24226832442008,"upper_bound":33.449358328806845},"point_estimate":33.29819593682309,"standard_error":0.058640137816797555},"MedianAbsDev":{"confidence_interval":{"confidence_level":0.95,"lower_bound":0.08737780836757346,"upper_bound":0.3873860809467041},"point_estimate":0.1960391879335881,"standard_error":0.07660926182683911},"Slope":{"confidence_interval":{"confidence_level":0.95,"lower_bound":33.21330826830295,"upper_bound":33.36495338695151},"point_estimate":33.27996166792778,"standard_error":0.03886545130017011},"StdDev":{"confidence_interval":{"confidence_level":0.95,"lower_bound":0.25993725390573313,"upper_bound":1.3314036665965712},"point_estimate":0.8658446247272346,"standard_error":0.3094953155214005}}