{"Mean":{"confidence_interval":{"confidence_level":0.95,"lower_bound":2011966.5988040979,"upper_bound":2138979.3896847945},"point_estimate":2073690.935185,"standard_error":32261.440959358813},"Median":{"confidence_interval":{"confidence_level":0.95,"lower_bound":2015168.4659090908,"upper_bound":2095541.6666666665},"point_estimate":2060511.0576923077,"standard_error":20223.95745615927},"MedianAbsDev":{"confidence_interval":{"confidence_level":0.95,"lower_bound":58725.784957408905,"upper_bound":172232.66819225895},"point_estimate":126438.3818857047,"standard_error":29667.35859121911},"Slope":{"confidence_interval":{"confidence_level":0.95,"lower_bound":2043039.5441233928,"upper_bound":2113080.488646776},"point_estimate":2079787.3400317293,"standard_error":17737.76901937174},"StdDev":{"confidence_interval":{"confidence_level":0.95,"lower_bound":103120.83966337252,"upper_bound":244280.07285822913},"point_estimate":180257.05754157907,"standard_error":36498.696989096235}}