{"Mean":{"confidence_interval":{"confidence_level":0.95,"lower_bound":1299944.4441468022,"upper_bound":1333435.2110220108},"point_estimate":1314200.9460275492,"standard_error":8696.884180702775},"Median":{"confidence_interval":{"confidence_level":0.95,"lower_bound":1299568.0961538462,"upper_bound":1305792.6875},"point_estimate":1302407.5354623825,"standard_error":2055.094238529889},"MedianAbsDev":{"confidence_interval":{"confidence_level":0.95,"lower_bound":5070.990798253118,"upper_bound":15811.686816702231},"point_estimate":9081.270217184254,"standard_error":2695.997911517309},"Slope":{"confidence_interval":{"confidence_level":0.95,"lower_bound":1293707.904503505,"upper_bound":1301191.4185035003},"point_estimate":1297529.1501420455,"standard_error":1915.5064958010464},"StdDev":{"confidence_interval":{"confidence_level":0.95,"lower_bound":9259.903520996753,"upper_bound":74274.1444392774},"point_estimate":49995.20285918039,"standard_error":16714.937096989674}}