{"Mean":{"confidence_interval":{"confidence_level":0.95,"lower_bound":446756.04940805887,"upper_bound":456246.8288680475},"point_estimate":450420.2412762459,"standard_error":2533.329488853352},"Median":{"confidence_interval":{"confidence_level":0.95,"lower_bound":446400.58585858584,"upper_bound":447693.86388888885},"point_estimate":446990.8793290043,"standard_error":396.66268215467255},"MedianAbsDev":{"confidence_interval":{"confidence_level":0.95,"lower_bound":999.1922712595126,"upper_bound":2779.438768805569},"point_estimate":1445.9052279129307,"standard_error":476.91962896747407},"Slope":{"confidence_interval":{"confidence_level":0.95,"lower_bound":446746.0749147805,"upper_bound":447658.0982306175},"point_estimate":447216.29344008263,"standard_error":232.32964634674914},"StdDev":{"confidence_interval":{"confidence_level":0.95,"lower_bound":1394.331624858345,"upper_bound":23341.261735528315},"point_estimate":14578.017318172999,"standard_error":6471.621434509595}}