{"Mean":{"confidence_interval":{"confidence_level":0.95,"lower_bound":1440101.935208338,"upper_bound":1549359.1045858287},"point_estimate":1480413.016837693,"standard_error":30751.792631796772},"Median":{"confidence_interval":{"confidence_level":0.95,"lower_bound":1432995.3834586467,"upper_bound":1441859.0720258001},"point_estimate":1437183.8591133005,"standard_error":2166.7490434325655},"MedianAbsDev":{"confidence_interval":{"confidence_level":0.95,"lower_bound":5425.6136194658675,"upper_bound":17872.10253078369},"point_estimate":10514.159896769184,"standard_error":3223.634382154953},"Slope":{"confidence_interval":{"confidence_level":0.95,"lower_bound":1434011.7599096259,"upper_bound":1446101.1387097589},"point_estimate":1439342.4246378622,"standard_error":3123.3342401835725},"StdDev":{"confidence_interval":{"confidence_level":0.95,"lower_bound":14250.08142768508,"upper_bound":292133.9585529237},"point_estimate":177272.65650588702,"standard_error":90607.94680708906}}