{"Mean":{"confidence_interval":{"confidence_level":0.95,"lower_bound":6997.439581030166,"upper_bound":7083.413449610859},"point_estimate":7035.452620640398,"standard_error":22.174096625934823},"Median":{"confidence_interval":{"confidence_level":0.95,"lower_bound":6988.840745678654,"upper_bound":7015.9735840536705},"point_estimate":6993.240908047195,"standard_error":8.185159819993988},"MedianAbsDev":{"confidence_interval":{"confidence_level":0.95,"lower_bound":19.90940854008748,"upper_bound":62.0610213550024},"point_estimate":47.4249317504839,"standard_error":11.472310266399484},"Slope":{"confidence_interval":{"confidence_level":0.95,"lower_bound":7002.767991218879,"upper_bound":7066.425684875762},"point_estimate":7026.3134300880865,"standard_error":16.96096071206703},"StdDev":{"confidence_interval":{"confidence_level":0.95,"lower_bound":36.69328099615827,"upper_bound":180.72149631101612},"point_estimate":127.63309447883518,"standard_error":34.36017486890253}}