{"Mean":{"confidence_interval":{"confidence_level":0.95,"lower_bound":7416.781251636938,"upper_bound":7627.173088184628},"point_estimate":7515.965994206199,"standard_error":53.83877141157219},"Median":{"confidence_interval":{"confidence_level":0.95,"lower_bound":7355.289013693444,"upper_bound":7532.850445432696},"point_estimate":7392.054991050787,"standard_error":53.479298560144386},"MedianAbsDev":{"confidence_interval":{"confidence_level":0.95,"lower_bound":99.6305586194969,"upper_bound":332.6559313661069},"point_estimate":199.91750678709616,"standard_error":55.179970156079136},"Slope":{"confidence_interval":{"confidence_level":0.95,"lower_bound":7398.525767601006,"upper_bound":7717.9907072788865},"point_estimate":7549.6784947824935,"standard_error":81.82110075323799},"StdDev":{"confidence_interval":{"confidence_level":0.95,"lower_bound":199.87585943377476,"upper_bound":383.7764932590551},"point_estimate":308.9862022339462,"standard_error":46.936582381565586}}