{"Mean":{"confidence_interval":{"confidence_level":0.95,"lower_bound":309073.62744879525,"upper_bound":318843.51557297277},"point_estimate":313461.16395080026,"standard_error":2519.683424506076},"Median":{"confidence_interval":{"confidence_level":0.95,"lower_bound":307508.29569892475,"upper_bound":308341.7085784314},"point_estimate":307819.9716991342,"standard_error":241.22238045543364},"MedianAbsDev":{"confidence_interval":{"confidence_level":0.95,"lower_bound":686.4078520342364,"upper_bound":2319.98942693696},"point_estimate":1400.597939365146,"standard_error":464.9404439716531},"Slope":{"confidence_interval":{"confidence_level":0.95,"lower_bound":307663.1307873557,"upper_bound":309015.4262871754},"point_estimate":308225.2869114219,"standard_error":347.65577936992537},"StdDev":{"confidence_interval":{"confidence_level":0.95,"lower_bound":7087.2134524745115,"upper_bound":19636.425389907337},"point_estimate":14449.875034557044,"standard_error":3252.4722177590293}}