{"Mean":{"confidence_interval":{"confidence_level":0.95,"lower_bound":0.01763057128298909,"upper_bound":0.0514784141301779},"point_estimate":0.03343559270990126,"standard_error":0.008761203698679386},"Median":{"confidence_interval":{"confidence_level":0.95,"lower_bound":0.01610278414233335,"upper_bound":0.03318250023025815},"point_estimate":0.025822732769997803,"standard_error":0.004403417401217434}}