{"Mean":{"confidence_interval":{"confidence_level":0.95,"lower_bound":26106.28682195153,"upper_bound":26815.230386318417},"point_estimate":26399.487223043983,"standard_error":184.79413150468687},"Median":{"confidence_interval":{"confidence_level":0.95,"lower_bound":26004.498011363637,"upper_bound":26415.561530748662},"point_estimate":26155.230174512988,"standard_error":106.13459348461024},"MedianAbsDev":{"confidence_interval":{"confidence_level":0.95,"lower_bound":228.39875370608718,"upper_bound":517.9410709893632},"point_estimate":436.2525071321416,"standard_error":73.55043783878061},"Slope":{"confidence_interval":{"confidence_level":0.95,"lower_bound":25896.515847793125,"upper_bound":26148.073219832684},"point_estimate":26006.251534935236,"standard_error":64.06615196343516},"StdDev":{"confidence_interval":{"confidence_level":0.95,"lower_bound":273.8022778301553,"upper_bound":1653.0578047748363},"point_estimate":1061.1843502881827,"standard_error":397.73264145345945}}