{"Mean":{"confidence_interval":{"confidence_level":0.95,"lower_bound":0.006466558928103497,"upper_bound":0.019986367852987314},"point_estimate":0.013309058749549019,"standard_error":0.0034394672297485755},"Median":{"confidence_interval":{"confidence_level":0.95,"lower_bound":0.011630687915403115,"upper_bound":0.017779508347111284},"point_estimate":0.015910773394569366,"standard_error":0.0016235759053484227}}