{"Mean":{"confidence_interval":{"confidence_level":0.95,"lower_bound":3436.9520386464296,"upper_bound":3506.479327275679},"point_estimate":3465.8787436291223,"standard_error":18.097568178073914},"Median":{"confidence_interval":{"confidence_level":0.95,"lower_bound":3438.776035585047,"upper_bound":3469.6087978890064},"point_estimate":3462.176356443105,"standard_error":8.448422015863665},"MedianAbsDev":{"confidence_interval":{"confidence_level":0.95,"lower_bound":16.41442694605193,"upper_bound":59.2541675414252},"point_estimate":39.59453890707877,"standard_error":11.944475744712081},"Slope":{"confidence_interval":{"confidence_level":0.95,"lower_bound":3416.041993225363,"upper_bound":3447.4078595394517},"point_estimate":3431.322789917317,"standard_error":7.993181821538298},"StdDev":{"confidence_interval":{"confidence_level":0.95,"lower_bound":36.13909178758828,"upper_bound":164.14809836651773},"point_estimate":104.00777724715495,"standard_error":39.47710208208523}}