{"Mean":{"confidence_interval":{"confidence_level":0.95,"lower_bound":198.30928846731223,"upper_bound":202.45307130695122},"point_estimate":200.04600960554092,"standard_error":1.0795232148578617},"Median":{"confidence_interval":{"confidence_level":0.95,"lower_bound":197.1452150953117,"upper_bound":200.24581585338927},"point_estimate":199.1335891174922,"standard_error":0.794948810837418},"MedianAbsDev":{"confidence_interval":{"confidence_level":0.95,"lower_bound":1.5860426861178327,"upper_bound":4.125455680859327},"point_estimate":3.0535530958851846,"standard_error":0.6477230797749295},"Slope":{"confidence_interval":{"confidence_level":0.95,"lower_bound":196.94496764572997,"upper_bound":198.2431174182699},"point_estimate":197.55585836497352,"standard_error":0.3309156015277523},"StdDev":{"confidence_interval":{"confidence_level":0.95,"lower_bound":2.14792117847469,"upper_bound":9.649123056495407},"point_estimate":6.215695922198722,"standard_error":2.263256668027783}}