{"Mean":{"confidence_interval":{"confidence_level":0.95,"lower_bound":15483.29277763893,"upper_bound":15550.044287700593},"point_estimate":15514.386702333404,"standard_error":16.99089866897835},"Median":{"confidence_interval":{"confidence_level":0.95,"lower_bound":15477.172442244224,"upper_bound":15543.328763645595},"point_estimate":15495.812685643565,"standard_error":17.761812616596085},"MedianAbsDev":{"confidence_interval":{"confidence_level":0.95,"lower_bound":43.91859853525221,"upper_bound":109.07306595563858},"point_estimate":76.00124329802772,"standard_error":17.410061356296954},"Slope":{"confidence_interval":{"confidence_level":0.95,"lower_bound":15433.078089355911,"upper_bound":15486.501601642403},"point_estimate":15456.614630934248,"standard_error":13.648650133689939},"StdDev":{"confidence_interval":{"confidence_level":0.95,"lower_bound":57.70911415915341,"upper_bound":136.575156994084},"point_estimate":97.50253250760308,"standard_error":21.675095140059927}}