{"Mean":{"confidence_interval":{"confidence_level":0.95,"lower_bound":1105465.2030710976,"upper_bound":1163834.8755755543},"point_estimate":1137682.0859460414,"standard_error":14909.597092986505},"Median":{"confidence_interval":{"confidence_level":0.95,"lower_bound":1117571.0,"upper_bound":1186260.40625},"point_estimate":1166243.1223958335,"standard_error":15730.392332849558},"MedianAbsDev":{"confidence_interval":{"confidence_level":0.95,"lower_bound":23889.567149139268,"upper_bound":84024.52342389151},"point_estimate":49123.10975218975,"standard_error":16268.233933447906},"Slope":{"confidence_interval":{"confidence_level":0.95,"lower_bound":1169550.1155182386,"upper_bound":1186677.7900892976},"point_estimate":1179780.0926573426,"standard_error":4368.237742141622},"StdDev":{"confidence_interval":{"confidence_level":0.95,"lower_bound":46360.973569976995,"upper_bound":124995.04624135082},"point_estimate":85637.0899926356,"standard_error":23156.041851393053}}