{"Mean":{"confidence_interval":{"confidence_level":0.95,"lower_bound":274221.06993028644,"upper_bound":286183.4601768351},"point_estimate":279900.47094761464,"standard_error":3058.3998004509194},"Median":{"confidence_interval":{"confidence_level":0.95,"lower_bound":269462.125,"upper_bound":282996.50362318836},"point_estimate":275846.7923850575,"standard_error":3423.2593058225843},"MedianAbsDev":{"confidence_interval":{"confidence_level":0.95,"lower_bound":8027.969982475028,"upper_bound":23205.44443560015},"point_estimate":14731.546828548995,"standard_error":3781.9824458027883},"Slope":{"confidence_interval":{"confidence_level":0.95,"lower_bound":279765.3605802864,"upper_bound":292000.24548604904},"point_estimate":286382.14727657323,"standard_error":3129.2262404291964},"StdDev":{"confidence_interval":{"confidence_level":0.95,"lower_bound":11413.119972587067,"upper_bound":21934.56088177637},"point_estimate":17048.774175945433,"standard_error":2771.925914055371}}