{"Mean":{"confidence_interval":{"confidence_level":0.95,"lower_bound":198.99963927029935,"upper_bound":200.91096294916954},"point_estimate":199.8758950812931,"standard_error":0.48586078467599436},"Median":{"confidence_interval":{"confidence_level":0.95,"lower_bound":199.0604594100757,"upper_bound":200.22711650569912},"point_estimate":200.01928263646647,"standard_error":0.31571605840094097},"MedianAbsDev":{"confidence_interval":{"confidence_level":0.95,"lower_bound":0.5512150821449306,"upper_bound":3.0831205545324853},"point_estimate":1.2798181991469473,"standard_error":0.623878262191546},"Slope":{"confidence_interval":{"confidence_level":0.95,"lower_bound":198.4978168640613,"upper_bound":199.95122564384428},"point_estimate":199.24423395793062,"standard_error":0.3721282895892232},"StdDev":{"confidence_interval":{"confidence_level":0.95,"lower_bound":1.5449587633293143,"upper_bound":3.932866943793794},"point_estimate":2.7867284895103084,"standard_error":0.6482835170697202}}