{"Mean":{"confidence_interval":{"confidence_level":0.95,"lower_bound":210.7310637659016,"upper_bound":216.73444163822361},"point_estimate":213.26523331124386,"standard_error":1.5603408236292586},"Median":{"confidence_interval":{"confidence_level":0.95,"lower_bound":209.540778457687,"upper_bound":213.15799050704712},"point_estimate":211.24932417155105,"standard_error":1.1266488480130574},"MedianAbsDev":{"confidence_interval":{"confidence_level":0.95,"lower_bound":2.0606833273668377,"upper_bound":5.374133329529799},"point_estimate":3.434194457446526,"standard_error":0.8053934210695171},"Slope":{"confidence_interval":{"confidence_level":0.95,"lower_bound":209.21361184303106,"upper_bound":210.5987805967604},"point_estimate":209.8778771240854,"standard_error":0.35239558547884775},"StdDev":{"confidence_interval":{"confidence_level":0.95,"lower_bound":2.760144093158279,"upper_bound":13.73912240246986},"point_estimate":8.958437291826161,"standard_error":3.1123777864618116}}