{"Mean":{"confidence_interval":{"confidence_level":0.95,"lower_bound":157257.7896464189,"upper_bound":168820.33810709155},"point_estimate":161416.0857608307,"standard_error":3408.211309729523},"Median":{"confidence_interval":{"confidence_level":0.95,"lower_bound":156232.84042234707,"upper_bound":157888.1506591337},"point_estimate":157007.20136534842,"standard_error":560.0839687366591},"MedianAbsDev":{"confidence_interval":{"confidence_level":0.95,"lower_bound":328.07917135285305,"upper_bound":2669.022452393661},"point_estimate":1416.7883303636536,"standard_error":744.1259585510296},"Slope":{"confidence_interval":{"confidence_level":0.95,"lower_bound":156562.56148137277,"upper_bound":157360.6915335599},"point_estimate":156931.65578552804,"standard_error":204.3308701760012},"StdDev":{"confidence_interval":{"confidence_level":0.95,"lower_bound":1581.5665407814367,"upper_bound":32690.892989424767},"point_estimate":19608.117991414634,"standard_error":10726.628180199814}}