{"Mean":{"confidence_interval":{"confidence_level":0.95,"lower_bound":13069.186519310215,"upper_bound":13395.252213179481},"point_estimate":13211.117931549827,"standard_error":83.72946643664973},"Median":{"confidence_interval":{"confidence_level":0.95,"lower_bound":13040.887284482758,"upper_bound":13179.025451559934},"point_estimate":13096.068777249307,"standard_error":35.1897580644718},"MedianAbsDev":{"confidence_interval":{"confidence_level":0.95,"lower_bound":98.29860368963185,"upper_bound":316.27769358617905},"point_estimate":187.58373467129067,"standard_error":56.148430001873535},"Slope":{"confidence_interval":{"confidence_level":0.95,"lower_bound":12959.289974991176,"upper_bound":13068.647805260369},"point_estimate":13015.407185163975,"standard_error":28.110820064981873},"StdDev":{"confidence_interval":{"confidence_level":0.95,"lower_bound":166.99828801970764,"upper_bound":696.2273897570536},"point_estimate":481.04274809032233,"standard_error":140.70069984752118}}