{"Mean":{"confidence_interval":{"confidence_level":0.95,"lower_bound":13873.13505452145,"upper_bound":14331.91783687421},"point_estimate":14075.814687876722,"standard_error":117.93413606994089},"Median":{"confidence_interval":{"confidence_level":0.95,"lower_bound":13707.789382337927,"upper_bound":14200.65349275533},"point_estimate":13926.051698206082,"standard_error":124.71532088574565},"MedianAbsDev":{"confidence_interval":{"confidence_level":0.95,"lower_bound":282.5183725981068,"upper_bound":644.3790377766167},"point_estimate":493.7331560607926,"standard_error":92.3781238448824},"Slope":{"confidence_interval":{"confidence_level":0.95,"lower_bound":13634.925016636533,"upper_bound":13810.53298463611},"point_estimate":13711.105132042536,"standard_error":44.57540906833384},"StdDev":{"confidence_interval":{"confidence_level":0.95,"lower_bound":330.497115371386,"upper_bound":994.9724376729456},"point_estimate":677.5394403231865,"standard_error":192.00519885159562}}