{"Mean":{"confidence_interval":{"confidence_level":0.95,"lower_bound":0.1444603810139795,"upper_bound":0.26615812573943765},"point_estimate":0.19662516708854505,"standard_error":0.033026382441043826},"Median":{"confidence_interval":{"confidence_level":0.95,"lower_bound":0.1322360804509377,"upper_bound":0.3261473499316152},"point_estimate":0.17854631349679995,"standard_error":0.049650955567432216}}