{"Mean":{"confidence_interval":{"confidence_level":0.95,"lower_bound":5847.568141094197,"upper_bound":6140.727835791345},"point_estimate":5977.922101909448,"standard_error":75.23215397248659},"Median":{"confidence_interval":{"confidence_level":0.95,"lower_bound":5803.914324321711,"upper_bound":5826.3454657483},"point_estimate":5817.06691990226,"standard_error":6.9686670554868355},"MedianAbsDev":{"confidence_interval":{"confidence_level":0.95,"lower_bound":16.463183946889973,"upper_bound":94.26327610088724},"point_estimate":62.88543543148171,"standard_error":21.920014719929867},"Slope":{"confidence_interval":{"confidence_level":0.95,"lower_bound":5795.885080826206,"upper_bound":6449.872093226259},"point_estimate":6132.406480971166,"standard_error":162.7955422881373},"StdDev":{"confidence_interval":{"confidence_level":0.95,"lower_bound":185.77307893356468,"upper_bound":598.7740737907543},"point_estimate":431.80546276410405,"standard_error":105.87720951120919}}