{"Mean":{"confidence_interval":{"confidence_level":0.95,"lower_bound":631068.260700389,"upper_bound":654522.046692607},"point_estimate":640111.0428015564,"standard_error":6513.48672013496},"Median":{"confidence_interval":{"confidence_level":0.95,"lower_bound":628223.1517509727,"upper_bound":668622.3735408561},"point_estimate":633371.5564202334,"standard_error":8438.95558685078},"MedianAbsDev":{"confidence_interval":{"confidence_level":0.95,"lower_bound":0.0,"upper_bound":13457.76764045442},"point_estimate":5824.743013321749,"standard_error":3997.143040040857},"Slope":{"confidence_interval":{"confidence_level":0.95,"lower_bound":630834.5083426762,"upper_bound":638067.2908560311},"point_estimate":633358.659356208,"standard_error":1941.8244295596003},"StdDev":{"confidence_interval":{"confidence_level":0.95,"lower_bound":1839.189663894065,"upper_bound":21291.595573761995},"point_estimate":16260.143934924314,"standard_error":6987.500979864705}}