{"Mean":{"confidence_interval":{"confidence_level":0.95,"lower_bound":5405.5895827171125,"upper_bound":5576.683175948059},"point_estimate":5483.961597779398,"standard_error":43.794609379761404},"Median":{"confidence_interval":{"confidence_level":0.95,"lower_bound":5350.597826516499,"upper_bound":5441.435323429165},"point_estimate":5371.3130639531055,"standard_error":27.60219787033829},"MedianAbsDev":{"confidence_interval":{"confidence_level":0.95,"lower_bound":34.92611731573609,"upper_bound":160.71854468154802},"point_estimate":82.33401880798877,"standard_error":30.319625784404725},"Slope":{"confidence_interval":{"confidence_level":0.95,"lower_bound":5390.294759632269,"upper_bound":5554.814693412179},"point_estimate":5457.9785906520865,"standard_error":41.97814507875273},"StdDev":{"confidence_interval":{"confidence_level":0.95,"lower_bound":138.5760761304295,"upper_bound":326.0047981289456},"point_estimate":251.48430673646968,"standard_error":47.928735771337614}}