{"Mean":{"confidence_interval":{"confidence_level":0.95,"lower_bound":190.75560318056014,"upper_bound":196.34015710206828},"point_estimate":192.965871333294,"standard_error":1.485202823976506},"Median":{"confidence_interval":{"confidence_level":0.95,"lower_bound":190.22391408520485,"upper_bound":192.56480348515854},"point_estimate":191.46647509885264,"standard_error":0.519426414913664},"MedianAbsDev":{"confidence_interval":{"confidence_level":0.95,"lower_bound":1.5237255766525293,"upper_bound":4.324749575080554},"point_estimate":3.347850197942323,"standard_error":0.6805213422615081},"Slope":{"confidence_interval":{"confidence_level":0.95,"lower_bound":189.7551197979569,"upper_bound":191.5650158435051},"point_estimate":190.65729296415068,"standard_error":0.46051030055727266},"StdDev":{"confidence_interval":{"confidence_level":0.95,"lower_bound":2.222265922672325,"upper_bound":13.839158750924428},"point_estimate":8.569018401185932,"standard_error":3.748805770391957}}