{"Mean":{"confidence_interval":{"confidence_level":0.95,"lower_bound":1691.8039720480078,"upper_bound":1727.7083276857609},"point_estimate":1707.1238300723671,"standard_error":9.27295138968333},"Median":{"confidence_interval":{"confidence_level":0.95,"lower_bound":1684.2824531533763,"upper_bound":1696.413148747612},"point_estimate":1686.1442587928702,"standard_error":2.961532759811786},"MedianAbsDev":{"confidence_interval":{"confidence_level":0.95,"lower_bound":2.2846868511365708,"upper_bound":20.77530089126389},"point_estimate":4.433534317362851,"standard_error":4.895535770617455},"Slope":{"confidence_interval":{"confidence_level":0.95,"lower_bound":1685.5118375711183,"upper_bound":1694.6608091380372},"point_estimate":1689.8450613024606,"standard_error":2.34277219564414},"StdDev":{"confidence_interval":{"confidence_level":0.95,"lower_bound":15.882065160569377,"upper_bound":80.46870648533633},"point_estimate":53.13988419644784,"standard_error":17.566855635364554}}