{"Mean":{"confidence_interval":{"confidence_level":0.95,"lower_bound":13650.885312349423,"upper_bound":13804.66189757147},"point_estimate":13712.865072852694,"standard_error":40.66136351598543},"Median":{"confidence_interval":{"confidence_level":0.95,"lower_bound":13622.215892857143,"upper_bound":13659.248965110237},"point_estimate":13629.556205120938,"standard_error":12.099251976088597},"MedianAbsDev":{"confidence_interval":{"confidence_level":0.95,"lower_bound":9.192420293218012,"upper_bound":61.48286263128693},"point_estimate":24.407591161506726,"standard_error":15.50538897690363},"Slope":{"confidence_interval":{"confidence_level":0.95,"lower_bound":13628.48029881749,"upper_bound":13710.045463424754},"point_estimate":13663.1781309836,"standard_error":21.240086227538075},"StdDev":{"confidence_interval":{"confidence_level":0.95,"lower_bound":63.29044778158397,"upper_bound":369.7890518506773},"point_estimate":233.73945856723435,"standard_error":95.97159925974358}}