{"Mean":{"confidence_interval":{"confidence_level":0.95,"lower_bound":80.78768599283002,"upper_bound":81.58113925560394},"point_estimate":81.16605931120793,"standard_error":0.20293677877062333},"Median":{"confidence_interval":{"confidence_level":0.95,"lower_bound":80.581799367894,"upper_bound":81.11625728121271},"point_estimate":80.59913437861391,"standard_error":0.13366821979716179},"MedianAbsDev":{"confidence_interval":{"confidence_level":0.95,"lower_bound":0.027316709752990012,"upper_bound":1.0953093947758068},"point_estimate":0.3474404445455465,"standard_error":0.3114815682264141},"Slope":{"confidence_interval":{"confidence_level":0.95,"lower_bound":80.49225163592128,"upper_bound":81.03370441130413},"point_estimate":80.76120200834852,"standard_error":0.13907130580097524},"StdDev":{"confidence_interval":{"confidence_level":0.95,"lower_bound":0.7843823704619913,"upper_bound":1.457117862740307},"point_estimate":1.1677109042249476,"standard_error":0.17143148444895165}}