{"Mean":{"confidence_interval":{"confidence_level":0.95,"lower_bound":17283.88066126014,"upper_bound":17524.722216665275},"point_estimate":17402.81796084224,"standard_error":61.31087687652212},"Median":{"confidence_interval":{"confidence_level":0.95,"lower_bound":17270.43329217154,"upper_bound":17503.76859562295},"point_estimate":17410.226614957166,"standard_error":60.331905906181674},"MedianAbsDev":{"confidence_interval":{"confidence_level":0.95,"lower_bound":148.56894387776848,"upper_bound":408.183656988839},"point_estimate":278.00261145624245,"standard_error":69.79130322032225},"Slope":{"confidence_interval":{"confidence_level":0.95,"lower_bound":17318.144602661207,"upper_bound":17587.30942032201},"point_estimate":17452.808946583962,"standard_error":68.75573403578981},"StdDev":{"confidence_interval":{"confidence_level":0.95,"lower_bound":230.66744150092705,"upper_bound":431.2188171421276},"point_estimate":340.9767858795005,"standard_error":51.368288382426776}}