{"Mean":{"confidence_interval":{"confidence_level":0.95,"lower_bound":240.96563347035783,"upper_bound":242.27061542132253},"point_estimate":241.59465401933164,"standard_error":0.33211792688204134},"Median":{"confidence_interval":{"confidence_level":0.95,"lower_bound":241.09490755794678,"upper_bound":242.0649071917821},"point_estimate":241.6183472474754,"standard_error":0.24356012842095398},"MedianAbsDev":{"confidence_interval":{"confidence_level":0.95,"lower_bound":0.6663000105203456,"upper_bound":1.9445279538326719},"point_estimate":1.1314538084678185,"standard_error":0.33525195543372316},"Slope":{"confidence_interval":{"confidence_level":0.95,"lower_bound":240.99664429918903,"upper_bound":242.02817734409916},"point_estimate":241.47625807283194,"standard_error":0.26275719837956063},"StdDev":{"confidence_interval":{"confidence_level":0.95,"lower_bound":1.2197768455962266,"upper_bound":2.5081885359739746},"point_estimate":1.9118637222428638,"standard_error":0.3347152853886198}}