{"Mean":{"confidence_interval":{"confidence_level":0.95,"lower_bound":0.0018281204323768532,"upper_bound":0.26751237040587106},"point_estimate":0.11740360506977221,"standard_error":0.06905750818019774},"Median":{"confidence_interval":{"confidence_level":0.95,"lower_bound":-0.04487926551546306,"upper_bound":0.05393551884640235},"point_estimate":0.0011592065844285848,"standard_error":0.02954318292451459}}