{"Mean":{"confidence_interval":{"confidence_level":0.95,"lower_bound":7655.24293246836,"upper_bound":7688.67382885052},"point_estimate":7669.993949654561,"standard_error":8.619550930199434},"Median":{"confidence_interval":{"confidence_level":0.95,"lower_bound":7650.008899676375,"upper_bound":7670.4589988516545},"point_estimate":7660.667796463245,"standard_error":5.011062423023408},"MedianAbsDev":{"confidence_interval":{"confidence_level":0.95,"lower_bound":13.981616003359154,"upper_bound":30.361272422144708},"point_estimate":22.090599347115543,"standard_error":4.209748907476211},"Slope":{"confidence_interval":{"confidence_level":0.95,"lower_bound":7656.763438621102,"upper_bound":7673.574523589943},"point_estimate":7665.038499728427,"standard_error":4.298718466874481},"StdDev":{"confidence_interval":{"confidence_level":0.95,"lower_bound":17.824213930007456,"upper_bound":71.03748993963153},"point_estimate":49.58130673946184,"standard_error":13.96343911235787}}