{"Mean":{"confidence_interval":{"confidence_level":0.95,"lower_bound":110634.65988245938,"upper_bound":111599.96472167304},"point_estimate":111114.57166055954,"standard_error":246.76597479608242},"Median":{"confidence_interval":{"confidence_level":0.95,"lower_bound":110649.11086421076,"upper_bound":111768.84305555555},"point_estimate":111131.30975274724,"standard_error":354.66418268900736},"MedianAbsDev":{"confidence_interval":{"confidence_level":0.95,"lower_bound":718.6931528358796,"upper_bound":2014.9561307128934},"point_estimate":1428.2376352206495,"standard_error":344.6531908989972},"Slope":{"confidence_interval":{"confidence_level":0.95,"lower_bound":110122.58123624668,"upper_bound":111113.47813749792},"point_estimate":110618.68962912088,"standard_error":253.62037375881334},"StdDev":{"confidence_interval":{"confidence_level":0.95,"lower_bound":1068.8608984083653,"upper_bound":1706.4899397013105},"point_estimate":1419.3515794985374,"standard_error":162.95875086884624}}