{"Mean":{"confidence_interval":{"confidence_level":0.95,"lower_bound":81.28472563702509,"upper_bound":82.67597233826154},"point_estimate":81.87495083301047,"standard_error":0.3611639445940622},"Median":{"confidence_interval":{"confidence_level":0.95,"lower_bound":81.38837674849236,"upper_bound":81.85815206590135},"point_estimate":81.55706895545046,"standard_error":0.1338343345040309},"MedianAbsDev":{"confidence_interval":{"confidence_level":0.95,"lower_bound":0.37790906041470157,"upper_bound":1.4481577355724318},"point_estimate":0.8426355984922472,"standard_error":0.2631834374651267},"Slope":{"confidence_interval":{"confidence_level":0.95,"lower_bound":81.06080134139097,"upper_bound":81.68410584012143},"point_estimate":81.37722977353265,"standard_error":0.1590282972018409},"StdDev":{"confidence_interval":{"confidence_level":0.95,"lower_bound":0.7807260778687634,"upper_bound":3.215437199373951},"point_estimate":2.074003718018678,"standard_error":0.7364606401214566}}