{"Mean":{"confidence_interval":{"confidence_level":0.95,"lower_bound":85.61602934490314,"upper_bound":87.70027865704368},"point_estimate":86.52945809406535,"standard_error":0.5375097454440334},"Median":{"confidence_interval":{"confidence_level":0.95,"lower_bound":85.03834221539472,"upper_bound":86.44704291024557},"point_estimate":85.67549196399973,"standard_error":0.3847791026105786},"MedianAbsDev":{"confidence_interval":{"confidence_level":0.95,"lower_bound":0.7409094868686307,"upper_bound":1.9930169289711197},"point_estimate":1.3371908026650563,"standard_error":0.3137939232962334},"Slope":{"confidence_interval":{"confidence_level":0.95,"lower_bound":84.96440824632838,"upper_bound":85.58490500424695},"point_estimate":85.24155912587545,"standard_error":0.15855587600610943},"StdDev":{"confidence_interval":{"confidence_level":0.95,"lower_bound":1.1005430826194995,"upper_bound":4.538407139249459},"point_estimate":3.1033110376173694,"standard_error":0.9064732017902697}}