{"Mean":{"confidence_interval":{"confidence_level":0.95,"lower_bound":-0.13491244696879967,"upper_bound":-0.0464509656158123},"point_estimate":-0.08421502176718632,"standard_error":0.02378879383811087},"Median":{"confidence_interval":{"confidence_level":0.95,"lower_bound":-0.1762171418370636,"upper_bound":-0.035669180791998545},"point_estimate":-0.06627300288299909,"standard_error":0.03009268485022605}}