{"Mean":{"confidence_interval":{"confidence_level":0.95,"lower_bound":304.64531372286035,"upper_bound":310.27235574359395},"point_estimate":306.9747143201305,"standard_error":1.4681978517645666},"Median":{"confidence_interval":{"confidence_level":0.95,"lower_bound":303.73698676940415,"upper_bound":305.42837639630085},"point_estimate":304.67365546813556,"standard_error":0.4617930113855918},"MedianAbsDev":{"confidence_interval":{"confidence_level":0.95,"lower_bound":1.1365331332530688,"upper_bound":3.385383748586942},"point_estimate":2.1047775993079796,"standard_error":0.5856283920707166},"Slope":{"confidence_interval":{"confidence_level":0.95,"lower_bound":302.9700626010545,"upper_bound":304.4019804232854},"point_estimate":303.64930275937394,"standard_error":0.3650713823790619},"StdDev":{"confidence_interval":{"confidence_level":0.95,"lower_bound":2.386469302157276,"upper_bound":13.153199565510828},"point_estimate":8.456622787442093,"standard_error":3.1738992598502045}}