{"Mean":{"confidence_interval":{"confidence_level":0.95,"lower_bound":16049.475093050529,"upper_bound":16853.971498495896},"point_estimate":16451.723295773212,"standard_error":211.47538329858446},"Median":{"confidence_interval":{"confidence_level":0.95,"lower_bound":15998.421965023199,"upper_bound":17093.31157905471},"point_estimate":16178.30393106613,"standard_error":410.4832666350867},"MedianAbsDev":{"confidence_interval":{"confidence_level":0.95,"lower_bound":0.0,"upper_bound":266.692998120502},"point_estimate":266.692998120502,"standard_error":106.44960437941062},"Slope":{"confidence_interval":{"confidence_level":0.95,"lower_bound":16112.017931591683,"upper_bound":17041.24733890639},"point_estimate":16705.229833644662,"standard_error":258.0297472966847},"StdDev":{"confidence_interval":{"confidence_level":0.95,"lower_bound":74.44253062015275,"upper_bound":586.1346450105657},"point_estimate":528.0505369422359,"standard_error":131.34121163469632}}