{"Mean":{"confidence_interval":{"confidence_level":0.95,"lower_bound":307.3078551621241,"upper_bound":314.89609821192226},"point_estimate":310.45736666772655,"standard_error":1.9813982280824824},"Median":{"confidence_interval":{"confidence_level":0.95,"lower_bound":306.93445556856346,"upper_bound":308.767775750478},"point_estimate":307.4092609011143,"standard_error":0.493309663508657},"MedianAbsDev":{"confidence_interval":{"confidence_level":0.95,"lower_bound":1.2691815524324817,"upper_bound":4.624585033812899},"point_estimate":2.3326555559381177,"standard_error":0.8139836037023302},"Slope":{"confidence_interval":{"confidence_level":0.95,"lower_bound":305.71124572001065,"upper_bound":307.64793941369953},"point_estimate":306.7086249341504,"standard_error":0.49496334771234624},"StdDev":{"confidence_interval":{"confidence_level":0.95,"lower_bound":2.7173758581679643,"upper_bound":17.663849998178875},"point_estimate":11.415130722883665,"standard_error":4.186608028278989}}