{"Mean":{"confidence_interval":{"confidence_level":0.95,"lower_bound":141.41863675529865,"upper_bound":144.53405587171324},"point_estimate":142.65968486239257,"standard_error":0.8232867308127215},"Median":{"confidence_interval":{"confidence_level":0.95,"lower_bound":141.1432643525938,"upper_bound":142.03758033065554},"point_estimate":141.52090734032444,"standard_error":0.21690300810491805},"MedianAbsDev":{"confidence_interval":{"confidence_level":0.95,"lower_bound":0.5067878429169067,"upper_bound":1.3034609980214853},"point_estimate":0.8203009068394378,"standard_error":0.20869160378626456},"Slope":{"confidence_interval":{"confidence_level":0.95,"lower_bound":141.2045154154831,"upper_bound":141.89295711720098},"point_estimate":141.50569203377,"standard_error":0.17651084880061266},"StdDev":{"confidence_interval":{"confidence_level":0.95,"lower_bound":0.9420811592560184,"upper_bound":7.57127165846604},"point_estimate":4.740661703527379,"standard_error":2.0001520520853107}}