{"Mean":{"confidence_interval":{"confidence_level":0.95,"lower_bound":-0.33161612053481365,"upper_bound":-0.25083713636922417},"point_estimate":-0.29227308759040793,"standard_error":0.020668846754184886},"Median":{"confidence_interval":{"confidence_level":0.95,"lower_bound":-0.37504902654383065,"upper_bound":-0.18960154779103713},"point_estimate":-0.24797484276489679,"standard_error":0.062137319050641106}}