{"Mean":{"confidence_interval":{"confidence_level":0.95,"lower_bound":0.015670436499048986,"upper_bound":0.05154891350795787},"point_estimate":0.03305502267587479,"standard_error":0.009098074775561793},"Median":{"confidence_interval":{"confidence_level":0.95,"lower_bound":0.007241326316649088,"upper_bound":0.06702909810959046},"point_estimate":0.03862173262532176,"standard_error":0.012452133364493093}}