{"Mean":{"confidence_interval":{"confidence_level":0.95,"lower_bound":2369612.6050440003,"upper_bound":2962068.293851629},"point_estimate":2633038.2234056857,"standard_error":153723.3649803107},"Median":{"confidence_interval":{"confidence_level":0.95,"lower_bound":2230028.731111111,"upper_bound":2420385.34},"point_estimate":2275491.3005928854,"standard_error":47049.94376532232},"MedianAbsDev":{"confidence_interval":{"confidence_level":0.95,"lower_bound":34986.81301335952,"upper_bound":256014.74652849624},"point_estimate":97117.91347629795,"standard_error":57603.04465472091},"Slope":{"confidence_interval":{"confidence_level":0.95,"lower_bound":2462812.334105296,"upper_bound":3451481.7499111085},"point_estimate":2917189.0072902096,"standard_error":256921.83379383397},"StdDev":{"confidence_interval":{"confidence_level":0.95,"lower_bound":406695.6625375062,"upper_bound":1190140.0113925268},"point_estimate":881662.4968793456,"standard_error":207192.8203643073}}