{"Mean":{"confidence_interval":{"confidence_level":0.95,"lower_bound":-0.3942509571006077,"upper_bound":-0.3293537192986852},"point_estimate":-0.36387128401239577,"standard_error":0.01660623709952893},"Median":{"confidence_interval":{"confidence_level":0.95,"lower_bound":-0.40284379829278605,"upper_bound":-0.34429107638338485},"point_estimate":-0.38524177652556746,"standard_error":0.016165337136097323}}